2026-01-30 16:16:56,262 [INFO] 开始训练被试 0...
2026-01-30 16:17:03,468 [INFO] 被试 0 训练完成并保存。Final Test Loss: 0.239303
2026-01-30 16:17:03,470 [INFO] 所有预定训练任务已结束。
2026-01-30 16:18:00,471 [INFO] 被试 0 已有训练好的模型，跳过。
2026-01-30 16:18:00,472 [INFO] 开始训练被试 1...
2026-01-30 16:18:03,521 [INFO] 被试 1 训练完成并保存。Final Test Loss: 2.767792
2026-01-30 16:18:03,523 [INFO] 所有预定训练任务已结束。
2026-01-30 16:18:11,018 [INFO] 被试 0 已有训练好的模型，跳过。
2026-01-30 16:18:11,019 [INFO] 被试 1 已有训练好的模型，跳过。
2026-01-30 16:18:11,019 [INFO] 开始训练被试 2...
2026-01-30 16:18:14,074 [INFO] 被试 2 训练完成并保存。Final Test Loss: 4.820319
2026-01-30 16:18:14,075 [INFO] 开始训练被试 3...
2026-01-30 16:18:17,005 [INFO] 被试 3 训练完成并保存。Final Test Loss: 4.085911
2026-01-30 16:18:17,008 [INFO] 开始训练被试 4...
2026-01-30 16:18:19,924 [INFO] 被试 4 训练完成并保存。Final Test Loss: 7.402676
2026-01-30 16:18:19,925 [INFO] 所有预定训练任务已结束。
2026-01-30 18:12:36,621 [INFO] Skipping Subject 0: Model already exists.
2026-01-30 18:12:36,622 [INFO] Skipping Subject 1: Model already exists.
2026-01-30 18:12:36,622 [INFO] Skipping Subject 2: Model already exists.
2026-01-30 18:12:36,623 [INFO] Skipping Subject 3: Model already exists.
2026-01-30 18:12:36,624 [INFO] Skipping Subject 4: Model already exists.
2026-01-30 18:12:36,624 [INFO] Starting Subject 5...
2026-01-30 18:12:41,803 [INFO] 被试 5 训练完成并保存。Final Test Loss: 0.421385
2026-01-30 18:12:41,805 [INFO] Starting Subject 6...
2026-01-30 18:12:44,935 [INFO] 被试 6 训练完成并保存。Final Test Loss: 2.228847
2026-01-30 18:12:44,937 [INFO] Starting Subject 7...
2026-01-30 18:12:48,068 [INFO] 被试 7 训练完成并保存。Final Test Loss: 2.651368
2026-01-30 18:12:48,069 [INFO] Starting Subject 8...
2026-01-30 18:12:51,269 [INFO] 被试 8 训练完成并保存。Final Test Loss: 5.690776
2026-01-30 18:12:51,271 [INFO] Starting Subject 9...
2026-01-30 18:12:54,475 [INFO] 被试 9 训练完成并保存。Final Test Loss: 3.645752
2026-01-30 18:12:54,476 [INFO] Starting Subject 10...
2026-01-30 18:12:57,673 [INFO] 被试 10 训练完成并保存。Final Test Loss: 3.845188
2026-01-30 18:12:57,674 [INFO] Starting Subject 11...
2026-01-30 18:13:00,819 [INFO] 被试 11 训练完成并保存。Final Test Loss: 3.351841
2026-01-30 18:13:00,821 [INFO] Starting Subject 12...
2026-01-30 18:13:03,996 [INFO] 被试 12 训练完成并保存。Final Test Loss: 6.109914
2026-01-30 18:13:03,997 [INFO] Starting Subject 13...
2026-01-30 18:13:07,182 [INFO] 被试 13 训练完成并保存。Final Test Loss: 4.700896
2026-01-30 18:13:07,184 [INFO] Starting Subject 14...
2026-01-30 18:13:10,394 [INFO] 被试 14 训练完成并保存。Final Test Loss: 6.666914
2026-01-30 18:13:10,396 [INFO] Starting Subject 15...
2026-01-30 18:13:13,584 [INFO] 被试 15 训练完成并保存。Final Test Loss: 6.007728
2026-01-30 18:13:13,586 [INFO] Starting Subject 16...
2026-01-30 18:13:16,775 [INFO] 被试 16 训练完成并保存。Final Test Loss: 3.921427
2026-01-30 18:13:16,777 [INFO] Starting Subject 17...
2026-01-30 18:13:19,951 [INFO] 被试 17 训练完成并保存。Final Test Loss: 6.422393
2026-01-30 18:13:19,953 [INFO] Starting Subject 18...
2026-01-30 18:13:23,100 [INFO] 被试 18 训练完成并保存。Final Test Loss: 6.429278
2026-01-30 18:13:23,102 [INFO] Starting Subject 19...
2026-01-30 18:13:26,258 [INFO] 被试 19 训练完成并保存。Final Test Loss: 13.872117
2026-01-30 18:13:26,260 [INFO] Starting Subject 20...
2026-01-30 18:13:29,447 [INFO] 被试 20 训练完成并保存。Final Test Loss: 0.982066
2026-01-30 18:13:29,448 [INFO] Starting Subject 21...
2026-01-30 18:13:32,636 [INFO] 被试 21 训练完成并保存。Final Test Loss: 4.528478
2026-01-30 18:13:32,638 [INFO] Starting Subject 22...
2026-01-30 18:13:35,799 [INFO] 被试 22 训练完成并保存。Final Test Loss: 5.290783
2026-01-30 18:13:35,800 [INFO] Starting Subject 23...
2026-01-30 18:13:39,030 [INFO] 被试 23 训练完成并保存。Final Test Loss: 7.789042
2026-01-30 18:13:39,031 [INFO] Starting Subject 24...
2026-01-30 18:13:42,205 [INFO] 被试 24 训练完成并保存。Final Test Loss: 6.545723
2026-01-30 18:13:42,206 [INFO] Starting Subject 25...
2026-01-30 18:13:45,348 [INFO] 被试 25 训练完成并保存。Final Test Loss: 6.675721
2026-01-30 18:13:45,349 [INFO] Starting Subject 26...
2026-01-30 18:13:48,485 [INFO] 被试 26 训练完成并保存。Final Test Loss: 5.788886
2026-01-30 18:13:48,487 [INFO] Starting Subject 27...
2026-01-30 18:13:51,670 [INFO] 被试 27 训练完成并保存。Final Test Loss: 4.480308
2026-01-30 18:13:51,672 [INFO] Starting Subject 28...
2026-01-30 18:13:55,233 [INFO] 被试 28 训练完成并保存。Final Test Loss: 19.862108
2026-01-30 18:13:55,236 [INFO] Starting Subject 29...
2026-01-30 18:13:58,980 [INFO] 被试 29 训练完成并保存。Final Test Loss: 10.535136
2026-01-30 18:13:58,982 [INFO] Starting Subject 30...
2026-01-30 18:14:02,867 [INFO] 被试 30 训练完成并保存。Final Test Loss: 7.597358
2026-01-30 18:14:02,869 [INFO] Starting Subject 31...
2026-01-30 18:14:06,732 [INFO] 被试 31 训练完成并保存。Final Test Loss: 6.742159
2026-01-30 18:14:06,734 [INFO] Starting Subject 32...
2026-01-30 18:14:10,616 [INFO] 被试 32 训练完成并保存。Final Test Loss: 4.754122
2026-01-30 18:14:10,617 [INFO] Starting Subject 33...
2026-01-30 18:14:14,537 [INFO] 被试 33 训练完成并保存。Final Test Loss: 6.863504
2026-01-30 18:14:14,538 [INFO] Starting Subject 34...
2026-01-30 18:14:18,473 [INFO] 被试 34 训练完成并保存。Final Test Loss: 5.277505
2026-01-30 18:14:18,475 [INFO] Starting Subject 35...
2026-01-30 18:14:22,345 [INFO] 被试 35 训练完成并保存。Final Test Loss: 6.389900
2026-01-30 18:14:22,347 [INFO] Starting Subject 36...
2026-01-30 18:14:26,244 [INFO] 被试 36 训练完成并保存。Final Test Loss: 10.157062
2026-01-30 18:14:26,246 [INFO] Starting Subject 37...
2026-01-30 18:14:30,124 [INFO] 被试 37 训练完成并保存。Final Test Loss: 8.813479
2026-01-30 18:14:30,126 [INFO] Starting Subject 38...
2026-01-30 18:14:34,012 [INFO] 被试 38 训练完成并保存。Final Test Loss: 3.473962
2026-01-30 18:14:34,014 [INFO] Starting Subject 39...
2026-01-30 18:14:37,891 [INFO] 被试 39 训练完成并保存。Final Test Loss: 5.122533
2026-01-30 18:14:37,892 [INFO] Starting Subject 40...
2026-01-30 18:14:41,763 [INFO] 被试 40 训练完成并保存。Final Test Loss: 5.399106
2026-01-30 18:14:41,764 [INFO] Starting Subject 41...
2026-01-30 18:14:45,636 [INFO] 被试 41 训练完成并保存。Final Test Loss: 8.024466
2026-01-30 18:14:45,638 [INFO] Starting Subject 42...
2026-01-30 18:14:49,542 [INFO] 被试 42 训练完成并保存。Final Test Loss: 0.265340
2026-01-30 18:14:49,543 [INFO] Starting Subject 43...
2026-01-30 18:14:53,428 [INFO] 被试 43 训练完成并保存。Final Test Loss: 4.615012
2026-01-30 18:14:53,429 [INFO] Starting Subject 44...
2026-01-30 18:14:57,318 [INFO] 被试 44 训练完成并保存。Final Test Loss: 5.904752
2026-01-30 18:14:57,320 [INFO] Starting Subject 45...
2026-01-30 18:15:01,201 [INFO] 被试 45 训练完成并保存。Final Test Loss: 9.166836
2026-01-30 18:15:01,203 [INFO] Starting Subject 46...
2026-01-30 18:15:05,085 [INFO] 被试 46 训练完成并保存。Final Test Loss: 0.252761
2026-01-30 18:15:05,087 [INFO] Starting Subject 47...
2026-01-30 18:15:08,981 [INFO] 被试 47 训练完成并保存。Final Test Loss: 6.449081
2026-01-30 18:15:08,982 [INFO] Starting Subject 48...
2026-01-30 18:15:12,868 [INFO] 被试 48 训练完成并保存。Final Test Loss: 4.701382
2026-01-30 18:15:12,870 [INFO] Starting Subject 49...
2026-01-30 18:15:16,746 [INFO] 被试 49 训练完成并保存。Final Test Loss: 4.965903
2026-01-30 18:15:16,747 [INFO] Starting Subject 50...
2026-01-30 18:15:20,624 [INFO] 被试 50 训练完成并保存。Final Test Loss: 3.923467
2026-01-30 18:15:20,626 [INFO] Starting Subject 51...
2026-01-30 18:15:24,510 [INFO] 被试 51 训练完成并保存。Final Test Loss: 6.314179
2026-01-30 18:15:24,511 [INFO] Starting Subject 52...
2026-01-30 18:15:28,396 [INFO] 被试 52 训练完成并保存。Final Test Loss: 0.362781
2026-01-30 18:15:28,398 [INFO] Starting Subject 53...
2026-01-30 18:15:32,274 [INFO] 被试 53 训练完成并保存。Final Test Loss: 8.455153
2026-01-30 18:15:32,275 [INFO] Starting Subject 54...
2026-01-30 18:15:36,163 [INFO] 被试 54 训练完成并保存。Final Test Loss: 7.498926
2026-01-30 18:15:36,164 [INFO] Starting Subject 55...
2026-01-30 18:15:40,045 [INFO] 被试 55 训练完成并保存。Final Test Loss: 4.740269
2026-01-30 18:15:40,047 [INFO] Starting Subject 56...
2026-01-30 18:15:43,924 [INFO] 被试 56 训练完成并保存。Final Test Loss: 5.591328
2026-01-30 18:15:43,926 [INFO] Starting Subject 57...
2026-01-30 18:15:47,799 [INFO] 被试 57 训练完成并保存。Final Test Loss: 10.760448
2026-01-30 18:15:47,800 [INFO] Starting Subject 58...
2026-01-30 18:15:51,672 [INFO] 被试 58 训练完成并保存。Final Test Loss: 8.087039
2026-01-30 18:15:51,673 [INFO] Starting Subject 59...
2026-01-30 18:15:55,557 [INFO] 被试 59 训练完成并保存。Final Test Loss: 4.504955
2026-01-30 18:15:55,559 [INFO] Starting Subject 60...
2026-01-30 18:15:59,454 [INFO] 被试 60 训练完成并保存。Final Test Loss: 4.367812
2026-01-30 18:15:59,456 [INFO] Starting Subject 61...
2026-01-30 18:16:03,333 [INFO] 被试 61 训练完成并保存。Final Test Loss: 5.602189
2026-01-30 18:16:03,334 [INFO] Starting Subject 62...
2026-01-30 18:16:07,211 [INFO] 被试 62 训练完成并保存。Final Test Loss: 39.923878
2026-01-30 18:16:07,212 [INFO] Starting Subject 63...
2026-01-30 18:16:11,090 [INFO] 被试 63 训练完成并保存。Final Test Loss: 3.339966
2026-01-30 18:16:11,092 [INFO] Starting Subject 64...
2026-01-30 18:16:14,978 [INFO] 被试 64 训练完成并保存。Final Test Loss: 5.714645
2026-01-30 18:16:14,980 [INFO] Starting Subject 65...
2026-01-30 18:16:18,853 [INFO] 被试 65 训练完成并保存。Final Test Loss: 5.044416
2026-01-30 18:16:18,856 [INFO] Starting Subject 66...
2026-01-30 18:16:22,722 [INFO] 被试 66 训练完成并保存。Final Test Loss: 6.997881
2026-01-30 18:16:22,724 [INFO] Starting Subject 67...
2026-01-30 18:16:26,612 [INFO] 被试 67 训练完成并保存。Final Test Loss: 11.077436
2026-01-30 18:16:26,613 [INFO] Starting Subject 68...
2026-01-30 18:16:30,494 [INFO] 被试 68 训练完成并保存。Final Test Loss: 5.218362
2026-01-30 18:16:30,496 [INFO] Starting Subject 69...
2026-01-30 18:16:34,371 [INFO] 被试 69 训练完成并保存。Final Test Loss: 6.620051
2026-01-30 18:16:34,373 [INFO] Starting Subject 70...
2026-01-30 18:16:38,249 [INFO] 被试 70 训练完成并保存。Final Test Loss: 3.959121
2026-01-30 18:16:38,251 [INFO] Starting Subject 71...
2026-01-30 18:16:42,131 [INFO] 被试 71 训练完成并保存。Final Test Loss: 5.725593
2026-01-30 18:16:42,133 [INFO] Starting Subject 72...
2026-01-30 18:16:46,008 [INFO] 被试 72 训练完成并保存。Final Test Loss: 0.197270
2026-01-30 18:16:46,010 [INFO] Starting Subject 73...
2026-01-30 18:16:49,885 [INFO] 被试 73 训练完成并保存。Final Test Loss: 4.596483
2026-01-30 18:16:49,887 [INFO] Starting Subject 74...
2026-01-30 18:16:53,772 [INFO] 被试 74 训练完成并保存。Final Test Loss: 5.942556
2026-01-30 18:16:53,774 [INFO] Starting Subject 75...
2026-01-30 18:16:57,670 [INFO] 被试 75 训练完成并保存。Final Test Loss: 0.254991
2026-01-30 18:16:57,672 [INFO] Starting Subject 76...
2026-01-30 18:17:01,550 [INFO] 被试 76 训练完成并保存。Final Test Loss: 3.825269
2026-01-30 18:17:01,551 [INFO] Starting Subject 77...
2026-01-30 18:17:05,425 [INFO] 被试 77 训练完成并保存。Final Test Loss: 18.684298
2026-01-30 18:17:05,427 [INFO] Starting Subject 78...
2026-01-30 18:17:09,286 [INFO] 被试 78 训练完成并保存。Final Test Loss: 6.771584
2026-01-30 18:17:09,287 [INFO] Starting Subject 79...
2026-01-30 18:17:13,160 [INFO] 被试 79 训练完成并保存。Final Test Loss: 3.174800
2026-01-30 18:17:13,161 [INFO] Starting Subject 80...
2026-01-30 18:17:17,033 [INFO] 被试 80 训练完成并保存。Final Test Loss: 3.691592
2026-01-30 18:17:17,035 [INFO] Starting Subject 81...
2026-01-30 18:17:20,899 [INFO] 被试 81 训练完成并保存。Final Test Loss: 6.243054
2026-01-30 18:17:20,901 [INFO] Starting Subject 82...
2026-01-30 18:17:24,765 [INFO] 被试 82 训练完成并保存。Final Test Loss: 18.977591
2026-01-30 18:17:24,766 [INFO] Starting Subject 83...
2026-01-30 18:17:28,637 [INFO] 被试 83 训练完成并保存。Final Test Loss: 6.024645
2026-01-30 18:17:28,639 [INFO] Starting Subject 84...
2026-01-30 18:17:32,517 [INFO] 被试 84 训练完成并保存。Final Test Loss: 4.435249
2026-01-30 18:17:32,518 [INFO] Starting Subject 85...
2026-01-30 18:17:36,413 [INFO] 被试 85 训练完成并保存。Final Test Loss: 5.381804
2026-01-30 18:17:36,413 [INFO] Starting Subject 86...
2026-01-30 18:17:40,289 [INFO] 被试 86 训练完成并保存。Final Test Loss: 3.434425
2026-01-30 18:17:40,291 [INFO] Starting Subject 87...
2026-01-30 18:17:44,171 [INFO] 被试 87 训练完成并保存。Final Test Loss: 2.792345
2026-01-30 18:17:44,173 [INFO] Starting Subject 88...
2026-01-30 18:17:48,050 [INFO] 被试 88 训练完成并保存。Final Test Loss: 3.389246
2026-01-30 18:17:48,051 [INFO] Starting Subject 89...
2026-01-30 18:17:51,931 [INFO] 被试 89 训练完成并保存。Final Test Loss: 4.339935
2026-01-30 18:17:51,932 [INFO] Starting Subject 90...
2026-01-30 18:17:55,816 [INFO] 被试 90 训练完成并保存。Final Test Loss: 6.634830
2026-01-30 18:17:55,817 [INFO] Starting Subject 91...
2026-01-30 18:17:59,712 [INFO] 被试 91 训练完成并保存。Final Test Loss: 4.705733
2026-01-30 18:17:59,714 [INFO] Starting Subject 92...
2026-01-30 18:18:03,606 [INFO] 被试 92 训练完成并保存。Final Test Loss: 2.000734
2026-01-30 18:18:03,607 [INFO] Starting Subject 93...
2026-01-30 18:18:07,488 [INFO] 被试 93 训练完成并保存。Final Test Loss: 3.626586
2026-01-30 18:18:07,489 [INFO] Starting Subject 94...
2026-01-30 18:18:11,380 [INFO] 被试 94 训练完成并保存。Final Test Loss: 2.431746
2026-01-30 18:18:11,382 [INFO] Starting Subject 95...
2026-01-30 18:18:15,269 [INFO] 被试 95 训练完成并保存。Final Test Loss: 6.984215
2026-01-30 18:18:15,271 [INFO] Starting Subject 96...
2026-01-30 18:18:19,149 [INFO] 被试 96 训练完成并保存。Final Test Loss: 6.319355
2026-01-30 18:18:19,151 [INFO] Starting Subject 97...
2026-01-30 18:18:23,016 [INFO] 被试 97 训练完成并保存。Final Test Loss: 7.894503
2026-01-30 18:18:23,018 [INFO] Starting Subject 98...
2026-01-30 18:18:26,895 [INFO] 被试 98 训练完成并保存。Final Test Loss: 4.275420
2026-01-30 18:18:26,896 [INFO] Starting Subject 99...
2026-01-30 18:18:30,777 [INFO] 被试 99 训练完成并保存。Final Test Loss: 6.452484
2026-01-30 18:18:30,779 [INFO] Starting Subject 100...
2026-01-30 18:18:34,653 [INFO] 被试 100 训练完成并保存。Final Test Loss: 6.503701
2026-01-30 18:18:34,655 [INFO] Starting Subject 101...
2026-01-30 18:18:38,529 [INFO] 被试 101 训练完成并保存。Final Test Loss: 6.634709
2026-01-30 18:18:38,531 [INFO] Starting Subject 102...
2026-01-30 18:18:42,406 [INFO] 被试 102 训练完成并保存。Final Test Loss: 5.360521
2026-01-30 18:18:42,408 [INFO] Starting Subject 103...
2026-01-30 18:18:46,292 [INFO] 被试 103 训练完成并保存。Final Test Loss: 6.127406
2026-01-30 18:18:46,294 [INFO] Starting Subject 104...
2026-01-30 18:18:50,171 [INFO] 被试 104 训练完成并保存。Final Test Loss: 5.513157
2026-01-30 18:18:50,173 [INFO] Starting Subject 105...
2026-01-30 18:18:54,046 [INFO] 被试 105 训练完成并保存。Final Test Loss: 7.174472
2026-01-30 18:18:54,047 [INFO] Starting Subject 106...
2026-01-30 18:18:57,934 [INFO] 被试 106 训练完成并保存。Final Test Loss: 5.346214
2026-01-30 18:18:57,935 [INFO] Starting Subject 107...
2026-01-30 18:19:01,839 [INFO] 被试 107 训练完成并保存。Final Test Loss: 4.338769
2026-01-30 18:19:01,841 [INFO] Starting Subject 108...
2026-01-30 18:19:05,701 [INFO] 被试 108 训练完成并保存。Final Test Loss: 6.742700
2026-01-30 18:19:05,702 [INFO] Starting Subject 109...
2026-01-30 18:19:09,574 [INFO] 被试 109 训练完成并保存。Final Test Loss: 5.716364
2026-01-30 18:19:09,576 [INFO] Starting Subject 110...
2026-01-30 18:19:13,446 [INFO] 被试 110 训练完成并保存。Final Test Loss: 4.717555
2026-01-30 18:19:13,448 [INFO] Starting Subject 111...
2026-01-30 18:19:17,320 [INFO] 被试 111 训练完成并保存。Final Test Loss: 6.191600
2026-01-30 18:19:17,322 [INFO] Starting Subject 112...
2026-01-30 18:19:21,209 [INFO] 被试 112 训练完成并保存。Final Test Loss: 5.762848
2026-01-30 18:19:21,211 [INFO] Starting Subject 113...
2026-01-30 18:19:25,099 [INFO] 被试 113 训练完成并保存。Final Test Loss: 5.573133
2026-01-30 18:19:25,100 [INFO] Starting Subject 114...
2026-01-30 18:19:28,978 [INFO] 被试 114 训练完成并保存。Final Test Loss: 9.861313
2026-01-30 18:19:28,980 [INFO] Starting Subject 115...
2026-01-30 18:19:32,856 [INFO] 被试 115 训练完成并保存。Final Test Loss: 5.885240
2026-01-30 18:19:32,858 [INFO] Starting Subject 116...
2026-01-30 18:19:36,723 [INFO] 被试 116 训练完成并保存。Final Test Loss: 2.919646
2026-01-30 18:19:36,724 [INFO] Starting Subject 117...
2026-01-30 18:19:40,611 [INFO] 被试 117 训练完成并保存。Final Test Loss: 10.168564
2026-01-30 18:19:40,612 [INFO] Starting Subject 118...
2026-01-30 18:19:44,486 [INFO] 被试 118 训练完成并保存。Final Test Loss: 5.680296
2026-01-30 18:19:44,488 [INFO] Starting Subject 119...
2026-01-30 18:19:48,359 [INFO] 被试 119 训练完成并保存。Final Test Loss: 2.368248
2026-01-30 18:19:48,361 [INFO] Starting Subject 120...
2026-01-30 18:19:52,236 [INFO] 被试 120 训练完成并保存。Final Test Loss: 3.619431
2026-01-30 18:19:52,238 [INFO] Starting Subject 121...
2026-01-30 18:19:56,123 [INFO] 被试 121 训练完成并保存。Final Test Loss: 3.454561
2026-01-30 18:19:56,124 [INFO] Starting Subject 122...
2026-01-30 18:20:00,015 [INFO] 被试 122 训练完成并保存。Final Test Loss: 4.390347
2026-01-30 18:20:00,017 [INFO] Starting Subject 123...
2026-01-30 18:20:03,900 [INFO] 被试 123 训练完成并保存。Final Test Loss: 5.566817
2026-01-30 18:20:03,901 [INFO] Starting Subject 124...
2026-01-30 18:20:07,788 [INFO] 被试 124 训练完成并保存。Final Test Loss: 3.437512
2026-01-30 18:20:07,790 [INFO] Starting Subject 125...
2026-01-30 18:20:11,661 [INFO] 被试 125 训练完成并保存。Final Test Loss: 5.346645
2026-01-30 18:20:11,662 [INFO] Starting Subject 126...
2026-01-30 18:20:15,548 [INFO] 被试 126 训练完成并保存。Final Test Loss: 3.812871
2026-01-30 18:20:15,549 [INFO] Starting Subject 127...
2026-01-30 18:20:19,435 [INFO] 被试 127 训练完成并保存。Final Test Loss: 5.982834
2026-01-30 18:20:19,437 [INFO] Starting Subject 128...
2026-01-30 18:20:23,307 [INFO] 被试 128 训练完成并保存。Final Test Loss: 4.168805
2026-01-30 18:20:23,309 [INFO] Starting Subject 129...
2026-01-30 18:20:27,182 [INFO] 被试 129 训练完成并保存。Final Test Loss: 3.506400
2026-01-30 18:20:27,183 [INFO] Starting Subject 130...
2026-01-30 18:20:31,076 [INFO] 被试 130 训练完成并保存。Final Test Loss: 5.469547
2026-01-30 18:20:31,078 [INFO] Starting Subject 131...
2026-01-30 18:20:34,954 [INFO] 被试 131 训练完成并保存。Final Test Loss: 6.528037
2026-01-30 18:20:34,956 [INFO] Starting Subject 132...
2026-01-30 18:20:38,837 [INFO] 被试 132 训练完成并保存。Final Test Loss: 4.132460
2026-01-30 18:20:38,839 [INFO] Starting Subject 133...
2026-01-30 18:20:42,735 [INFO] 被试 133 训练完成并保存。Final Test Loss: 7.232961
2026-01-30 18:20:42,737 [INFO] Starting Subject 134...
2026-01-30 18:20:46,611 [INFO] 被试 134 训练完成并保存。Final Test Loss: 5.325653
2026-01-30 18:20:46,612 [INFO] Starting Subject 135...
2026-01-30 18:20:50,493 [INFO] 被试 135 训练完成并保存。Final Test Loss: 4.778684
2026-01-30 18:20:50,495 [INFO] Starting Subject 136...
2026-01-30 18:20:54,382 [INFO] 被试 136 训练完成并保存。Final Test Loss: 4.192534
2026-01-30 18:20:54,385 [INFO] Starting Subject 137...
2026-01-30 18:20:58,273 [INFO] 被试 137 训练完成并保存。Final Test Loss: 4.842173
2026-01-30 18:20:58,275 [INFO] Starting Subject 138...
2026-01-30 18:21:02,147 [INFO] 被试 138 训练完成并保存。Final Test Loss: 5.701873
2026-01-30 18:21:02,148 [INFO] Starting Subject 139...
2026-01-30 18:21:06,168 [INFO] 被试 139 训练完成并保存。Final Test Loss: 4.851629
2026-01-30 18:21:06,169 [INFO] Starting Subject 140...
2026-01-30 18:21:10,124 [INFO] 被试 140 训练完成并保存。Final Test Loss: 8.106887
2026-01-30 18:21:10,126 [INFO] Starting Subject 141...
2026-01-30 18:21:14,142 [INFO] 被试 141 训练完成并保存。Final Test Loss: 11.755849
2026-01-30 18:21:14,144 [INFO] Starting Subject 142...
2026-01-30 18:21:18,073 [INFO] 被试 142 训练完成并保存。Final Test Loss: 5.624016
2026-01-30 18:21:18,075 [INFO] Starting Subject 143...
2026-01-30 18:21:22,039 [INFO] 被试 143 训练完成并保存。Final Test Loss: 9.264155
2026-01-30 18:21:22,041 [INFO] Starting Subject 144...
2026-01-30 18:21:26,087 [INFO] 被试 144 训练完成并保存。Final Test Loss: 6.994013
2026-01-30 18:21:26,089 [INFO] Starting Subject 145...
2026-01-30 18:21:30,135 [INFO] 被试 145 训练完成并保存。Final Test Loss: 7.290473
2026-01-30 18:21:30,138 [INFO] Starting Subject 146...
2026-01-30 18:21:34,184 [INFO] 被试 146 训练完成并保存。Final Test Loss: 6.544852
2026-01-30 18:21:34,186 [INFO] Starting Subject 147...
2026-01-30 18:21:38,218 [INFO] 被试 147 训练完成并保存。Final Test Loss: 2.127723
2026-01-30 18:21:38,220 [INFO] Starting Subject 148...
2026-01-30 18:21:42,195 [INFO] 被试 148 训练完成并保存。Final Test Loss: 1.690384
2026-01-30 18:21:42,196 [INFO] Starting Subject 149...
2026-01-30 18:21:46,176 [INFO] 被试 149 训练完成并保存。Final Test Loss: 4.181844
2026-01-30 18:21:46,177 [INFO] Starting Subject 150...
2026-01-30 18:21:50,060 [INFO] 被试 150 训练完成并保存。Final Test Loss: 3.579655
2026-01-30 18:21:50,062 [INFO] Starting Subject 151...
2026-01-30 18:21:53,925 [INFO] 被试 151 训练完成并保存。Final Test Loss: 5.726221
2026-01-30 18:21:53,927 [INFO] Starting Subject 152...
2026-01-30 18:21:57,827 [INFO] 被试 152 训练完成并保存。Final Test Loss: 2.639581
2026-01-30 18:21:57,828 [INFO] Starting Subject 153...
2026-01-30 18:22:02,258 [INFO] 被试 153 训练完成并保存。Final Test Loss: 6.247433
2026-01-30 18:22:02,259 [INFO] Starting Subject 154...
2026-01-30 18:22:05,786 [INFO] 被试 154 训练完成并保存。Final Test Loss: 4.105860
2026-01-30 18:22:05,788 [INFO] Starting Subject 155...
2026-01-30 18:22:08,706 [INFO] 被试 155 训练完成并保存。Final Test Loss: 4.663059
2026-01-30 18:22:08,708 [INFO] Starting Subject 156...
2026-01-30 18:22:11,625 [INFO] 被试 156 训练完成并保存。Final Test Loss: 4.027911
2026-01-30 18:22:11,626 [INFO] Starting Subject 157...
2026-01-30 18:22:14,555 [INFO] 被试 157 训练完成并保存。Final Test Loss: 6.876083
2026-01-30 18:22:14,557 [INFO] Starting Subject 158...
2026-01-30 18:22:17,491 [INFO] 被试 158 训练完成并保存。Final Test Loss: 4.496510
2026-01-30 18:22:17,493 [INFO] Starting Subject 159...
2026-01-30 18:22:20,457 [INFO] 被试 159 训练完成并保存。Final Test Loss: 4.311271
2026-01-30 18:22:20,459 [INFO] Starting Subject 160...
2026-01-30 18:22:23,383 [INFO] 被试 160 训练完成并保存。Final Test Loss: 3.944834
2026-01-30 18:22:23,384 [INFO] Starting Subject 161...
2026-01-30 18:22:26,310 [INFO] 被试 161 训练完成并保存。Final Test Loss: 8.939383
2026-01-30 18:22:26,311 [INFO] Starting Subject 162...
2026-01-30 18:22:29,252 [INFO] 被试 162 训练完成并保存。Final Test Loss: 4.488923
2026-01-30 18:22:29,254 [INFO] Starting Subject 163...
2026-01-30 18:22:32,888 [INFO] 被试 163 训练完成并保存。Final Test Loss: 4.894885
2026-01-30 18:22:32,890 [INFO] Starting Subject 164...
2026-01-30 18:22:35,899 [INFO] 被试 164 训练完成并保存。Final Test Loss: 5.987098
2026-01-30 18:22:35,900 [INFO] Starting Subject 165...
2026-01-30 18:22:38,873 [INFO] 被试 165 训练完成并保存。Final Test Loss: 6.516985
2026-01-30 18:22:38,874 [INFO] Starting Subject 166...
2026-01-30 18:22:41,815 [INFO] 被试 166 训练完成并保存。Final Test Loss: 5.984353
2026-01-30 18:22:41,816 [INFO] Starting Subject 167...
2026-01-30 18:22:44,743 [INFO] 被试 167 训练完成并保存。Final Test Loss: 3.940214
2026-01-30 18:22:44,745 [INFO] Starting Subject 168...
2026-01-30 18:22:47,679 [INFO] 被试 168 训练完成并保存。Final Test Loss: 7.513239
2026-01-30 18:22:47,680 [INFO] Starting Subject 169...
2026-01-30 18:22:50,620 [INFO] 被试 169 训练完成并保存。Final Test Loss: 6.175313
2026-01-30 18:22:50,622 [INFO] Starting Subject 170...
2026-01-30 18:22:53,551 [INFO] 被试 170 训练完成并保存。Final Test Loss: 5.469050
2026-01-30 18:22:53,553 [INFO] Starting Subject 171...
2026-01-30 18:22:56,838 [INFO] 被试 171 训练完成并保存。Final Test Loss: 12.039831
2026-01-30 18:22:56,840 [INFO] Starting Subject 172...
2026-01-30 18:22:59,784 [INFO] 被试 172 训练完成并保存。Final Test Loss: 8.531832
2026-01-30 18:22:59,786 [INFO] Starting Subject 173...
2026-01-30 18:23:02,699 [INFO] 被试 173 训练完成并保存。Final Test Loss: 10.202753
2026-01-30 18:23:02,700 [INFO] Starting Subject 174...
2026-01-30 18:23:05,633 [INFO] 被试 174 训练完成并保存。Final Test Loss: 7.166009
2026-01-30 18:23:05,635 [INFO] Starting Subject 175...
2026-01-30 18:23:08,567 [INFO] 被试 175 训练完成并保存。Final Test Loss: 5.804943
2026-01-30 18:23:08,568 [INFO] Starting Subject 176...
2026-01-30 18:23:11,480 [INFO] 被试 176 训练完成并保存。Final Test Loss: 9.185646
2026-01-30 18:23:11,482 [INFO] 所有预定训练任务已结束。
2026-01-30 18:45:49,356 [INFO] Starting calculating the correlation result!
2026-01-30 18:47:53,095 [INFO] Starting calculating the correlation result!
2026-01-30 18:49:29,003 [INFO] Starting calculating the correlation result!
2026-01-30 18:50:04,147 [INFO] Starting calculating the correlation result!
2026-01-30 18:51:13,133 [INFO] Starting calculating the correlation result!
2026-01-30 18:51:16,831 [INFO] Sub 0 处理完成：r = 0.8717
2026-01-30 18:51:19,972 [INFO] Sub 1 处理完成：r = 0.6454
2026-01-30 18:51:50,204 [INFO] Starting calculating the correlation result!
2026-01-30 18:51:53,915 [INFO] Sub 0 处理完成：r = 0.8699
2026-01-30 18:51:56,981 [INFO] Sub 1 处理完成：r = 0.6450
2026-01-30 18:51:56,986 [INFO] 
统计结果已保存至: F:\NPI_results\NPI_Statistics_Summary.csv
2026-01-30 19:16:29,736 [INFO] Starting calculating the correlation result!
2026-01-30 19:16:51,475 [INFO] Starting calculating the correlation result!
2026-01-30 19:16:54,551 [INFO] Sub 0 Done. r = 0.8689, p = 0.00e+00
2026-01-30 19:16:57,361 [INFO] Sub 1 Done. r = 0.6522, p = 0.00e+00
2026-01-30 19:16:57,364 [INFO] 
统计结果已保存至: F:\NPI_results\NPI_Statistics_Summary.csv
2026-01-30 22:39:16,322 [INFO] Starting calculating the correlation result!
2026-01-30 22:39:19,605 [INFO] Sub 0 Done. r = 0.8679, p = 0.00e+00
2026-01-30 22:39:21,705 [INFO] Sub 1 Done. r = 0.6479, p = 0.00e+00
2026-01-30 22:39:21,711 [INFO] 
统计结果已保存至: F:\NPI_results\NPI_Statistics_Summary.csv
2026-01-30 22:43:37,066 [INFO] Starting calculating the correlation result!
2026-01-30 22:43:38,931 [INFO] Sub 0 EC already exists. Skipping calculation.
2026-01-30 22:43:38,932 [INFO] Sub 0 Done. r = 0.8701, p = 0.00e+00
2026-01-30 22:43:39,584 [INFO] Sub 1 EC already exists. Skipping calculation.
2026-01-30 22:43:39,585 [INFO] Sub 1 Done. r = 0.6472, p = 0.00e+00
2026-01-30 22:43:41,641 [INFO] Sub 2 Done. r = 0.5861, p = 0.00e+00
2026-01-30 22:43:43,715 [INFO] Sub 3 Done. r = 0.8002, p = 0.00e+00
2026-01-30 22:43:45,758 [INFO] Sub 4 Done. r = 0.5984, p = 0.00e+00
2026-01-30 22:43:47,788 [INFO] Sub 5 Done. r = 0.7139, p = 0.00e+00
2026-01-30 22:43:49,856 [INFO] Sub 6 Done. r = 0.7437, p = 0.00e+00
2026-01-30 22:43:51,903 [INFO] Sub 7 Done. r = 0.7128, p = 0.00e+00
2026-01-30 22:43:53,955 [INFO] Sub 8 Done. r = 0.6820, p = 0.00e+00
2026-01-30 22:43:56,047 [INFO] Sub 9 Done. r = 0.8230, p = 0.00e+00
2026-01-30 22:43:58,144 [INFO] Sub 10 Done. r = 0.6460, p = 0.00e+00
2026-01-30 22:44:00,184 [INFO] Sub 11 Done. r = 0.8577, p = 0.00e+00
2026-01-30 22:44:02,193 [INFO] Sub 12 Done. r = 0.8042, p = 0.00e+00
2026-01-30 22:44:04,202 [INFO] Sub 13 Done. r = 0.8411, p = 0.00e+00
2026-01-30 22:44:06,229 [INFO] Sub 14 Done. r = 0.6105, p = 0.00e+00
2026-01-30 22:44:08,283 [INFO] Sub 15 Done. r = 0.7589, p = 0.00e+00
2026-01-30 22:44:10,317 [INFO] Sub 16 Done. r = 0.8108, p = 0.00e+00
2026-01-30 22:44:12,360 [INFO] Sub 17 Done. r = 0.8428, p = 0.00e+00
2026-01-30 22:44:14,409 [INFO] Sub 18 Done. r = 0.7811, p = 0.00e+00
2026-01-30 22:44:16,462 [INFO] Sub 19 Done. r = 0.6337, p = 0.00e+00
2026-01-30 22:44:18,488 [INFO] Sub 20 Done. r = 0.2009, p = 0.00e+00
2026-01-30 22:44:20,520 [INFO] Sub 21 Done. r = 0.8454, p = 0.00e+00
2026-01-30 22:44:22,543 [INFO] Sub 22 Done. r = 0.7199, p = 0.00e+00
2026-01-30 22:44:24,562 [INFO] Sub 23 Done. r = 0.5454, p = 0.00e+00
2026-01-30 22:44:26,599 [INFO] Sub 24 Done. r = 0.6623, p = 0.00e+00
2026-01-30 22:44:28,658 [INFO] Sub 25 Done. r = 0.6917, p = 0.00e+00
2026-01-30 22:44:30,743 [INFO] Sub 26 Done. r = 0.7421, p = 0.00e+00
2026-01-30 22:44:32,767 [INFO] Sub 27 Done. r = 0.8428, p = 0.00e+00
2026-01-30 22:44:34,841 [INFO] Sub 28 Done. r = 0.6305, p = 0.00e+00
2026-01-30 22:44:36,890 [INFO] Sub 29 Done. r = 0.8541, p = 0.00e+00
2026-01-30 22:44:38,998 [INFO] Sub 30 Done. r = 0.8172, p = 0.00e+00
2026-01-30 22:44:41,032 [INFO] Sub 31 Done. r = 0.7006, p = 0.00e+00
2026-01-30 22:44:43,094 [INFO] Sub 32 Done. r = 0.5955, p = 0.00e+00
2026-01-30 22:44:45,167 [INFO] Sub 33 Done. r = 0.5572, p = 0.00e+00
2026-01-30 22:44:47,217 [INFO] Sub 34 Done. r = 0.7620, p = 0.00e+00
2026-01-30 22:44:49,275 [INFO] Sub 35 Done. r = 0.7371, p = 0.00e+00
2026-01-30 23:20:34,737 [INFO] Starting calculating the correlation result!
2026-01-30 23:21:38,345 [INFO] Starting calculating the correlation result!
2026-01-30 23:21:40,274 [INFO] Sub 0 EC already exists. Skipping calculation.
2026-01-30 23:21:40,275 [INFO] Sub 0 Done. r = 0.8641, p = 0.00e+00
2026-01-30 23:21:40,927 [INFO] Sub 1 EC already exists. Skipping calculation.
2026-01-30 23:21:40,927 [INFO] Sub 1 Done. r = 0.6515, p = 0.00e+00
2026-01-30 23:21:41,578 [INFO] Sub 2 EC already exists. Skipping calculation.
2026-01-30 23:21:41,579 [INFO] Sub 2 Done. r = 0.5973, p = 0.00e+00
2026-01-30 23:21:42,229 [INFO] Sub 3 EC already exists. Skipping calculation.
2026-01-30 23:21:42,229 [INFO] Sub 3 Done. r = 0.7976, p = 0.00e+00
2026-01-30 23:21:42,873 [INFO] Sub 4 EC already exists. Skipping calculation.
2026-01-30 23:21:42,874 [INFO] Sub 4 Done. r = 0.5922, p = 0.00e+00
2026-01-30 23:21:43,520 [INFO] Sub 5 EC already exists. Skipping calculation.
2026-01-30 23:21:43,521 [INFO] Sub 5 Done. r = 0.6848, p = 0.00e+00
2026-01-30 23:21:44,149 [INFO] Sub 6 EC already exists. Skipping calculation.
2026-01-30 23:21:44,150 [INFO] Sub 6 Done. r = 0.7480, p = 0.00e+00
2026-01-30 23:21:44,794 [INFO] Sub 7 EC already exists. Skipping calculation.
2026-01-30 23:21:44,795 [INFO] Sub 7 Done. r = 0.7018, p = 0.00e+00
2026-01-30 23:21:45,478 [INFO] Sub 8 EC already exists. Skipping calculation.
2026-01-30 23:21:45,479 [INFO] Sub 8 Done. r = 0.7031, p = 0.00e+00
2026-01-30 23:21:46,160 [INFO] Sub 9 EC already exists. Skipping calculation.
2026-01-30 23:21:46,160 [INFO] Sub 9 Done. r = 0.8308, p = 0.00e+00
2026-01-30 23:21:46,852 [INFO] Sub 10 EC already exists. Skipping calculation.
2026-01-30 23:21:46,852 [INFO] Sub 10 Done. r = 0.6663, p = 0.00e+00
2026-01-30 23:21:47,580 [INFO] Sub 11 EC already exists. Skipping calculation.
2026-01-30 23:21:47,581 [INFO] Sub 11 Done. r = 0.8599, p = 0.00e+00
2026-01-30 23:21:48,602 [INFO] Sub 12 EC already exists. Skipping calculation.
2026-01-30 23:21:48,603 [INFO] Sub 12 Done. r = 0.8240, p = 0.00e+00
2026-01-30 23:21:49,621 [INFO] Sub 13 EC already exists. Skipping calculation.
2026-01-30 23:21:49,621 [INFO] Sub 13 Done. r = 0.8315, p = 0.00e+00
2026-01-30 23:21:50,645 [INFO] Sub 14 EC already exists. Skipping calculation.
2026-01-30 23:21:50,645 [INFO] Sub 14 Done. r = 0.6305, p = 0.00e+00
2026-01-30 23:21:51,673 [INFO] Sub 15 EC already exists. Skipping calculation.
2026-01-30 23:21:51,674 [INFO] Sub 15 Done. r = 0.7583, p = 0.00e+00
2026-01-30 23:21:52,695 [INFO] Sub 16 EC already exists. Skipping calculation.
2026-01-30 23:21:52,696 [INFO] Sub 16 Done. r = 0.7881, p = 0.00e+00
2026-01-30 23:21:53,748 [INFO] Sub 17 EC already exists. Skipping calculation.
2026-01-30 23:21:53,749 [INFO] Sub 17 Done. r = 0.8422, p = 0.00e+00
2026-01-30 23:21:54,792 [INFO] Sub 18 EC already exists. Skipping calculation.
2026-01-30 23:21:54,793 [INFO] Sub 18 Done. r = 0.7784, p = 0.00e+00
2026-01-30 23:21:55,825 [INFO] Sub 19 EC already exists. Skipping calculation.
2026-01-30 23:21:55,826 [INFO] Sub 19 Done. r = 0.6405, p = 0.00e+00
2026-01-30 23:21:56,872 [INFO] Sub 20 EC already exists. Skipping calculation.
2026-01-30 23:21:56,872 [INFO] Sub 20 Done. r = 0.2029, p = 0.00e+00
2026-01-30 23:21:57,898 [INFO] Sub 21 EC already exists. Skipping calculation.
2026-01-30 23:21:57,899 [INFO] Sub 21 Done. r = 0.8408, p = 0.00e+00
2026-01-30 23:21:58,951 [INFO] Sub 22 EC already exists. Skipping calculation.
2026-01-30 23:21:58,952 [INFO] Sub 22 Done. r = 0.7049, p = 0.00e+00
2026-01-30 23:21:59,972 [INFO] Sub 23 EC already exists. Skipping calculation.
2026-01-30 23:21:59,973 [INFO] Sub 23 Done. r = 0.5444, p = 0.00e+00
2026-01-30 23:22:01,016 [INFO] Sub 24 EC already exists. Skipping calculation.
2026-01-30 23:22:01,017 [INFO] Sub 24 Done. r = 0.6958, p = 0.00e+00
2026-01-30 23:22:02,037 [INFO] Sub 25 EC already exists. Skipping calculation.
2026-01-30 23:22:02,038 [INFO] Sub 25 Done. r = 0.7005, p = 0.00e+00
2026-01-30 23:22:03,059 [INFO] Sub 26 EC already exists. Skipping calculation.
2026-01-30 23:22:03,060 [INFO] Sub 26 Done. r = 0.7178, p = 0.00e+00
2026-01-30 23:22:04,062 [INFO] Sub 27 EC already exists. Skipping calculation.
2026-01-30 23:22:04,062 [INFO] Sub 27 Done. r = 0.8461, p = 0.00e+00
2026-01-30 23:22:05,068 [INFO] Sub 28 EC already exists. Skipping calculation.
2026-01-30 23:22:05,068 [INFO] Sub 28 Done. r = 0.6433, p = 0.00e+00
2026-01-30 23:22:06,083 [INFO] Sub 29 EC already exists. Skipping calculation.
2026-01-30 23:22:06,083 [INFO] Sub 29 Done. r = 0.8405, p = 0.00e+00
2026-01-30 23:22:07,101 [INFO] Sub 30 EC already exists. Skipping calculation.
2026-01-30 23:22:07,102 [INFO] Sub 30 Done. r = 0.8123, p = 0.00e+00
2026-01-30 23:22:08,118 [INFO] Sub 31 EC already exists. Skipping calculation.
2026-01-30 23:22:08,118 [INFO] Sub 31 Done. r = 0.6849, p = 0.00e+00
2026-01-30 23:22:09,133 [INFO] Sub 32 EC already exists. Skipping calculation.
2026-01-30 23:22:09,133 [INFO] Sub 32 Done. r = 0.6024, p = 0.00e+00
2026-01-30 23:22:10,154 [INFO] Sub 33 EC already exists. Skipping calculation.
2026-01-30 23:22:10,154 [INFO] Sub 33 Done. r = 0.5833, p = 0.00e+00
2026-01-30 23:22:11,170 [INFO] Sub 34 EC already exists. Skipping calculation.
2026-01-30 23:22:11,171 [INFO] Sub 34 Done. r = 0.7630, p = 0.00e+00
2026-01-30 23:22:12,177 [INFO] Sub 35 EC already exists. Skipping calculation.
2026-01-30 23:22:12,178 [INFO] Sub 35 Done. r = 0.7360, p = 0.00e+00
2026-01-31 21:09:23,497 [INFO] Starting calculating the correlation result!
2026-01-31 21:09:24,655 [INFO] Sub 0 EC already exists. Skipping calculation.
2026-01-31 21:09:24,656 [INFO] Sub 0 Done. r = 0.8668, p = 0.00e+00
2026-01-31 21:09:25,681 [INFO] Sub 1 EC already exists. Skipping calculation.
2026-01-31 21:09:25,682 [INFO] Sub 1 Done. r = 0.6510, p = 0.00e+00
2026-01-31 21:09:26,759 [INFO] Sub 2 EC already exists. Skipping calculation.
2026-01-31 21:09:26,760 [INFO] Sub 2 Done. r = 0.5830, p = 0.00e+00
2026-01-31 21:09:27,819 [INFO] Sub 3 EC already exists. Skipping calculation.
2026-01-31 21:09:27,820 [INFO] Sub 3 Done. r = 0.7948, p = 0.00e+00
2026-01-31 21:09:28,952 [INFO] Sub 4 EC already exists. Skipping calculation.
2026-01-31 21:09:28,953 [INFO] Sub 4 Done. r = 0.6066, p = 0.00e+00
2026-01-31 21:09:29,972 [INFO] Sub 5 EC already exists. Skipping calculation.
2026-01-31 21:09:29,973 [INFO] Sub 5 Done. r = 0.7087, p = 0.00e+00
2026-01-31 21:09:30,994 [INFO] Sub 6 EC already exists. Skipping calculation.
2026-01-31 21:09:30,995 [INFO] Sub 6 Done. r = 0.7404, p = 0.00e+00
2026-01-31 21:09:32,029 [INFO] Sub 7 EC already exists. Skipping calculation.
2026-01-31 21:09:32,030 [INFO] Sub 7 Done. r = 0.7190, p = 0.00e+00
2026-01-31 21:09:33,072 [INFO] Sub 8 EC already exists. Skipping calculation.
2026-01-31 21:09:33,072 [INFO] Sub 8 Done. r = 0.6812, p = 0.00e+00
2026-01-31 21:09:34,142 [INFO] Sub 9 EC already exists. Skipping calculation.
2026-01-31 21:09:34,143 [INFO] Sub 9 Done. r = 0.8305, p = 0.00e+00
2026-01-31 21:09:35,192 [INFO] Sub 10 EC already exists. Skipping calculation.
2026-01-31 21:09:35,193 [INFO] Sub 10 Done. r = 0.6723, p = 0.00e+00
2026-01-31 21:09:36,224 [INFO] Sub 11 EC already exists. Skipping calculation.
2026-01-31 21:09:36,225 [INFO] Sub 11 Done. r = 0.8527, p = 0.00e+00
2026-01-31 21:09:37,258 [INFO] Sub 12 EC already exists. Skipping calculation.
2026-01-31 21:09:37,259 [INFO] Sub 12 Done. r = 0.8226, p = 0.00e+00
2026-01-31 21:09:38,335 [INFO] Sub 13 EC already exists. Skipping calculation.
2026-01-31 21:09:38,336 [INFO] Sub 13 Done. r = 0.8231, p = 0.00e+00
2026-01-31 21:09:39,383 [INFO] Sub 14 EC already exists. Skipping calculation.
2026-01-31 21:09:39,383 [INFO] Sub 14 Done. r = 0.6259, p = 0.00e+00
2026-01-31 21:09:40,417 [INFO] Sub 15 EC already exists. Skipping calculation.
2026-01-31 21:09:40,418 [INFO] Sub 15 Done. r = 0.7521, p = 0.00e+00
2026-01-31 21:09:41,460 [INFO] Sub 16 EC already exists. Skipping calculation.
2026-01-31 21:09:41,461 [INFO] Sub 16 Done. r = 0.7975, p = 0.00e+00
2026-01-31 21:09:42,506 [INFO] Sub 17 EC already exists. Skipping calculation.
2026-01-31 21:09:42,507 [INFO] Sub 17 Done. r = 0.8417, p = 0.00e+00
2026-01-31 21:09:43,546 [INFO] Sub 18 EC already exists. Skipping calculation.
2026-01-31 21:09:43,547 [INFO] Sub 18 Done. r = 0.7881, p = 0.00e+00
2026-01-31 21:09:44,574 [INFO] Sub 19 EC already exists. Skipping calculation.
2026-01-31 21:09:44,575 [INFO] Sub 19 Done. r = 0.6445, p = 0.00e+00
2026-01-31 21:09:45,619 [INFO] Sub 20 EC already exists. Skipping calculation.
2026-01-31 21:09:45,620 [INFO] Sub 20 Done. r = 0.2085, p = 0.00e+00
2026-01-31 21:09:46,691 [INFO] Sub 21 EC already exists. Skipping calculation.
2026-01-31 21:09:46,692 [INFO] Sub 21 Done. r = 0.8351, p = 0.00e+00
2026-01-31 21:09:47,743 [INFO] Sub 22 EC already exists. Skipping calculation.
2026-01-31 21:09:47,744 [INFO] Sub 22 Done. r = 0.6877, p = 0.00e+00
2026-01-31 21:09:48,791 [INFO] Sub 23 EC already exists. Skipping calculation.
2026-01-31 21:09:48,792 [INFO] Sub 23 Done. r = 0.5376, p = 0.00e+00
2026-01-31 21:09:49,845 [INFO] Sub 24 EC already exists. Skipping calculation.
2026-01-31 21:09:49,845 [INFO] Sub 24 Done. r = 0.6804, p = 0.00e+00
2026-01-31 21:09:50,885 [INFO] Sub 25 EC already exists. Skipping calculation.
2026-01-31 21:09:50,886 [INFO] Sub 25 Done. r = 0.6924, p = 0.00e+00
2026-01-31 21:09:51,927 [INFO] Sub 26 EC already exists. Skipping calculation.
2026-01-31 21:09:51,928 [INFO] Sub 26 Done. r = 0.7186, p = 0.00e+00
2026-01-31 21:09:52,979 [INFO] Sub 27 EC already exists. Skipping calculation.
2026-01-31 21:09:52,980 [INFO] Sub 27 Done. r = 0.8390, p = 0.00e+00
2026-01-31 21:09:54,026 [INFO] Sub 28 EC already exists. Skipping calculation.
2026-01-31 21:09:54,027 [INFO] Sub 28 Done. r = 0.6541, p = 0.00e+00
2026-01-31 21:09:55,061 [INFO] Sub 29 EC already exists. Skipping calculation.
2026-01-31 21:09:55,062 [INFO] Sub 29 Done. r = 0.8392, p = 0.00e+00
2026-01-31 21:09:56,107 [INFO] Sub 30 EC already exists. Skipping calculation.
2026-01-31 21:09:56,108 [INFO] Sub 30 Done. r = 0.8082, p = 0.00e+00
2026-01-31 21:09:57,150 [INFO] Sub 31 EC already exists. Skipping calculation.
2026-01-31 21:09:57,150 [INFO] Sub 31 Done. r = 0.6885, p = 0.00e+00
2026-01-31 21:09:58,205 [INFO] Sub 32 EC already exists. Skipping calculation.
2026-01-31 21:09:58,205 [INFO] Sub 32 Done. r = 0.6086, p = 0.00e+00
2026-01-31 21:09:59,242 [INFO] Sub 33 EC already exists. Skipping calculation.
2026-01-31 21:09:59,242 [INFO] Sub 33 Done. r = 0.5546, p = 0.00e+00
2026-01-31 21:10:00,287 [INFO] Sub 34 EC already exists. Skipping calculation.
2026-01-31 21:10:00,288 [INFO] Sub 34 Done. r = 0.7688, p = 0.00e+00
2026-01-31 21:10:01,377 [INFO] Sub 35 EC already exists. Skipping calculation.
2026-01-31 21:10:01,378 [INFO] Sub 35 Done. r = 0.7360, p = 0.00e+00
2026-01-31 21:10:02,443 [WARNING] Sub 36 contains NaN/Inf! Cleaning data...
2026-01-31 21:10:02,444 [ERROR] Sub 36 data is completely invalid!
2026-01-31 21:10:04,064 [INFO] Sub 36 Done. r = 0.0000, p = 1.00e+00
2026-01-31 21:10:06,137 [INFO] Sub 37 Done. r = 0.7600, p = 0.00e+00
2026-01-31 21:10:08,149 [INFO] Sub 38 Done. r = 0.7586, p = 0.00e+00
2026-01-31 21:10:10,169 [INFO] Sub 39 Done. r = 0.6976, p = 0.00e+00
2026-01-31 21:10:12,193 [INFO] Sub 40 Done. r = 0.7921, p = 0.00e+00
2026-01-31 21:10:14,220 [INFO] Sub 41 Done. r = 0.5453, p = 0.00e+00
2026-01-31 21:10:16,239 [INFO] Sub 42 Done. r = 0.6236, p = 0.00e+00
2026-01-31 21:10:18,249 [INFO] Sub 43 Done. r = 0.8007, p = 0.00e+00
2026-01-31 21:10:20,265 [INFO] Sub 44 Done. r = 0.7967, p = 0.00e+00
2026-01-31 21:10:22,275 [INFO] Sub 45 Done. r = 0.8846, p = 0.00e+00
2026-01-31 21:10:24,284 [INFO] Sub 46 Done. r = 0.8708, p = 0.00e+00
2026-01-31 21:10:26,304 [INFO] Sub 47 Done. r = 0.7094, p = 0.00e+00
2026-01-31 21:10:28,311 [INFO] Sub 48 Done. r = 0.7632, p = 0.00e+00
2026-01-31 21:10:30,309 [INFO] Sub 49 Done. r = 0.7421, p = 0.00e+00
2026-01-31 21:10:32,324 [INFO] Sub 50 Done. r = 0.6047, p = 0.00e+00
2026-01-31 21:10:34,342 [INFO] Sub 51 Done. r = 0.5992, p = 0.00e+00
2026-01-31 21:10:36,351 [INFO] Sub 52 Done. r = 0.7688, p = 0.00e+00
2026-01-31 21:10:38,374 [INFO] Sub 53 Done. r = 0.7525, p = 0.00e+00
2026-01-31 21:10:40,384 [INFO] Sub 54 Done. r = 0.8259, p = 0.00e+00
2026-01-31 21:10:42,398 [INFO] Sub 55 Done. r = 0.7061, p = 0.00e+00
2026-01-31 21:10:44,421 [INFO] Sub 56 Done. r = 0.8319, p = 0.00e+00
2026-01-31 21:10:46,473 [INFO] Sub 57 Done. r = 0.8256, p = 0.00e+00
2026-01-31 21:10:48,477 [INFO] Sub 58 Done. r = 0.7295, p = 0.00e+00
2026-01-31 21:10:50,493 [INFO] Sub 59 Done. r = 0.7621, p = 0.00e+00
2026-01-31 21:10:52,513 [INFO] Sub 60 Done. r = 0.7028, p = 0.00e+00
2026-01-31 21:10:54,538 [INFO] Sub 61 Done. r = 0.5869, p = 0.00e+00
2026-01-31 21:10:56,572 [INFO] Sub 62 Done. r = 0.4742, p = 0.00e+00
2026-01-31 21:10:58,588 [INFO] Sub 63 Done. r = 0.5821, p = 0.00e+00
2026-01-31 21:11:00,598 [INFO] Sub 64 Done. r = 0.7827, p = 0.00e+00
2026-01-31 21:11:02,629 [INFO] Sub 65 Done. r = 0.7634, p = 0.00e+00
2026-01-31 21:11:04,625 [INFO] Sub 66 Done. r = 0.8127, p = 0.00e+00
2026-01-31 21:11:06,638 [INFO] Sub 67 Done. r = 0.6160, p = 0.00e+00
2026-01-31 21:11:08,655 [INFO] Sub 68 Done. r = 0.8248, p = 0.00e+00
2026-01-31 21:11:10,677 [INFO] Sub 69 Done. r = 0.7261, p = 0.00e+00
2026-01-31 21:11:12,679 [INFO] Sub 70 Done. r = 0.8717, p = 0.00e+00
2026-01-31 21:11:14,729 [INFO] Sub 71 Done. r = 0.7466, p = 0.00e+00
2026-01-31 21:11:16,739 [INFO] Sub 72 Done. r = 0.8414, p = 0.00e+00
2026-01-31 21:11:18,767 [INFO] Sub 73 Done. r = 0.7518, p = 0.00e+00
2026-01-31 21:11:20,811 [INFO] Sub 74 Done. r = 0.7263, p = 0.00e+00
2026-01-31 21:11:22,831 [INFO] Sub 75 Done. r = 0.8550, p = 0.00e+00
2026-01-31 21:11:24,867 [INFO] Sub 76 Done. r = 0.5234, p = 0.00e+00
2026-01-31 21:11:26,884 [INFO] Sub 77 Done. r = 0.4028, p = 0.00e+00
2026-01-31 21:11:28,891 [INFO] Sub 78 Done. r = 0.7800, p = 0.00e+00
2026-01-31 21:11:30,929 [INFO] Sub 79 Done. r = 0.8445, p = 0.00e+00
2026-01-31 21:11:32,959 [INFO] Sub 80 Done. r = 0.8441, p = 0.00e+00
2026-01-31 21:11:34,963 [INFO] Sub 81 Done. r = 0.7870, p = 0.00e+00
2026-01-31 21:11:36,988 [INFO] Sub 82 Done. r = 0.6854, p = 0.00e+00
2026-01-31 21:11:38,991 [INFO] Sub 83 Done. r = 0.8747, p = 0.00e+00
2026-01-31 21:11:40,996 [INFO] Sub 84 Done. r = 0.8844, p = 0.00e+00
2026-01-31 21:11:43,018 [INFO] Sub 85 Done. r = 0.6869, p = 0.00e+00
2026-01-31 21:11:45,045 [INFO] Sub 86 Done. r = 0.7546, p = 0.00e+00
2026-01-31 21:11:47,068 [INFO] Sub 87 Done. r = 0.6037, p = 0.00e+00
2026-01-31 21:11:49,081 [INFO] Sub 88 Done. r = 0.7081, p = 0.00e+00
2026-01-31 21:11:51,087 [INFO] Sub 89 Done. r = 0.7070, p = 0.00e+00
2026-01-31 21:11:53,106 [INFO] Sub 90 Done. r = 0.7577, p = 0.00e+00
2026-01-31 21:11:55,127 [INFO] Sub 91 Done. r = 0.7979, p = 0.00e+00
2026-01-31 21:11:57,130 [INFO] Sub 92 Done. r = 0.7676, p = 0.00e+00
2026-01-31 21:11:59,139 [INFO] Sub 93 Done. r = 0.7724, p = 0.00e+00
2026-01-31 21:12:01,164 [INFO] Sub 94 Done. r = 0.7507, p = 0.00e+00
2026-01-31 21:12:03,196 [INFO] Sub 95 Done. r = 0.7803, p = 0.00e+00
2026-01-31 21:12:05,220 [INFO] Sub 96 Done. r = 0.7788, p = 0.00e+00
2026-01-31 21:12:07,217 [INFO] Sub 97 Done. r = 0.6430, p = 0.00e+00
2026-01-31 21:12:09,212 [INFO] Sub 98 Done. r = 0.8502, p = 0.00e+00
2026-01-31 21:12:11,255 [INFO] Sub 99 Done. r = 0.3499, p = 0.00e+00
2026-01-31 21:12:13,268 [INFO] Sub 100 Done. r = 0.6005, p = 0.00e+00
2026-01-31 21:12:15,282 [INFO] Sub 101 Done. r = 0.4948, p = 0.00e+00
2026-01-31 21:12:17,309 [INFO] Sub 102 Done. r = 0.8174, p = 0.00e+00
2026-01-31 21:12:19,333 [INFO] Sub 103 Done. r = 0.7290, p = 0.00e+00
2026-01-31 21:12:21,329 [INFO] Sub 104 Done. r = 0.7932, p = 0.00e+00
2026-01-31 21:12:23,286 [INFO] Sub 105 Done. r = 0.8284, p = 0.00e+00
2026-01-31 21:12:25,277 [INFO] Sub 106 Done. r = 0.4951, p = 0.00e+00
2026-01-31 21:12:27,255 [INFO] Sub 107 Done. r = 0.8113, p = 0.00e+00
2026-01-31 21:12:29,214 [INFO] Sub 108 Done. r = 0.5871, p = 0.00e+00
2026-01-31 21:12:31,187 [INFO] Sub 109 Done. r = 0.7748, p = 0.00e+00
2026-01-31 21:12:33,136 [INFO] Sub 110 Done. r = 0.8306, p = 0.00e+00
2026-01-31 21:12:35,098 [INFO] Sub 111 Done. r = 0.7058, p = 0.00e+00
2026-01-31 21:12:37,066 [INFO] Sub 112 Done. r = 0.8462, p = 0.00e+00
2026-01-31 21:12:39,032 [INFO] Sub 113 Done. r = 0.7317, p = 0.00e+00
2026-01-31 21:12:41,035 [INFO] Sub 114 Done. r = 0.4596, p = 0.00e+00
2026-01-31 21:12:42,990 [INFO] Sub 115 Done. r = 0.7900, p = 0.00e+00
2026-01-31 21:12:44,987 [INFO] Sub 116 Done. r = 0.7362, p = 0.00e+00
2026-01-31 21:12:46,953 [INFO] Sub 117 Done. r = 0.8012, p = 0.00e+00
2026-01-31 21:12:48,922 [INFO] Sub 118 Done. r = 0.7400, p = 0.00e+00
2026-01-31 21:12:50,896 [INFO] Sub 119 Done. r = 0.7334, p = 0.00e+00
2026-01-31 21:12:52,837 [INFO] Sub 120 Done. r = 0.8054, p = 0.00e+00
2026-01-31 21:12:54,802 [INFO] Sub 121 Done. r = 0.7638, p = 0.00e+00
2026-01-31 21:12:56,802 [INFO] Sub 122 Done. r = 0.7827, p = 0.00e+00
2026-01-31 21:12:58,760 [INFO] Sub 123 Done. r = 0.7304, p = 0.00e+00
2026-01-31 21:13:00,788 [INFO] Sub 124 Done. r = 0.7714, p = 0.00e+00
2026-01-31 21:13:02,848 [INFO] Sub 125 Done. r = 0.8779, p = 0.00e+00
2026-01-31 21:13:04,862 [INFO] Sub 126 Done. r = 0.7531, p = 0.00e+00
2026-01-31 21:13:06,892 [INFO] Sub 127 Done. r = 0.6530, p = 0.00e+00
2026-01-31 21:13:08,887 [INFO] Sub 128 Done. r = 0.8275, p = 0.00e+00
2026-01-31 21:13:10,947 [INFO] Sub 129 Done. r = 0.7544, p = 0.00e+00
2026-01-31 21:13:12,988 [INFO] Sub 130 Done. r = 0.4918, p = 0.00e+00
2026-01-31 21:13:14,998 [INFO] Sub 131 Done. r = 0.2666, p = 0.00e+00
2026-01-31 21:13:17,008 [INFO] Sub 132 Done. r = 0.7821, p = 0.00e+00
2026-01-31 21:13:19,062 [INFO] Sub 133 Done. r = 0.8244, p = 0.00e+00
2026-01-31 21:13:21,138 [INFO] Sub 134 Done. r = 0.8260, p = 0.00e+00
2026-01-31 21:13:23,182 [INFO] Sub 135 Done. r = 0.8454, p = 0.00e+00
2026-01-31 21:13:25,165 [INFO] Sub 136 Done. r = 0.7517, p = 0.00e+00
2026-01-31 21:13:27,152 [INFO] Sub 137 Done. r = 0.7790, p = 0.00e+00
2026-01-31 21:13:29,125 [INFO] Sub 138 Done. r = 0.8278, p = 0.00e+00
2026-01-31 21:13:31,126 [INFO] Sub 139 Done. r = 0.8232, p = 0.00e+00
2026-01-31 21:13:33,161 [INFO] Sub 140 Done. r = 0.6890, p = 0.00e+00
2026-01-31 21:13:35,258 [INFO] Sub 141 Done. r = 0.7389, p = 0.00e+00
2026-01-31 21:13:37,285 [INFO] Sub 142 Done. r = 0.7468, p = 0.00e+00
2026-01-31 21:13:39,263 [INFO] Sub 143 Done. r = 0.4440, p = 0.00e+00
2026-01-31 21:13:41,235 [INFO] Sub 144 Done. r = 0.8086, p = 0.00e+00
2026-01-31 21:13:43,244 [INFO] Sub 145 Done. r = 0.7769, p = 0.00e+00
2026-01-31 21:13:45,225 [INFO] Sub 146 Done. r = 0.5415, p = 0.00e+00
2026-01-31 21:13:47,218 [INFO] Sub 147 Done. r = 0.6388, p = 0.00e+00
2026-01-31 21:13:49,204 [INFO] Sub 148 Done. r = 0.5796, p = 0.00e+00
2026-01-31 21:13:51,171 [INFO] Sub 149 Done. r = 0.6652, p = 0.00e+00
2026-01-31 21:13:53,152 [INFO] Sub 150 Done. r = 0.7437, p = 0.00e+00
2026-01-31 21:13:55,138 [INFO] Sub 151 Done. r = 0.7307, p = 0.00e+00
2026-01-31 21:13:57,189 [INFO] Sub 152 Done. r = 0.7985, p = 0.00e+00
2026-01-31 21:13:59,239 [INFO] Sub 153 Done. r = 0.6472, p = 0.00e+00
2026-01-31 21:14:01,222 [INFO] Sub 154 Done. r = 0.8260, p = 0.00e+00
2026-01-31 21:14:03,260 [INFO] Sub 155 Done. r = 0.7097, p = 0.00e+00
2026-01-31 21:14:05,247 [INFO] Sub 156 Done. r = 0.7855, p = 0.00e+00
2026-01-31 21:14:07,222 [INFO] Sub 157 Done. r = 0.8328, p = 0.00e+00
2026-01-31 21:14:09,252 [INFO] Sub 158 Done. r = 0.8051, p = 0.00e+00
2026-01-31 21:14:11,229 [INFO] Sub 159 Done. r = 0.6857, p = 0.00e+00
2026-01-31 21:14:13,222 [INFO] Sub 160 Done. r = 0.7247, p = 0.00e+00
2026-01-31 21:14:15,221 [INFO] Sub 161 Done. r = 0.7451, p = 0.00e+00
2026-01-31 21:14:17,222 [INFO] Sub 162 Done. r = 0.8113, p = 0.00e+00
2026-01-31 21:14:19,253 [INFO] Sub 163 Done. r = 0.6247, p = 0.00e+00
2026-01-31 21:14:21,234 [INFO] Sub 164 Done. r = 0.6835, p = 0.00e+00
2026-01-31 21:14:23,286 [INFO] Sub 165 Done. r = 0.8026, p = 0.00e+00
2026-01-31 21:14:25,298 [INFO] Sub 166 Done. r = 0.7058, p = 0.00e+00
2026-01-31 21:14:27,287 [INFO] Sub 167 Done. r = 0.7568, p = 0.00e+00
2026-01-31 21:14:29,319 [INFO] Sub 168 Done. r = 0.7234, p = 0.00e+00
2026-01-31 21:14:31,379 [INFO] Sub 169 Done. r = 0.7837, p = 0.00e+00
2026-01-31 21:14:33,417 [INFO] Sub 170 Done. r = 0.7721, p = 0.00e+00
2026-01-31 21:14:35,467 [INFO] Sub 171 Done. r = 0.8081, p = 0.00e+00
2026-01-31 21:14:37,478 [INFO] Sub 172 Done. r = 0.8458, p = 0.00e+00
2026-01-31 21:14:39,482 [INFO] Sub 173 Done. r = 0.7935, p = 0.00e+00
2026-01-31 21:14:41,513 [INFO] Sub 174 Done. r = 0.6569, p = 0.00e+00
2026-01-31 21:14:43,552 [INFO] Sub 175 Done. r = 0.6411, p = 0.00e+00
2026-01-31 21:14:45,600 [INFO] Sub 176 Done. r = 0.7279, p = 0.00e+00
2026-01-31 21:14:45,608 [INFO] 
统计结果已保存至: F:\NPI_results\NPI_Statistics_Summary.csv
2026-01-31 22:25:02,759 [INFO] Skipping Subject 36: Model already exists.
2026-01-31 22:25:02,760 [INFO] 所有预定训练任务已结束。
2026-01-31 22:25:30,667 [INFO] Starting Subject 36...
2026-01-31 22:25:34,636 [INFO] 被试 36 训练完成并保存。Final Test Loss: 9.973391
2026-01-31 22:25:34,638 [INFO] 所有预定训练任务已结束。
2026-01-31 22:57:47,698 [INFO] Skipping Subject 36: Model already exists.
2026-01-31 22:57:47,699 [INFO] 所有预定训练任务已结束。
2026-01-31 22:57:59,845 [INFO] Starting Subject 36...
2026-01-31 22:58:02,973 [INFO] 被试 36 训练完成并保存。Final Test Loss: 9.942678
2026-01-31 22:58:02,974 [INFO] 所有预定训练任务已结束。
2026-01-31 22:58:51,396 [INFO] Starting Subject 36...
2026-01-31 22:58:54,497 [INFO] 被试 36 训练完成并保存。Final Test Loss: 10.378268
2026-01-31 22:58:54,498 [INFO] 所有预定训练任务已结束。
2026-01-31 23:00:09,769 [INFO] Starting Subject 36...
2026-01-31 23:00:12,886 [INFO] 被试 36 训练完成并保存。Final Test Loss: 10.389247
2026-01-31 23:00:12,887 [INFO] 所有预定训练任务已结束。
2026-01-31 23:00:23,285 [INFO] Skipping Subject 36: Model already exists.
2026-01-31 23:00:23,287 [INFO] 所有预定训练任务已结束。
2026-02-01 15:44:56,898 [INFO] ============================== NEW EXPERIMENT START ==============================
2026-02-01 15:44:56,898 [INFO] Current Hyperparameters Configuration:
2026-02-01 15:44:56,899 [INFO]  - ROI_num: 400
2026-02-01 15:44:56,900 [INFO]  - using_steps: 5
2026-02-01 15:44:56,901 [INFO]  - hidden_dim_factor: 2
2026-02-01 15:44:56,902 [INFO]  - latent_dim_factor: 0.8
2026-02-01 15:44:56,902 [INFO]  - batch_size: 50
2026-02-01 15:44:56,903 [INFO]  - train_set_proportion: 0.8
2026-02-01 15:44:56,904 [INFO]  - num_epochs: 100
2026-02-01 15:44:56,904 [INFO] ================================================================================
2026-02-01 15:44:56,905 [INFO] Starting Subject 0...
2026-02-01 15:45:00,312 [INFO] 被试 0 训练完成并保存。Final Test Loss: 0.228662
2026-02-01 15:45:00,314 [INFO] Starting Subject 1...
2026-02-01 15:45:01,632 [INFO] 被试 1 训练完成并保存。Final Test Loss: 2.665577
2026-02-01 15:45:01,634 [INFO] Starting Subject 2...
2026-02-01 15:45:02,947 [INFO] 被试 2 训练完成并保存。Final Test Loss: 4.759693
2026-02-01 15:45:02,948 [INFO] Starting Subject 3...
2026-02-01 15:45:04,270 [INFO] 被试 3 训练完成并保存。Final Test Loss: 3.877686
2026-02-01 15:45:04,272 [INFO] Starting Subject 4...
2026-02-01 15:45:05,623 [INFO] 被试 4 训练完成并保存。Final Test Loss: 7.065796
2026-02-01 15:45:05,624 [INFO] Starting Subject 5...
2026-02-01 15:45:06,967 [INFO] 被试 5 训练完成并保存。Final Test Loss: 0.390054
2026-02-01 15:45:06,970 [INFO] Starting Subject 6...
2026-02-01 15:45:08,297 [INFO] 被试 6 训练完成并保存。Final Test Loss: 2.201850
2026-02-01 15:45:08,299 [INFO] Starting Subject 7...
2026-02-01 15:45:09,631 [INFO] 被试 7 训练完成并保存。Final Test Loss: 2.412563
2026-02-01 15:45:09,633 [INFO] Starting Subject 8...
2026-02-01 15:45:10,964 [INFO] 被试 8 训练完成并保存。Final Test Loss: 5.474362
2026-02-01 15:45:10,966 [INFO] Starting Subject 9...
2026-02-01 15:45:12,281 [INFO] 被试 9 训练完成并保存。Final Test Loss: 3.433173
2026-02-01 15:45:12,283 [INFO] Starting Subject 10...
2026-02-01 15:45:13,591 [INFO] 被试 10 训练完成并保存。Final Test Loss: 3.777117
2026-02-01 15:45:13,593 [INFO] Starting Subject 11...
2026-02-01 15:45:14,897 [INFO] 被试 11 训练完成并保存。Final Test Loss: 3.286122
2026-02-01 15:45:14,899 [INFO] Starting Subject 12...
2026-02-01 15:45:16,205 [INFO] 被试 12 训练完成并保存。Final Test Loss: 5.610456
2026-02-01 15:45:16,207 [INFO] Starting Subject 13...
2026-02-01 15:45:17,508 [INFO] 被试 13 训练完成并保存。Final Test Loss: 4.464522
2026-02-01 15:45:17,510 [INFO] Starting Subject 14...
2026-02-01 15:45:18,812 [INFO] 被试 14 训练完成并保存。Final Test Loss: 5.997502
2026-02-01 15:45:18,814 [INFO] Starting Subject 15...
2026-02-01 15:45:20,114 [INFO] 被试 15 训练完成并保存。Final Test Loss: 5.855864
2026-02-01 15:45:20,116 [INFO] Starting Subject 16...
2026-02-01 15:45:21,416 [INFO] 被试 16 训练完成并保存。Final Test Loss: 3.387140
2026-02-01 15:45:21,418 [INFO] Starting Subject 17...
2026-02-01 15:45:22,720 [INFO] 被试 17 训练完成并保存。Final Test Loss: 6.099324
2026-02-01 15:45:22,721 [INFO] Starting Subject 18...
2026-02-01 15:45:24,020 [INFO] 被试 18 训练完成并保存。Final Test Loss: 5.813072
2026-02-01 15:45:24,022 [INFO] Starting Subject 19...
2026-02-01 15:45:25,324 [INFO] 被试 19 训练完成并保存。Final Test Loss: 13.112099
2026-02-01 15:45:25,326 [INFO] Starting Subject 20...
2026-02-01 15:45:26,660 [INFO] 被试 20 训练完成并保存。Final Test Loss: 0.954710
2026-02-01 15:45:26,666 [INFO] Starting Subject 21...
2026-02-01 15:45:27,967 [INFO] 被试 21 训练完成并保存。Final Test Loss: 4.302114
2026-02-01 15:45:27,969 [INFO] Starting Subject 22...
2026-02-01 15:45:29,269 [INFO] 被试 22 训练完成并保存。Final Test Loss: 5.212900
2026-02-01 15:45:29,271 [INFO] Starting Subject 23...
2026-02-01 15:45:30,575 [INFO] 被试 23 训练完成并保存。Final Test Loss: 6.911314
2026-02-01 15:45:30,577 [INFO] Starting Subject 24...
2026-02-01 15:45:31,878 [INFO] 被试 24 训练完成并保存。Final Test Loss: 5.937924
2026-02-01 15:45:31,879 [INFO] Starting Subject 25...
2026-02-01 15:45:33,182 [INFO] 被试 25 训练完成并保存。Final Test Loss: 6.227937
2026-02-01 15:45:33,184 [INFO] Starting Subject 26...
2026-02-01 15:45:34,491 [INFO] 被试 26 训练完成并保存。Final Test Loss: 5.515274
2026-02-01 15:45:34,492 [INFO] Starting Subject 27...
2026-02-01 15:45:35,798 [INFO] 被试 27 训练完成并保存。Final Test Loss: 4.355351
2026-02-01 15:45:35,800 [INFO] Starting Subject 28...
2026-02-01 15:45:37,101 [INFO] 被试 28 训练完成并保存。Final Test Loss: 17.753304
2026-02-01 15:45:37,102 [INFO] Starting Subject 29...
2026-02-01 15:45:38,407 [INFO] 被试 29 训练完成并保存。Final Test Loss: 10.346300
2026-02-01 15:45:38,408 [INFO] Starting Subject 30...
2026-02-01 15:45:39,707 [INFO] 被试 30 训练完成并保存。Final Test Loss: 7.224840
2026-02-01 15:45:39,709 [INFO] Starting Subject 31...
2026-02-01 15:45:41,011 [INFO] 被试 31 训练完成并保存。Final Test Loss: 6.061299
2026-02-01 15:45:41,013 [INFO] Starting Subject 32...
2026-02-01 15:45:42,311 [INFO] 被试 32 训练完成并保存。Final Test Loss: 4.423506
2026-02-01 15:45:42,313 [INFO] Starting Subject 33...
2026-02-01 15:45:43,616 [INFO] 被试 33 训练完成并保存。Final Test Loss: 6.904752
2026-02-01 15:45:43,618 [INFO] Starting Subject 34...
2026-02-01 15:45:44,922 [INFO] 被试 34 训练完成并保存。Final Test Loss: 5.368101
2026-02-01 15:45:44,924 [INFO] Starting Subject 35...
2026-02-01 15:45:46,225 [INFO] 被试 35 训练完成并保存。Final Test Loss: 6.322994
2026-02-01 15:45:46,226 [INFO] Starting Subject 36...
2026-02-01 15:45:47,533 [INFO] 被试 36 训练完成并保存。Final Test Loss: 9.324249
2026-02-01 15:45:47,535 [INFO] Starting Subject 37...
2026-02-01 15:45:48,835 [INFO] 被试 37 训练完成并保存。Final Test Loss: 8.334104
2026-02-01 15:45:48,836 [INFO] Starting Subject 38...
2026-02-01 15:45:50,139 [INFO] 被试 38 训练完成并保存。Final Test Loss: 3.273321
2026-02-01 15:45:50,140 [INFO] Starting Subject 39...
2026-02-01 15:45:51,442 [INFO] 被试 39 训练完成并保存。Final Test Loss: 4.572723
2026-02-01 15:45:51,444 [INFO] Starting Subject 40...
2026-02-01 15:45:52,741 [INFO] 被试 40 训练完成并保存。Final Test Loss: 5.329095
2026-02-01 15:45:52,743 [INFO] Starting Subject 41...
2026-02-01 15:45:54,046 [INFO] 被试 41 训练完成并保存。Final Test Loss: 7.395652
2026-02-01 15:45:54,047 [INFO] Starting Subject 42...
2026-02-01 15:45:55,347 [INFO] 被试 42 训练完成并保存。Final Test Loss: 0.245786
2026-02-01 15:45:55,349 [INFO] Starting Subject 43...
2026-02-01 15:45:56,651 [INFO] 被试 43 训练完成并保存。Final Test Loss: 4.413018
2026-02-01 15:45:56,652 [INFO] Starting Subject 44...
2026-02-01 15:45:57,955 [INFO] 被试 44 训练完成并保存。Final Test Loss: 5.736369
2026-02-01 15:45:57,957 [INFO] Starting Subject 45...
2026-02-01 15:45:59,257 [INFO] 被试 45 训练完成并保存。Final Test Loss: 8.700068
2026-02-01 15:45:59,259 [INFO] Starting Subject 46...
2026-02-01 15:46:00,561 [INFO] 被试 46 训练完成并保存。Final Test Loss: 0.235309
2026-02-01 15:46:00,563 [INFO] Starting Subject 47...
2026-02-01 15:46:01,871 [INFO] 被试 47 训练完成并保存。Final Test Loss: 6.402451
2026-02-01 15:46:01,873 [INFO] Starting Subject 48...
2026-02-01 15:46:03,174 [INFO] 被试 48 训练完成并保存。Final Test Loss: 4.359980
2026-02-01 15:46:03,175 [INFO] Starting Subject 49...
2026-02-01 15:46:04,478 [INFO] 被试 49 训练完成并保存。Final Test Loss: 4.914422
2026-02-01 15:46:04,480 [INFO] Starting Subject 50...
2026-02-01 15:46:05,787 [INFO] 被试 50 训练完成并保存。Final Test Loss: 3.824513
2026-02-01 15:46:05,789 [INFO] Starting Subject 51...
2026-02-01 15:46:07,092 [INFO] 被试 51 训练完成并保存。Final Test Loss: 6.095533
2026-02-01 15:46:07,094 [INFO] Starting Subject 52...
2026-02-01 15:46:08,392 [INFO] 被试 52 训练完成并保存。Final Test Loss: 0.333092
2026-02-01 15:46:08,394 [INFO] Starting Subject 53...
2026-02-01 15:46:09,705 [INFO] 被试 53 训练完成并保存。Final Test Loss: 8.271707
2026-02-01 15:46:09,707 [INFO] Starting Subject 54...
2026-02-01 15:46:11,005 [INFO] 被试 54 训练完成并保存。Final Test Loss: 7.017936
2026-02-01 15:46:11,007 [INFO] Starting Subject 55...
2026-02-01 15:46:12,306 [INFO] 被试 55 训练完成并保存。Final Test Loss: 4.589415
2026-02-01 15:46:12,308 [INFO] Starting Subject 56...
2026-02-01 15:46:13,609 [INFO] 被试 56 训练完成并保存。Final Test Loss: 5.125682
2026-02-01 15:46:13,611 [INFO] Starting Subject 57...
2026-02-01 15:46:14,909 [INFO] 被试 57 训练完成并保存。Final Test Loss: 10.275961
2026-02-01 15:46:14,911 [INFO] Starting Subject 58...
2026-02-01 15:46:16,214 [INFO] 被试 58 训练完成并保存。Final Test Loss: 7.702165
2026-02-01 15:46:16,216 [INFO] Starting Subject 59...
2026-02-01 15:46:17,537 [INFO] 被试 59 训练完成并保存。Final Test Loss: 4.154768
2026-02-01 15:46:17,539 [INFO] Starting Subject 60...
2026-02-01 15:46:18,844 [INFO] 被试 60 训练完成并保存。Final Test Loss: 4.336404
2026-02-01 15:46:18,846 [INFO] Starting Subject 61...
2026-02-01 15:46:20,147 [INFO] 被试 61 训练完成并保存。Final Test Loss: 5.043706
2026-02-01 15:46:20,149 [INFO] Starting Subject 62...
2026-02-01 15:46:21,452 [INFO] 被试 62 训练完成并保存。Final Test Loss: 39.297337
2026-02-01 15:46:21,453 [INFO] Starting Subject 63...
2026-02-01 15:46:22,754 [INFO] 被试 63 训练完成并保存。Final Test Loss: 3.177423
2026-02-01 15:46:22,755 [INFO] Starting Subject 64...
2026-02-01 15:46:24,058 [INFO] 被试 64 训练完成并保存。Final Test Loss: 5.451084
2026-02-01 15:46:24,060 [INFO] Starting Subject 65...
2026-02-01 15:46:25,394 [INFO] 被试 65 训练完成并保存。Final Test Loss: 5.069548
2026-02-01 15:46:25,395 [INFO] Starting Subject 66...
2026-02-01 15:46:26,714 [INFO] 被试 66 训练完成并保存。Final Test Loss: 6.623711
2026-02-01 15:46:26,716 [INFO] Starting Subject 67...
2026-02-01 15:46:28,043 [INFO] 被试 67 训练完成并保存。Final Test Loss: 10.959940
2026-02-01 15:46:28,044 [INFO] Starting Subject 68...
2026-02-01 15:46:29,369 [INFO] 被试 68 训练完成并保存。Final Test Loss: 5.046165
2026-02-01 15:46:29,370 [INFO] Starting Subject 69...
2026-02-01 15:46:30,687 [INFO] 被试 69 训练完成并保存。Final Test Loss: 6.387496
2026-02-01 15:46:30,688 [INFO] Starting Subject 70...
2026-02-01 15:46:32,010 [INFO] 被试 70 训练完成并保存。Final Test Loss: 3.733703
2026-02-01 15:46:32,012 [INFO] Starting Subject 71...
2026-02-01 15:46:33,333 [INFO] 被试 71 训练完成并保存。Final Test Loss: 5.347678
2026-02-01 15:46:33,335 [INFO] Starting Subject 72...
2026-02-01 15:46:34,727 [INFO] 被试 72 训练完成并保存。Final Test Loss: 0.184754
2026-02-01 15:46:34,729 [INFO] Starting Subject 73...
2026-02-01 15:46:36,098 [INFO] 被试 73 训练完成并保存。Final Test Loss: 4.579777
2026-02-01 15:46:36,100 [INFO] Starting Subject 74...
2026-02-01 15:46:37,413 [INFO] 被试 74 训练完成并保存。Final Test Loss: 5.715893
2026-02-01 15:46:37,415 [INFO] Starting Subject 75...
2026-02-01 15:46:38,780 [INFO] 被试 75 训练完成并保存。Final Test Loss: 0.235629
2026-02-01 15:46:38,781 [INFO] Starting Subject 76...
2026-02-01 15:46:40,131 [INFO] 被试 76 训练完成并保存。Final Test Loss: 3.724565
2026-02-01 15:46:40,132 [INFO] Starting Subject 77...
2026-02-01 15:46:41,455 [INFO] 被试 77 训练完成并保存。Final Test Loss: 17.963888
2026-02-01 15:46:41,457 [INFO] Starting Subject 78...
2026-02-01 15:46:42,754 [INFO] 被试 78 训练完成并保存。Final Test Loss: 6.316915
2026-02-01 15:46:42,756 [INFO] Starting Subject 79...
2026-02-01 15:46:44,052 [INFO] 被试 79 训练完成并保存。Final Test Loss: 3.119987
2026-02-01 15:46:44,054 [INFO] Starting Subject 80...
2026-02-01 15:46:45,354 [INFO] 被试 80 训练完成并保存。Final Test Loss: 3.773037
2026-02-01 15:46:45,355 [INFO] Starting Subject 81...
2026-02-01 15:46:46,675 [INFO] 被试 81 训练完成并保存。Final Test Loss: 6.007755
2026-02-01 15:46:46,677 [INFO] Starting Subject 82...
2026-02-01 15:46:48,022 [INFO] 被试 82 训练完成并保存。Final Test Loss: 18.287680
2026-02-01 15:46:48,024 [INFO] Starting Subject 83...
2026-02-01 15:46:49,378 [INFO] 被试 83 训练完成并保存。Final Test Loss: 5.921980
2026-02-01 15:46:49,380 [INFO] Starting Subject 84...
2026-02-01 15:46:50,718 [INFO] 被试 84 训练完成并保存。Final Test Loss: 4.319563
2026-02-01 15:46:50,720 [INFO] Starting Subject 85...
2026-02-01 15:46:52,043 [INFO] 被试 85 训练完成并保存。Final Test Loss: 4.828717
2026-02-01 15:46:52,045 [INFO] Starting Subject 86...
2026-02-01 15:46:53,364 [INFO] 被试 86 训练完成并保存。Final Test Loss: 3.377739
2026-02-01 15:46:53,366 [INFO] Starting Subject 87...
2026-02-01 15:46:54,692 [INFO] 被试 87 训练完成并保存。Final Test Loss: 2.614166
2026-02-01 15:46:54,693 [INFO] Starting Subject 88...
2026-02-01 15:46:56,007 [INFO] 被试 88 训练完成并保存。Final Test Loss: 3.228715
2026-02-01 15:46:56,009 [INFO] Starting Subject 89...
2026-02-01 15:46:57,329 [INFO] 被试 89 训练完成并保存。Final Test Loss: 4.314821
2026-02-01 15:46:57,330 [INFO] Starting Subject 90...
2026-02-01 15:46:58,654 [INFO] 被试 90 训练完成并保存。Final Test Loss: 6.591828
2026-02-01 15:46:58,656 [INFO] Starting Subject 91...
2026-02-01 15:46:59,976 [INFO] 被试 91 训练完成并保存。Final Test Loss: 4.640695
2026-02-01 15:46:59,978 [INFO] Starting Subject 92...
2026-02-01 15:47:01,291 [INFO] 被试 92 训练完成并保存。Final Test Loss: 1.852558
2026-02-01 15:47:01,293 [INFO] Starting Subject 93...
2026-02-01 15:47:02,603 [INFO] 被试 93 训练完成并保存。Final Test Loss: 3.513045
2026-02-01 15:47:02,604 [INFO] Starting Subject 94...
2026-02-01 15:47:03,916 [INFO] 被试 94 训练完成并保存。Final Test Loss: 2.385326
2026-02-01 15:47:03,917 [INFO] Starting Subject 95...
2026-02-01 15:47:05,220 [INFO] 被试 95 训练完成并保存。Final Test Loss: 6.909415
2026-02-01 15:47:05,222 [INFO] Starting Subject 96...
2026-02-01 15:47:06,520 [INFO] 被试 96 训练完成并保存。Final Test Loss: 6.258467
2026-02-01 15:47:06,522 [INFO] Starting Subject 97...
2026-02-01 15:47:07,840 [INFO] 被试 97 训练完成并保存。Final Test Loss: 7.965286
2026-02-01 15:47:07,841 [INFO] Starting Subject 98...
2026-02-01 15:47:09,163 [INFO] 被试 98 训练完成并保存。Final Test Loss: 4.120174
2026-02-01 15:47:09,165 [INFO] Starting Subject 99...
2026-02-01 15:47:10,467 [INFO] 被试 99 训练完成并保存。Final Test Loss: 6.263338
2026-02-01 15:47:10,468 [INFO] Starting Subject 100...
2026-02-01 15:47:11,769 [INFO] 被试 100 训练完成并保存。Final Test Loss: 6.617385
2026-02-01 15:47:11,770 [INFO] Starting Subject 101...
2026-02-01 15:47:13,067 [INFO] 被试 101 训练完成并保存。Final Test Loss: 6.220993
2026-02-01 15:47:13,068 [INFO] Starting Subject 102...
2026-02-01 15:47:14,372 [INFO] 被试 102 训练完成并保存。Final Test Loss: 5.064934
2026-02-01 15:47:14,373 [INFO] Starting Subject 103...
2026-02-01 15:47:15,675 [INFO] 被试 103 训练完成并保存。Final Test Loss: 5.972502
2026-02-01 15:47:15,677 [INFO] Starting Subject 104...
2026-02-01 15:47:16,974 [INFO] 被试 104 训练完成并保存。Final Test Loss: 5.466827
2026-02-01 15:47:16,975 [INFO] Starting Subject 105...
2026-02-01 15:47:18,277 [INFO] 被试 105 训练完成并保存。Final Test Loss: 7.120821
2026-02-01 15:47:18,279 [INFO] Starting Subject 106...
2026-02-01 15:47:19,584 [INFO] 被试 106 训练完成并保存。Final Test Loss: 5.229677
2026-02-01 15:47:19,586 [INFO] Starting Subject 107...
2026-02-01 15:47:20,904 [INFO] 被试 107 训练完成并保存。Final Test Loss: 4.030324
2026-02-01 15:47:20,905 [INFO] Starting Subject 108...
2026-02-01 15:47:22,217 [INFO] 被试 108 训练完成并保存。Final Test Loss: 5.356386
2026-02-01 15:47:22,218 [INFO] Starting Subject 109...
2026-02-01 15:47:23,557 [INFO] 被试 109 训练完成并保存。Final Test Loss: 5.520730
2026-02-01 15:47:23,558 [INFO] Starting Subject 110...
2026-02-01 15:47:24,894 [INFO] 被试 110 训练完成并保存。Final Test Loss: 4.584483
2026-02-01 15:47:24,896 [INFO] Starting Subject 111...
2026-02-01 15:47:26,219 [INFO] 被试 111 训练完成并保存。Final Test Loss: 6.189850
2026-02-01 15:47:26,221 [INFO] Starting Subject 112...
2026-02-01 15:47:27,531 [INFO] 被试 112 训练完成并保存。Final Test Loss: 5.664690
2026-02-01 15:47:27,533 [INFO] Starting Subject 113...
2026-02-01 15:47:28,833 [INFO] 被试 113 训练完成并保存。Final Test Loss: 5.503989
2026-02-01 15:47:28,835 [INFO] Starting Subject 114...
2026-02-01 15:47:30,146 [INFO] 被试 114 训练完成并保存。Final Test Loss: 9.875690
2026-02-01 15:47:30,147 [INFO] Starting Subject 115...
2026-02-01 15:47:31,454 [INFO] 被试 115 训练完成并保存。Final Test Loss: 5.769814
2026-02-01 15:47:31,455 [INFO] Starting Subject 116...
2026-02-01 15:47:32,754 [INFO] 被试 116 训练完成并保存。Final Test Loss: 2.741586
2026-02-01 15:47:32,756 [INFO] Starting Subject 117...
2026-02-01 15:47:34,060 [INFO] 被试 117 训练完成并保存。Final Test Loss: 9.332218
2026-02-01 15:47:34,061 [INFO] Starting Subject 118...
2026-02-01 15:47:35,391 [INFO] 被试 118 训练完成并保存。Final Test Loss: 5.513279
2026-02-01 15:47:35,393 [INFO] Starting Subject 119...
2026-02-01 15:47:36,732 [INFO] 被试 119 训练完成并保存。Final Test Loss: 2.307366
2026-02-01 15:47:36,733 [INFO] Starting Subject 120...
2026-02-01 15:47:38,034 [INFO] 被试 120 训练完成并保存。Final Test Loss: 3.260435
2026-02-01 15:47:38,036 [INFO] Starting Subject 121...
2026-02-01 15:47:39,349 [INFO] 被试 121 训练完成并保存。Final Test Loss: 3.247479
2026-02-01 15:47:39,351 [INFO] Starting Subject 122...
2026-02-01 15:47:40,654 [INFO] 被试 122 训练完成并保存。Final Test Loss: 4.271166
2026-02-01 15:47:40,656 [INFO] Starting Subject 123...
2026-02-01 15:47:41,957 [INFO] 被试 123 训练完成并保存。Final Test Loss: 5.180413
2026-02-01 15:47:41,958 [INFO] Starting Subject 124...
2026-02-01 15:47:43,295 [INFO] 被试 124 训练完成并保存。Final Test Loss: 3.454274
2026-02-01 15:47:43,297 [INFO] Starting Subject 125...
2026-02-01 15:47:44,615 [INFO] 被试 125 训练完成并保存。Final Test Loss: 5.114673
2026-02-01 15:47:44,617 [INFO] Starting Subject 126...
2026-02-01 15:47:45,920 [INFO] 被试 126 训练完成并保存。Final Test Loss: 3.690687
2026-02-01 15:47:45,922 [INFO] Starting Subject 127...
2026-02-01 15:47:47,232 [INFO] 被试 127 训练完成并保存。Final Test Loss: 5.662852
2026-02-01 15:47:47,234 [INFO] Starting Subject 128...
2026-02-01 15:47:48,535 [INFO] 被试 128 训练完成并保存。Final Test Loss: 4.050267
2026-02-01 15:47:48,536 [INFO] Starting Subject 129...
2026-02-01 15:47:49,853 [INFO] 被试 129 训练完成并保存。Final Test Loss: 3.300723
2026-02-01 15:47:49,854 [INFO] Starting Subject 130...
2026-02-01 15:47:51,157 [INFO] 被试 130 训练完成并保存。Final Test Loss: 5.328763
2026-02-01 15:47:51,158 [INFO] Starting Subject 131...
2026-02-01 15:47:52,474 [INFO] 被试 131 训练完成并保存。Final Test Loss: 5.960709
2026-02-01 15:47:52,475 [INFO] Starting Subject 132...
2026-02-01 15:47:53,777 [INFO] 被试 132 训练完成并保存。Final Test Loss: 3.981531
2026-02-01 15:47:53,778 [INFO] Starting Subject 133...
2026-02-01 15:47:55,080 [INFO] 被试 133 训练完成并保存。Final Test Loss: 7.092457
2026-02-01 15:47:55,082 [INFO] Starting Subject 134...
2026-02-01 15:47:56,387 [INFO] 被试 134 训练完成并保存。Final Test Loss: 4.990786
2026-02-01 15:47:56,389 [INFO] Starting Subject 135...
2026-02-01 15:47:57,696 [INFO] 被试 135 训练完成并保存。Final Test Loss: 4.743365
2026-02-01 15:47:57,698 [INFO] Starting Subject 136...
2026-02-01 15:47:58,997 [INFO] 被试 136 训练完成并保存。Final Test Loss: 4.160384
2026-02-01 15:47:58,999 [INFO] Starting Subject 137...
2026-02-01 15:48:00,303 [INFO] 被试 137 训练完成并保存。Final Test Loss: 4.725394
2026-02-01 15:48:00,305 [INFO] Starting Subject 138...
2026-02-01 15:48:01,618 [INFO] 被试 138 训练完成并保存。Final Test Loss: 5.595940
2026-02-01 15:48:01,620 [INFO] Starting Subject 139...
2026-02-01 15:48:02,927 [INFO] 被试 139 训练完成并保存。Final Test Loss: 4.728003
2026-02-01 15:48:02,928 [INFO] Starting Subject 140...
2026-02-01 15:48:04,229 [INFO] 被试 140 训练完成并保存。Final Test Loss: 8.646563
2026-02-01 15:48:04,230 [INFO] Starting Subject 141...
2026-02-01 15:48:05,531 [INFO] 被试 141 训练完成并保存。Final Test Loss: 11.885571
2026-02-01 15:48:05,533 [INFO] Starting Subject 142...
2026-02-01 15:48:06,862 [INFO] 被试 142 训练完成并保存。Final Test Loss: 5.528967
2026-02-01 15:48:06,863 [INFO] Starting Subject 143...
2026-02-01 15:48:08,180 [INFO] 被试 143 训练完成并保存。Final Test Loss: 8.658750
2026-02-01 15:48:08,181 [INFO] Starting Subject 144...
2026-02-01 15:48:09,500 [INFO] 被试 144 训练完成并保存。Final Test Loss: 6.572550
2026-02-01 15:48:09,501 [INFO] Starting Subject 145...
2026-02-01 15:48:10,812 [INFO] 被试 145 训练完成并保存。Final Test Loss: 6.879580
2026-02-01 15:48:10,813 [INFO] Starting Subject 146...
2026-02-01 15:48:12,131 [INFO] 被试 146 训练完成并保存。Final Test Loss: 6.009861
2026-02-01 15:48:12,133 [INFO] Starting Subject 147...
2026-02-01 15:48:13,448 [INFO] 被试 147 训练完成并保存。Final Test Loss: 2.059686
2026-02-01 15:48:13,450 [INFO] Starting Subject 148...
2026-02-01 15:48:14,747 [INFO] 被试 148 训练完成并保存。Final Test Loss: 1.578284
2026-02-01 15:48:14,749 [INFO] Starting Subject 149...
2026-02-01 15:48:16,054 [INFO] 被试 149 训练完成并保存。Final Test Loss: 4.154161
2026-02-01 15:48:16,056 [INFO] Starting Subject 150...
2026-02-01 15:48:17,365 [INFO] 被试 150 训练完成并保存。Final Test Loss: 3.496042
2026-02-01 15:48:17,366 [INFO] Starting Subject 151...
2026-02-01 15:48:18,686 [INFO] 被试 151 训练完成并保存。Final Test Loss: 5.324110
2026-02-01 15:48:18,688 [INFO] Starting Subject 152...
2026-02-01 15:48:19,995 [INFO] 被试 152 训练完成并保存。Final Test Loss: 2.623323
2026-02-01 15:48:19,996 [INFO] Starting Subject 153...
2026-02-01 15:48:21,300 [INFO] 被试 153 训练完成并保存。Final Test Loss: 6.068156
2026-02-01 15:48:21,302 [INFO] Starting Subject 154...
2026-02-01 15:48:22,603 [INFO] 被试 154 训练完成并保存。Final Test Loss: 4.076174
2026-02-01 15:48:22,605 [INFO] Starting Subject 155...
2026-02-01 15:48:23,913 [INFO] 被试 155 训练完成并保存。Final Test Loss: 4.242701
2026-02-01 15:48:23,914 [INFO] Starting Subject 156...
2026-02-01 15:48:25,216 [INFO] 被试 156 训练完成并保存。Final Test Loss: 4.102900
2026-02-01 15:48:25,217 [INFO] Starting Subject 157...
2026-02-01 15:48:26,522 [INFO] 被试 157 训练完成并保存。Final Test Loss: 6.680219
2026-02-01 15:48:26,523 [INFO] Starting Subject 158...
2026-02-01 15:48:27,825 [INFO] 被试 158 训练完成并保存。Final Test Loss: 4.379422
2026-02-01 15:48:27,826 [INFO] Starting Subject 159...
2026-02-01 15:48:29,129 [INFO] 被试 159 训练完成并保存。Final Test Loss: 4.124210
2026-02-01 15:48:29,130 [INFO] Starting Subject 160...
2026-02-01 15:48:30,430 [INFO] 被试 160 训练完成并保存。Final Test Loss: 3.832998
2026-02-01 15:48:30,431 [INFO] Starting Subject 161...
2026-02-01 15:48:31,734 [INFO] 被试 161 训练完成并保存。Final Test Loss: 8.284332
2026-02-01 15:48:31,735 [INFO] Starting Subject 162...
2026-02-01 15:48:33,035 [INFO] 被试 162 训练完成并保存。Final Test Loss: 4.242107
2026-02-01 15:48:33,037 [INFO] Starting Subject 163...
2026-02-01 15:48:34,341 [INFO] 被试 163 训练完成并保存。Final Test Loss: 4.639268
2026-02-01 15:48:34,342 [INFO] Starting Subject 164...
2026-02-01 15:48:35,639 [INFO] 被试 164 训练完成并保存。Final Test Loss: 5.410175
2026-02-01 15:48:35,640 [INFO] Starting Subject 165...
2026-02-01 15:48:36,940 [INFO] 被试 165 训练完成并保存。Final Test Loss: 6.156548
2026-02-01 15:48:36,941 [INFO] Starting Subject 166...
2026-02-01 15:48:38,245 [INFO] 被试 166 训练完成并保存。Final Test Loss: 5.978795
2026-02-01 15:48:38,248 [INFO] Starting Subject 167...
2026-02-01 15:48:39,551 [INFO] 被试 167 训练完成并保存。Final Test Loss: 3.630994
2026-02-01 15:48:39,553 [INFO] Starting Subject 168...
2026-02-01 15:48:40,852 [INFO] 被试 168 训练完成并保存。Final Test Loss: 6.723104
2026-02-01 15:48:40,854 [INFO] Starting Subject 169...
2026-02-01 15:48:42,154 [INFO] 被试 169 训练完成并保存。Final Test Loss: 5.909356
2026-02-01 15:48:42,156 [INFO] Starting Subject 170...
2026-02-01 15:48:43,455 [INFO] 被试 170 训练完成并保存。Final Test Loss: 5.425185
2026-02-01 15:48:43,456 [INFO] Starting Subject 171...
2026-02-01 15:48:44,763 [INFO] 被试 171 训练完成并保存。Final Test Loss: 12.030072
2026-02-01 15:48:44,765 [INFO] Starting Subject 172...
2026-02-01 15:48:46,072 [INFO] 被试 172 训练完成并保存。Final Test Loss: 7.999718
2026-02-01 15:48:46,074 [INFO] Starting Subject 173...
2026-02-01 15:48:47,375 [INFO] 被试 173 训练完成并保存。Final Test Loss: 9.796268
2026-02-01 15:48:47,377 [INFO] Starting Subject 174...
2026-02-01 15:48:48,675 [INFO] 被试 174 训练完成并保存。Final Test Loss: 7.168395
2026-02-01 15:48:48,677 [INFO] Starting Subject 175...
2026-02-01 15:48:49,981 [INFO] 被试 175 训练完成并保存。Final Test Loss: 5.678360
2026-02-01 15:48:49,982 [INFO] Starting Subject 176...
2026-02-01 15:48:51,285 [INFO] 被试 176 训练完成并保存。Final Test Loss: 8.919180
2026-02-01 15:48:51,287 [INFO] 所有预定训练任务已结束。
2026-02-01 15:56:41,194 [INFO] ============================== 可视化sub 36 的 model FC & empirical FC==============================
2026-02-01 15:56:41,195 [INFO] :
2026-02-01 15:56:41,196 [INFO]  - ROI_num: 400
2026-02-01 15:56:41,196 [INFO]  - using_steps: 5
2026-02-01 15:56:41,197 [INFO]  - hidden_dim_factor: 2
2026-02-01 15:56:41,197 [INFO]  - latent_dim_factor: 0.8
2026-02-01 15:56:41,198 [INFO]  - batch_size: 50
2026-02-01 15:56:41,199 [INFO]  - train_set_proportion: 0.8
2026-02-01 15:56:41,199 [INFO]  - num_epochs: 100
2026-02-01 15:56:41,200 [INFO] ================================================================================
2026-02-01 15:56:41,201 [INFO] Skipping Subject 36: Model already exists.
2026-02-01 15:56:41,201 [INFO] 所有预定训练任务已结束。
2026-02-01 15:57:32,294 [INFO] ============================== 可视化sub 36 的 model FC & empirical FC==============================
2026-02-01 15:57:32,295 [INFO] :
2026-02-01 15:57:32,296 [INFO]  - ROI_num: 400
2026-02-01 15:57:32,296 [INFO]  - using_steps: 5
2026-02-01 15:57:32,297 [INFO]  - hidden_dim_factor: 2
2026-02-01 15:57:32,297 [INFO]  - latent_dim_factor: 0.8
2026-02-01 15:57:32,298 [INFO]  - batch_size: 50
2026-02-01 15:57:32,299 [INFO]  - train_set_proportion: 0.8
2026-02-01 15:57:32,299 [INFO]  - num_epochs: 100
2026-02-01 15:57:32,300 [INFO] ================================================================================
2026-02-01 15:58:20,131 [INFO] ============================== 可视化sub 36 的 model FC & empirical FC==============================
2026-02-01 15:58:20,131 [INFO] :
2026-02-01 15:58:20,132 [INFO] ================================================================================
2026-02-01 15:59:03,814 [INFO] Starting calculating the correlation result!
2026-02-01 15:59:04,828 [INFO] Sub 0 EC already exists. Skipping calculation.
2026-02-01 15:59:04,829 [INFO] Sub 0 Done. r = 0.8730, p = 0.00e+00
2026-02-01 15:59:05,799 [INFO] Sub 1 EC already exists. Skipping calculation.
2026-02-01 15:59:05,799 [INFO] Sub 1 Done. r = 0.6551, p = 0.00e+00
2026-02-01 15:59:06,766 [INFO] Sub 2 EC already exists. Skipping calculation.
2026-02-01 15:59:06,766 [INFO] Sub 2 Done. r = 0.5871, p = 0.00e+00
2026-02-01 15:59:07,725 [INFO] Sub 3 EC already exists. Skipping calculation.
2026-02-01 15:59:07,726 [INFO] Sub 3 Done. r = 0.8020, p = 0.00e+00
2026-02-01 15:59:08,686 [INFO] Sub 4 EC already exists. Skipping calculation.
2026-02-01 15:59:08,686 [INFO] Sub 4 Done. r = 0.6074, p = 0.00e+00
2026-02-01 15:59:09,649 [INFO] Sub 5 EC already exists. Skipping calculation.
2026-02-01 15:59:09,650 [INFO] Sub 5 Done. r = 0.7131, p = 0.00e+00
2026-02-01 15:59:10,603 [INFO] Sub 6 EC already exists. Skipping calculation.
2026-02-01 15:59:10,603 [INFO] Sub 6 Done. r = 0.7202, p = 0.00e+00
2026-02-01 15:59:11,554 [INFO] Sub 7 EC already exists. Skipping calculation.
2026-02-01 15:59:11,555 [INFO] Sub 7 Done. r = 0.7179, p = 0.00e+00
2026-02-01 15:59:12,494 [INFO] Sub 8 EC already exists. Skipping calculation.
2026-02-01 15:59:12,495 [INFO] Sub 8 Done. r = 0.7039, p = 0.00e+00
2026-02-01 15:59:13,432 [INFO] Sub 9 EC already exists. Skipping calculation.
2026-02-01 15:59:13,433 [INFO] Sub 9 Done. r = 0.8516, p = 0.00e+00
2026-02-01 15:59:14,387 [INFO] Sub 10 EC already exists. Skipping calculation.
2026-02-01 15:59:14,387 [INFO] Sub 10 Done. r = 0.6739, p = 0.00e+00
2026-02-01 15:59:15,339 [INFO] Sub 11 EC already exists. Skipping calculation.
2026-02-01 15:59:15,339 [INFO] Sub 11 Done. r = 0.8498, p = 0.00e+00
2026-02-01 15:59:16,306 [INFO] Sub 12 EC already exists. Skipping calculation.
2026-02-01 15:59:16,307 [INFO] Sub 12 Done. r = 0.8196, p = 0.00e+00
2026-02-01 15:59:17,270 [INFO] Sub 13 EC already exists. Skipping calculation.
2026-02-01 15:59:17,271 [INFO] Sub 13 Done. r = 0.8310, p = 0.00e+00
2026-02-01 15:59:18,242 [INFO] Sub 14 EC already exists. Skipping calculation.
2026-02-01 15:59:18,242 [INFO] Sub 14 Done. r = 0.6327, p = 0.00e+00
2026-02-01 15:59:19,215 [INFO] Sub 15 EC already exists. Skipping calculation.
2026-02-01 15:59:19,215 [INFO] Sub 15 Done. r = 0.7470, p = 0.00e+00
2026-02-01 15:59:20,189 [INFO] Sub 16 EC already exists. Skipping calculation.
2026-02-01 15:59:20,189 [INFO] Sub 16 Done. r = 0.8033, p = 0.00e+00
2026-02-01 15:59:21,156 [INFO] Sub 17 EC already exists. Skipping calculation.
2026-02-01 15:59:21,157 [INFO] Sub 17 Done. r = 0.8450, p = 0.00e+00
2026-02-01 15:59:22,112 [INFO] Sub 18 EC already exists. Skipping calculation.
2026-02-01 15:59:22,113 [INFO] Sub 18 Done. r = 0.7910, p = 0.00e+00
2026-02-01 15:59:23,069 [INFO] Sub 19 EC already exists. Skipping calculation.
2026-02-01 15:59:23,070 [INFO] Sub 19 Done. r = 0.6557, p = 0.00e+00
2026-02-01 16:17:51,137 [INFO] ============================== 可视化sub 36 的 model FC & empirical FC==============================
2026-02-01 16:17:51,138 [INFO] :
2026-02-01 16:17:51,138 [INFO] ================================================================================
2026-02-01 16:18:21,073 [INFO] Starting calculating the correlation result!
2026-02-01 16:18:23,688 [INFO] Sub 0 Done. r = 0.7910, p = 0.00e+00
2026-02-01 16:18:25,781 [INFO] Sub 1 Done. r = 0.7369, p = 0.00e+00
2026-02-01 16:18:27,857 [INFO] Sub 2 Done. r = 0.6199, p = 0.00e+00
2026-02-01 16:18:29,911 [INFO] Sub 3 Done. r = 0.8858, p = 0.00e+00
2026-02-01 16:18:31,990 [INFO] Sub 4 Done. r = 0.7882, p = 0.00e+00
2026-02-01 16:18:34,055 [INFO] Sub 5 Done. r = 0.6617, p = 0.00e+00
2026-02-01 16:18:36,117 [INFO] Sub 6 Done. r = 0.7207, p = 0.00e+00
2026-02-01 16:18:38,153 [INFO] Sub 7 Done. r = 0.8574, p = 0.00e+00
2026-02-01 16:18:40,180 [INFO] Sub 8 Done. r = 0.7579, p = 0.00e+00
2026-02-01 16:18:42,224 [INFO] Sub 9 Done. r = 0.9055, p = 0.00e+00
2026-02-01 16:18:44,294 [INFO] Sub 10 Done. r = 0.7282, p = 0.00e+00
2026-02-01 16:18:46,322 [INFO] Sub 11 Done. r = 0.9046, p = 0.00e+00
2026-02-01 16:18:48,351 [INFO] Sub 12 Done. r = 0.8871, p = 0.00e+00
2026-02-01 16:18:50,409 [INFO] Sub 13 Done. r = 0.8326, p = 0.00e+00
2026-02-01 16:18:52,432 [INFO] Sub 14 Done. r = 0.5883, p = 0.00e+00
2026-02-01 16:18:54,482 [INFO] Sub 15 Done. r = 0.8314, p = 0.00e+00
2026-02-01 16:18:56,516 [INFO] Sub 16 Done. r = 0.7802, p = 0.00e+00
2026-02-01 16:18:58,602 [INFO] Sub 17 Done. r = 0.8104, p = 0.00e+00
2026-02-01 16:19:00,639 [INFO] Sub 18 Done. r = 0.8054, p = 0.00e+00
2026-02-01 16:19:02,704 [INFO] Sub 19 Done. r = 0.7223, p = 0.00e+00
2026-02-01 16:19:02,708 [INFO] 
统计结果已保存至: F:\NPI_results\bs_50\NPI_Statistics_Summary.csv
2026-02-01 16:21:24,108 [INFO] ============================== 可视化sub 36 的 model FC & empirical FC==============================
2026-02-01 16:21:24,109 [INFO] :
2026-02-01 16:21:24,110 [INFO] ================================================================================
2026-02-01 16:23:11,303 [INFO] ============================== 可视化sub 36 的 model FC & empirical FC==============================
2026-02-01 16:23:11,304 [INFO] :
2026-02-01 16:23:11,305 [INFO] ================================================================================
2026-02-01 16:23:51,977 [INFO] ============================== 可视化sub 36 的 model FC & empirical FC==============================
2026-02-01 16:23:51,978 [INFO] :
2026-02-01 16:23:51,979 [INFO] ================================================================================
2026-02-01 16:24:43,470 [INFO] ============================== 可视化sub 36 的 model FC & empirical FC==============================
2026-02-01 16:24:43,471 [INFO] :
2026-02-01 16:24:43,472 [INFO] ================================================================================
2026-02-01 16:28:52,499 [INFO] Starting calculating the correlation result!
2026-02-01 16:28:53,558 [INFO] Sub 0 EC already exists. Skipping calculation.
2026-02-01 16:28:53,559 [INFO] Sub 0 Done. r = 0.8248, p = 0.00e+00
2026-02-01 16:28:54,538 [INFO] Sub 1 EC already exists. Skipping calculation.
2026-02-01 16:28:54,539 [INFO] Sub 1 Done. r = 0.8501, p = 0.00e+00
2026-02-01 16:28:55,534 [INFO] Sub 2 EC already exists. Skipping calculation.
2026-02-01 16:28:55,535 [INFO] Sub 2 Done. r = 0.6131, p = 0.00e+00
2026-02-01 16:28:56,507 [INFO] Sub 3 EC already exists. Skipping calculation.
2026-02-01 16:28:56,508 [INFO] Sub 3 Done. r = 0.8876, p = 0.00e+00
2026-02-01 16:28:57,499 [INFO] Sub 4 EC already exists. Skipping calculation.
2026-02-01 16:28:57,500 [INFO] Sub 4 Done. r = 0.7910, p = 0.00e+00
2026-02-01 16:28:58,509 [INFO] Sub 5 EC already exists. Skipping calculation.
2026-02-01 16:28:58,510 [INFO] Sub 5 Done. r = 0.6310, p = 0.00e+00
2026-02-01 16:28:59,477 [INFO] Sub 6 EC already exists. Skipping calculation.
2026-02-01 16:28:59,478 [INFO] Sub 6 Done. r = 0.7044, p = 0.00e+00
2026-02-01 16:29:00,435 [INFO] Sub 7 EC already exists. Skipping calculation.
2026-02-01 16:29:00,436 [INFO] Sub 7 Done. r = 0.8512, p = 0.00e+00
2026-02-01 16:29:01,384 [INFO] Sub 8 EC already exists. Skipping calculation.
2026-02-01 16:29:01,384 [INFO] Sub 8 Done. r = 0.7490, p = 0.00e+00
2026-02-01 16:29:02,336 [INFO] Sub 9 EC already exists. Skipping calculation.
2026-02-01 16:29:02,336 [INFO] Sub 9 Done. r = 0.8895, p = 0.00e+00
2026-02-01 16:29:03,287 [INFO] Sub 10 EC already exists. Skipping calculation.
2026-02-01 16:29:03,287 [INFO] Sub 10 Done. r = 0.7215, p = 0.00e+00
2026-02-01 16:29:04,253 [INFO] Sub 11 EC already exists. Skipping calculation.
2026-02-01 16:29:04,253 [INFO] Sub 11 Done. r = 0.8958, p = 0.00e+00
2026-02-01 16:29:05,228 [INFO] Sub 12 EC already exists. Skipping calculation.
2026-02-01 16:29:05,229 [INFO] Sub 12 Done. r = 0.8969, p = 0.00e+00
2026-02-01 16:29:06,179 [INFO] Sub 13 EC already exists. Skipping calculation.
2026-02-01 16:29:06,179 [INFO] Sub 13 Done. r = 0.8664, p = 0.00e+00
2026-02-01 16:29:07,139 [INFO] Sub 14 EC already exists. Skipping calculation.
2026-02-01 16:29:07,140 [INFO] Sub 14 Done. r = 0.5993, p = 0.00e+00
2026-02-01 16:29:08,108 [INFO] Sub 15 EC already exists. Skipping calculation.
2026-02-01 16:29:08,108 [INFO] Sub 15 Done. r = 0.8406, p = 0.00e+00
2026-02-01 16:29:09,065 [INFO] Sub 16 EC already exists. Skipping calculation.
2026-02-01 16:29:09,066 [INFO] Sub 16 Done. r = 0.7820, p = 0.00e+00
2026-02-01 16:29:10,024 [INFO] Sub 17 EC already exists. Skipping calculation.
2026-02-01 16:29:10,024 [INFO] Sub 17 Done. r = 0.8204, p = 0.00e+00
2026-02-01 16:29:10,975 [INFO] Sub 18 EC already exists. Skipping calculation.
2026-02-01 16:29:10,975 [INFO] Sub 18 Done. r = 0.8064, p = 0.00e+00
2026-02-01 16:29:11,939 [INFO] Sub 19 EC already exists. Skipping calculation.
2026-02-01 16:29:11,940 [INFO] Sub 19 Done. r = 0.7238, p = 0.00e+00
2026-02-01 16:29:14,484 [INFO] Sub 20 Done. r = 0.3051, p = 0.00e+00
2026-02-01 16:29:16,578 [INFO] Sub 21 Done. r = 0.8855, p = 0.00e+00
2026-02-01 16:29:18,661 [INFO] Sub 22 Done. r = 0.7916, p = 0.00e+00
2026-02-01 16:29:20,775 [INFO] Sub 23 Done. r = 0.7718, p = 0.00e+00
2026-02-01 16:29:22,989 [INFO] Sub 24 Done. r = 0.8745, p = 0.00e+00
2026-02-01 16:29:25,110 [INFO] Sub 25 Done. r = 0.8366, p = 0.00e+00
2026-02-01 16:29:27,183 [INFO] Sub 26 Done. r = 0.7829, p = 0.00e+00
2026-02-01 16:29:29,231 [INFO] Sub 27 Done. r = 0.9239, p = 0.00e+00
2026-02-01 16:29:31,287 [INFO] Sub 28 Done. r = 0.7820, p = 0.00e+00
2026-02-01 16:29:33,345 [INFO] Sub 29 Done. r = 0.8897, p = 0.00e+00
2026-02-01 16:29:35,386 [INFO] Sub 30 Done. r = 0.9121, p = 0.00e+00
2026-02-01 16:29:37,423 [INFO] Sub 31 Done. r = 0.8515, p = 0.00e+00
2026-02-01 16:29:39,457 [INFO] Sub 32 Done. r = 0.7642, p = 0.00e+00
2026-02-01 16:29:41,507 [INFO] Sub 33 Done. r = 0.5762, p = 0.00e+00
2026-02-01 16:29:43,570 [INFO] Sub 34 Done. r = 0.8224, p = 0.00e+00
2026-02-01 16:29:45,612 [INFO] Sub 35 Done. r = 0.8497, p = 0.00e+00
2026-02-01 16:29:46,291 [WARNING] Sub 36 contains NaN/Inf! Cleaning data...
2026-02-01 16:29:46,292 [ERROR] Sub 36 data is completely invalid!
2026-02-01 16:29:47,681 [INFO] Sub 36 Done. r = 0.0000, p = 1.00e+00
2026-02-01 16:29:49,733 [INFO] Sub 37 Done. r = 0.8021, p = 0.00e+00
2026-02-01 16:29:51,810 [INFO] Sub 38 Done. r = 0.8772, p = 0.00e+00
2026-02-01 16:29:53,850 [INFO] Sub 39 Done. r = 0.8068, p = 0.00e+00
2026-02-01 16:29:55,887 [INFO] Sub 40 Done. r = 0.8902, p = 0.00e+00
2026-02-01 16:29:57,945 [INFO] Sub 41 Done. r = 0.8725, p = 0.00e+00
2026-02-01 16:29:59,996 [INFO] Sub 42 Done. r = 0.7542, p = 0.00e+00
2026-02-01 16:30:02,039 [INFO] Sub 43 Done. r = 0.8522, p = 0.00e+00
2026-02-01 16:30:04,098 [INFO] Sub 44 Done. r = 0.8162, p = 0.00e+00
2026-02-01 16:30:06,118 [INFO] Sub 45 Done. r = 0.9012, p = 0.00e+00
2026-02-01 16:30:08,184 [INFO] Sub 46 Done. r = 0.8553, p = 0.00e+00
2026-02-01 16:30:10,222 [INFO] Sub 47 Done. r = 0.8146, p = 0.00e+00
2026-02-01 16:30:12,274 [INFO] Sub 48 Done. r = 0.7380, p = 0.00e+00
2026-02-01 16:30:14,312 [INFO] Sub 49 Done. r = 0.7943, p = 0.00e+00
2026-02-01 16:30:16,361 [INFO] Sub 50 Done. r = 0.6909, p = 0.00e+00
2026-02-01 16:30:18,391 [INFO] Sub 51 Done. r = 0.8162, p = 0.00e+00
2026-02-01 16:30:20,447 [INFO] Sub 52 Done. r = 0.8416, p = 0.00e+00
2026-02-01 16:30:22,498 [INFO] Sub 53 Done. r = 0.8555, p = 0.00e+00
2026-02-01 16:30:24,539 [INFO] Sub 54 Done. r = 0.8741, p = 0.00e+00
2026-02-01 16:30:26,582 [INFO] Sub 55 Done. r = 0.7006, p = 0.00e+00
2026-02-01 16:30:28,602 [INFO] Sub 56 Done. r = 0.8660, p = 0.00e+00
2026-02-01 16:30:30,634 [INFO] Sub 57 Done. r = 0.8655, p = 0.00e+00
2026-02-01 16:30:32,696 [INFO] Sub 58 Done. r = 0.7676, p = 0.00e+00
2026-02-01 16:30:34,768 [INFO] Sub 59 Done. r = 0.8715, p = 0.00e+00
2026-02-01 16:30:36,818 [INFO] Sub 60 Done. r = 0.8801, p = 0.00e+00
2026-02-01 16:30:38,879 [INFO] Sub 61 Done. r = 0.5527, p = 0.00e+00
2026-02-01 16:30:40,917 [INFO] Sub 62 Done. r = 0.6331, p = 0.00e+00
2026-02-01 16:30:42,994 [INFO] Sub 63 Done. r = 0.7036, p = 0.00e+00
2026-02-01 16:30:45,092 [INFO] Sub 64 Done. r = 0.8096, p = 0.00e+00
2026-02-01 16:30:47,168 [INFO] Sub 65 Done. r = 0.8419, p = 0.00e+00
2026-02-01 16:30:49,215 [INFO] Sub 66 Done. r = 0.8270, p = 0.00e+00
2026-02-01 16:30:51,258 [INFO] Sub 67 Done. r = 0.7897, p = 0.00e+00
2026-02-01 16:30:53,317 [INFO] Sub 68 Done. r = 0.8817, p = 0.00e+00
2026-02-01 16:30:55,376 [INFO] Sub 69 Done. r = 0.8036, p = 0.00e+00
2026-02-01 16:30:57,438 [INFO] Sub 70 Done. r = 0.8921, p = 0.00e+00
2026-02-01 16:30:59,514 [INFO] Sub 71 Done. r = 0.8668, p = 0.00e+00
2026-02-01 16:31:01,579 [INFO] Sub 72 Done. r = 0.7182, p = 0.00e+00
2026-02-01 16:31:03,607 [INFO] Sub 73 Done. r = 0.8136, p = 0.00e+00
2026-02-01 16:31:05,662 [INFO] Sub 74 Done. r = 0.8449, p = 0.00e+00
2026-02-01 16:31:07,742 [INFO] Sub 75 Done. r = 0.8654, p = 0.00e+00
2026-02-01 16:31:09,854 [INFO] Sub 76 Done. r = 0.6344, p = 0.00e+00
2026-02-01 16:31:11,949 [INFO] Sub 77 Done. r = 0.6724, p = 0.00e+00
2026-02-01 16:31:14,109 [INFO] Sub 78 Done. r = 0.8122, p = 0.00e+00
2026-02-01 16:31:16,158 [INFO] Sub 79 Done. r = 0.9042, p = 0.00e+00
2026-02-01 16:31:18,236 [INFO] Sub 80 Done. r = 0.8390, p = 0.00e+00
2026-02-01 16:31:20,288 [INFO] Sub 81 Done. r = 0.8651, p = 0.00e+00
2026-02-01 16:31:22,370 [INFO] Sub 82 Done. r = 0.7332, p = 0.00e+00
2026-02-01 16:31:24,442 [INFO] Sub 83 Done. r = 0.9156, p = 0.00e+00
2026-02-01 16:31:26,546 [INFO] Sub 84 Done. r = 0.8904, p = 0.00e+00
2026-02-01 16:31:28,613 [INFO] Sub 85 Done. r = 0.7784, p = 0.00e+00
2026-02-01 16:31:30,681 [INFO] Sub 86 Done. r = 0.8815, p = 0.00e+00
2026-02-01 16:31:32,731 [INFO] Sub 87 Done. r = 0.6383, p = 0.00e+00
2026-02-01 16:31:34,811 [INFO] Sub 88 Done. r = 0.7438, p = 0.00e+00
2026-02-01 16:31:36,850 [INFO] Sub 89 Done. r = 0.7891, p = 0.00e+00
2026-02-01 16:31:38,907 [INFO] Sub 90 Done. r = 0.7901, p = 0.00e+00
2026-02-01 16:31:40,970 [INFO] Sub 91 Done. r = 0.8893, p = 0.00e+00
2026-02-01 16:31:43,033 [INFO] Sub 92 Done. r = 0.8519, p = 0.00e+00
2026-02-01 16:31:45,216 [INFO] Sub 93 Done. r = 0.9240, p = 0.00e+00
2026-02-01 16:31:47,342 [INFO] Sub 94 Done. r = 0.9528, p = 0.00e+00
2026-02-01 16:31:49,434 [INFO] Sub 95 Done. r = 0.8668, p = 0.00e+00
2026-02-01 16:31:51,504 [INFO] Sub 96 Done. r = 0.8174, p = 0.00e+00
2026-02-01 16:31:53,555 [INFO] Sub 97 Done. r = 0.8484, p = 0.00e+00
2026-02-01 16:31:55,606 [INFO] Sub 98 Done. r = 0.8929, p = 0.00e+00
2026-02-01 16:31:57,665 [INFO] Sub 99 Done. r = 0.6471, p = 0.00e+00
2026-02-01 16:31:59,741 [INFO] Sub 100 Done. r = 0.6482, p = 0.00e+00
2026-02-01 16:32:01,800 [INFO] Sub 101 Done. r = 0.7404, p = 0.00e+00
2026-02-01 16:32:03,868 [INFO] Sub 102 Done. r = 0.8773, p = 0.00e+00
2026-02-01 16:32:05,924 [INFO] Sub 103 Done. r = 0.8686, p = 0.00e+00
2026-02-01 16:32:07,968 [INFO] Sub 104 Done. r = 0.8411, p = 0.00e+00
2026-02-01 16:32:10,018 [INFO] Sub 105 Done. r = 0.8677, p = 0.00e+00
2026-02-01 16:32:12,050 [INFO] Sub 106 Done. r = 0.6458, p = 0.00e+00
2026-02-01 16:32:14,132 [INFO] Sub 107 Done. r = 0.8150, p = 0.00e+00
2026-02-01 16:32:16,257 [INFO] Sub 108 Done. r = 0.8158, p = 0.00e+00
2026-02-01 16:32:18,325 [INFO] Sub 109 Done. r = 0.8639, p = 0.00e+00
2026-02-01 16:32:20,398 [INFO] Sub 110 Done. r = 0.8580, p = 0.00e+00
2026-02-01 16:32:22,479 [INFO] Sub 111 Done. r = 0.8146, p = 0.00e+00
2026-02-01 16:32:24,530 [INFO] Sub 112 Done. r = 0.8519, p = 0.00e+00
2026-02-01 16:32:26,566 [INFO] Sub 113 Done. r = 0.8407, p = 0.00e+00
2026-02-01 16:32:28,645 [INFO] Sub 114 Done. r = 0.5726, p = 0.00e+00
2026-02-01 16:32:30,713 [INFO] Sub 115 Done. r = 0.8231, p = 0.00e+00
2026-02-01 16:32:32,770 [INFO] Sub 116 Done. r = 0.8193, p = 0.00e+00
2026-02-01 16:32:34,853 [INFO] Sub 117 Done. r = 0.8049, p = 0.00e+00
2026-02-01 16:32:36,890 [INFO] Sub 118 Done. r = 0.7868, p = 0.00e+00
2026-02-01 16:32:38,908 [INFO] Sub 119 Done. r = 0.8367, p = 0.00e+00
2026-02-01 16:32:40,932 [INFO] Sub 120 Done. r = 0.8704, p = 0.00e+00
2026-02-01 16:32:42,960 [INFO] Sub 121 Done. r = 0.8760, p = 0.00e+00
2026-02-01 16:32:44,998 [INFO] Sub 122 Done. r = 0.8531, p = 0.00e+00
2026-02-01 16:32:47,030 [INFO] Sub 123 Done. r = 0.7951, p = 0.00e+00
2026-02-01 16:32:49,055 [INFO] Sub 124 Done. r = 0.8330, p = 0.00e+00
2026-02-01 16:32:51,076 [INFO] Sub 125 Done. r = 0.8670, p = 0.00e+00
2026-02-01 16:32:53,144 [INFO] Sub 126 Done. r = 0.8829, p = 0.00e+00
2026-02-01 16:32:55,163 [INFO] Sub 127 Done. r = 0.7190, p = 0.00e+00
2026-02-01 16:32:57,181 [INFO] Sub 128 Done. r = 0.8920, p = 0.00e+00
2026-02-01 16:32:59,205 [INFO] Sub 129 Done. r = 0.8365, p = 0.00e+00
2026-02-01 16:33:01,240 [INFO] Sub 130 Done. r = 0.4335, p = 0.00e+00
2026-02-01 16:33:03,281 [INFO] Sub 131 Done. r = 0.7679, p = 0.00e+00
2026-02-01 16:33:05,310 [INFO] Sub 132 Done. r = 0.8360, p = 0.00e+00
2026-02-01 16:33:07,320 [INFO] Sub 133 Done. r = 0.8689, p = 0.00e+00
2026-02-01 16:33:09,348 [INFO] Sub 134 Done. r = 0.8280, p = 0.00e+00
2026-02-01 16:33:11,357 [INFO] Sub 135 Done. r = 0.8563, p = 0.00e+00
2026-02-01 16:33:13,387 [INFO] Sub 136 Done. r = 0.8715, p = 0.00e+00
2026-02-01 16:33:15,434 [INFO] Sub 137 Done. r = 0.8426, p = 0.00e+00
2026-02-01 16:33:17,459 [INFO] Sub 138 Done. r = 0.8557, p = 0.00e+00
2026-02-01 16:33:19,489 [INFO] Sub 139 Done. r = 0.8528, p = 0.00e+00
2026-02-01 16:33:21,530 [INFO] Sub 140 Done. r = 0.7151, p = 0.00e+00
2026-02-01 16:33:23,558 [INFO] Sub 141 Done. r = 0.7925, p = 0.00e+00
2026-02-01 16:33:25,589 [INFO] Sub 142 Done. r = 0.8093, p = 0.00e+00
2026-02-01 16:33:27,637 [INFO] Sub 143 Done. r = 0.7630, p = 0.00e+00
2026-02-01 16:33:29,698 [INFO] Sub 144 Done. r = 0.8488, p = 0.00e+00
2026-02-01 16:33:31,741 [INFO] Sub 145 Done. r = 0.8558, p = 0.00e+00
2026-02-01 16:33:33,798 [INFO] Sub 146 Done. r = 0.7453, p = 0.00e+00
2026-02-01 16:33:35,829 [INFO] Sub 147 Done. r = 0.7390, p = 0.00e+00
2026-02-01 16:33:37,885 [INFO] Sub 148 Done. r = 0.8312, p = 0.00e+00
2026-02-01 16:33:39,974 [INFO] Sub 149 Done. r = 0.7608, p = 0.00e+00
2026-02-01 16:33:42,051 [INFO] Sub 150 Done. r = 0.7866, p = 0.00e+00
2026-02-01 16:33:44,175 [INFO] Sub 151 Done. r = 0.8367, p = 0.00e+00
2026-02-01 16:33:46,285 [INFO] Sub 152 Done. r = 0.8626, p = 0.00e+00
2026-02-01 16:33:48,340 [INFO] Sub 153 Done. r = 0.7851, p = 0.00e+00
2026-02-01 16:33:50,425 [INFO] Sub 154 Done. r = 0.8642, p = 0.00e+00
2026-02-01 16:33:52,497 [INFO] Sub 155 Done. r = 0.6545, p = 0.00e+00
2026-02-01 16:33:54,556 [INFO] Sub 156 Done. r = 0.8434, p = 0.00e+00
2026-02-01 16:33:56,591 [INFO] Sub 157 Done. r = 0.8366, p = 0.00e+00
2026-02-01 16:33:58,688 [INFO] Sub 158 Done. r = 0.8263, p = 0.00e+00
2026-02-01 16:34:00,718 [INFO] Sub 159 Done. r = 0.8035, p = 0.00e+00
2026-02-01 16:34:02,780 [INFO] Sub 160 Done. r = 0.8460, p = 0.00e+00
2026-02-01 16:34:04,830 [INFO] Sub 161 Done. r = 0.8063, p = 0.00e+00
2026-02-01 16:34:06,898 [INFO] Sub 162 Done. r = 0.8526, p = 0.00e+00
2026-02-01 16:34:08,939 [INFO] Sub 163 Done. r = 0.8919, p = 0.00e+00
2026-02-01 16:34:10,990 [INFO] Sub 164 Done. r = 0.8060, p = 0.00e+00
2026-02-01 16:34:13,041 [INFO] Sub 165 Done. r = 0.8619, p = 0.00e+00
2026-02-01 16:34:15,120 [INFO] Sub 166 Done. r = 0.6821, p = 0.00e+00
2026-02-01 16:34:17,284 [INFO] Sub 167 Done. r = 0.8810, p = 0.00e+00
2026-02-01 16:34:19,428 [INFO] Sub 168 Done. r = 0.7921, p = 0.00e+00
2026-02-01 16:34:21,584 [INFO] Sub 169 Done. r = 0.7857, p = 0.00e+00
2026-02-01 16:34:23,738 [INFO] Sub 170 Done. r = 0.8539, p = 0.00e+00
2026-02-01 16:34:25,845 [INFO] Sub 171 Done. r = 0.8242, p = 0.00e+00
2026-02-01 16:34:27,866 [INFO] Sub 172 Done. r = 0.8549, p = 0.00e+00
2026-02-01 16:34:29,907 [INFO] Sub 173 Done. r = 0.8687, p = 0.00e+00
2026-02-01 16:34:31,924 [INFO] Sub 174 Done. r = 0.6893, p = 0.00e+00
2026-02-01 16:34:33,973 [INFO] Sub 175 Done. r = 0.7641, p = 0.00e+00
2026-02-01 16:34:35,997 [INFO] Sub 176 Done. r = 0.8148, p = 0.00e+00
2026-02-01 16:34:36,003 [INFO] 
统计结果已保存至: F:\NPI_results\bs_50\NPI_Statistics_Summary.csv
2026-02-01 16:49:39,126 [INFO] ============================== 可视化sub 36 的 model FC & empirical FC==============================
2026-02-01 16:49:39,128 [INFO] :
2026-02-01 16:49:39,129 [INFO] ================================================================================
2026-02-01 16:50:50,409 [INFO] Starting Subject 36...
2026-02-01 16:50:51,886 [INFO] 被试 36 训练完成并保存。Final Test Loss: 9.309617
2026-02-01 16:50:51,889 [INFO] 所有预定训练任务已结束。
2026-02-01 16:51:02,473 [INFO] ============================== 可视化sub 36 的 model FC & empirical FC==============================
2026-02-01 16:51:02,474 [INFO] :
2026-02-01 16:51:02,475 [INFO] ================================================================================
2026-02-01 16:57:07,242 [INFO] ============================== 可视化sub 36 的 model FC & empirical FC==============================
2026-02-01 16:57:07,242 [INFO] :
2026-02-01 16:57:07,243 [INFO] ================================================================================
2026-02-01 16:57:59,619 [INFO] Starting Subject 36...
2026-02-01 16:58:01,182 [INFO] 被试 36 训练完成并保存。Final Test Loss: 9.095452
2026-02-01 16:58:01,183 [INFO] 所有预定训练任务已结束。
2026-02-01 16:58:47,314 [INFO] ============================== 可视化sub 36 的 model FC & empirical FC==============================
2026-02-01 16:58:47,316 [INFO] :
2026-02-01 16:58:47,317 [INFO] ================================================================================
2026-02-01 17:02:07,063 [INFO] ============================== 可视化sub 36 的 model FC & empirical FC==============================
2026-02-01 17:02:07,064 [INFO] :
2026-02-01 17:02:07,065 [INFO] ================================================================================
2026-02-01 17:02:43,785 [INFO] ============================== 可视化sub 36 的 model FC & empirical FC==============================
2026-02-01 17:02:43,786 [INFO] :
2026-02-01 17:02:43,787 [INFO] ================================================================================
2026-02-01 21:56:16,605 [INFO] ============================== 可视化sub 36 的 model FC & empirical FC==============================
2026-02-01 21:56:16,607 [INFO] :
2026-02-01 21:56:16,608 [INFO] ================================================================================
2026-02-01 21:56:28,782 [INFO] ============================== 可视化sub 36 的 model FC & empirical FC==============================
2026-02-01 21:56:28,784 [INFO] :
2026-02-01 21:56:28,785 [INFO] ================================================================================
2026-02-01 22:23:09,016 [INFO] Starting Subject 36...
2026-02-01 22:23:10,663 [INFO] 被试 36 训练完成并保存。Final Test Loss: 9.287624
2026-02-01 22:23:10,665 [INFO] 所有预定训练任务已结束。
2026-02-01 22:23:26,444 [INFO] ============================== 可视化sub 36 的 model FC & empirical FC==============================
2026-02-01 22:23:26,445 [INFO] :
2026-02-01 22:23:26,446 [INFO] ================================================================================
2026-02-01 22:23:38,217 [INFO] ============================== 可视化sub 36 的 model FC & empirical FC==============================
2026-02-01 22:23:38,218 [INFO] :
2026-02-01 22:23:38,218 [INFO] ================================================================================
2026-02-01 22:26:35,588 [INFO] ============================== 可视化sub 36 的 model FC & empirical FC==============================
2026-02-01 22:26:35,589 [INFO] :
2026-02-01 22:26:35,590 [INFO] ================================================================================
2026-02-01 22:35:02,376 [INFO] ============================== 可视化sub 36 的 model FC & empirical FC==============================
2026-02-01 22:35:02,377 [INFO] :
2026-02-01 22:35:02,377 [INFO] ================================================================================
2026-02-01 22:35:43,575 [INFO] ============================== 可视化sub <built-in function id> 的 model FC & empirical FC==============================
2026-02-01 22:35:43,577 [INFO] :
2026-02-01 22:35:43,578 [INFO] ================================================================================
2026-02-01 22:36:08,919 [INFO] ============================== 可视化sub <built-in function id> 的 model FC & empirical FC==============================
2026-02-01 22:36:08,920 [INFO] :
2026-02-01 22:36:08,921 [INFO] ================================================================================
2026-02-02 11:13:38,290 [INFO] ============================== FC and EC START ==============================
2026-02-02 11:13:38,290 [INFO] ================================================================================
2026-02-02 11:14:04,866 [INFO] ============================== FC and EC START ==============================
2026-02-02 11:14:04,867 [INFO] ================================================================================
2026-02-02 11:14:50,704 [INFO] ============================== FC and EC START ==============================
2026-02-02 11:14:50,705 [INFO] ================================================================================
2026-02-02 11:15:07,701 [INFO] ============================== FC and EC START ==============================
2026-02-02 11:15:07,702 [INFO] ================================================================================
2026-02-02 11:15:09,689 [ERROR] !!! Sub 0 发生毁灭性错误: log() missing 1 required positional argument: 'msg'
2026-02-02 11:17:19,094 [INFO] ============================== FC and EC START ==============================
2026-02-02 11:17:19,096 [INFO] ================================================================================
2026-02-02 11:17:20,175 [INFO]  Sub 0 FC correlation: r = 0.7273619454948085, p = 0.0
2026-02-02 11:17:47,115 [INFO] ============================== FC and EC START ==============================
2026-02-02 11:17:47,116 [INFO] ================================================================================
2026-02-02 11:17:48,251 [INFO]  Sub 0 FC correlation: r = 0.7869854006161223, p = 0.0
2026-02-02 11:17:48,252 [INFO] Sub 0 EC already exists. Skipping calculation.
2026-02-02 12:11:23,456 [INFO] ============================== FC and EC START ==============================
2026-02-02 12:11:23,457 [INFO] ================================================================================
2026-02-02 12:11:24,643 [INFO]  Sub 0 FC correlation: r = 0.7915769132636161, p = 0.0
2026-02-02 12:11:24,644 [INFO] Calculating EC for Sub 0...
2026-02-02 12:11:26,393 [INFO] Sub 0 EC saved to F:\NPI_results\bs_50\EC_Sub_0.mat
2026-02-02 12:11:27,077 [INFO]  Sub 1 FC correlation: r = 0.6883850221510361, p = 0.0
2026-02-02 12:11:27,078 [INFO] Calculating EC for Sub 1...
2026-02-02 12:11:28,568 [INFO] Sub 1 EC saved to F:\NPI_results\bs_50\EC_Sub_1.mat
2026-02-02 12:11:29,235 [INFO]  Sub 2 FC correlation: r = 0.6228306289062192, p = 0.0
2026-02-02 12:11:29,236 [INFO] Calculating EC for Sub 2...
2026-02-02 12:11:30,723 [INFO] Sub 2 EC saved to F:\NPI_results\bs_50\EC_Sub_2.mat
2026-02-02 12:11:31,395 [INFO]  Sub 3 FC correlation: r = 0.8810705392727001, p = 0.0
2026-02-02 12:11:31,396 [INFO] Calculating EC for Sub 3...
2026-02-02 12:11:32,865 [INFO] Sub 3 EC saved to F:\NPI_results\bs_50\EC_Sub_3.mat
2026-02-02 12:11:33,553 [INFO]  Sub 4 FC correlation: r = 0.7980661071939488, p = 0.0
2026-02-02 12:11:33,553 [INFO] Calculating EC for Sub 4...
2026-02-02 12:11:35,059 [INFO] Sub 4 EC saved to F:\NPI_results\bs_50\EC_Sub_4.mat
2026-02-02 12:11:35,729 [INFO]  Sub 5 FC correlation: r = 0.5715174744277939, p = 0.0
2026-02-02 12:11:35,729 [INFO] Calculating EC for Sub 5...
2026-02-02 12:11:37,207 [INFO] Sub 5 EC saved to F:\NPI_results\bs_50\EC_Sub_5.mat
2026-02-02 12:11:37,874 [INFO]  Sub 6 FC correlation: r = 0.7174051429959626, p = 0.0
2026-02-02 12:11:37,875 [INFO] Calculating EC for Sub 6...
2026-02-02 12:11:39,358 [INFO] Sub 6 EC saved to F:\NPI_results\bs_50\EC_Sub_6.mat
2026-02-02 12:11:40,027 [INFO]  Sub 7 FC correlation: r = 0.8543792248341716, p = 0.0
2026-02-02 12:11:40,027 [INFO] Calculating EC for Sub 7...
2026-02-02 12:11:41,504 [INFO] Sub 7 EC saved to F:\NPI_results\bs_50\EC_Sub_7.mat
2026-02-02 12:11:42,190 [INFO]  Sub 8 FC correlation: r = 0.7612484429410009, p = 0.0
2026-02-02 12:11:42,190 [INFO] Calculating EC for Sub 8...
2026-02-02 12:11:43,691 [INFO] Sub 8 EC saved to F:\NPI_results\bs_50\EC_Sub_8.mat
2026-02-02 12:11:44,357 [INFO]  Sub 9 FC correlation: r = 0.8996652516102374, p = 0.0
2026-02-02 12:11:44,358 [INFO] Calculating EC for Sub 9...
2026-02-02 12:11:45,908 [INFO] Sub 9 EC saved to F:\NPI_results\bs_50\EC_Sub_9.mat
2026-02-02 12:11:46,570 [INFO]  Sub 10 FC correlation: r = 0.7319595111894065, p = 0.0
2026-02-02 12:11:46,571 [INFO] Calculating EC for Sub 10...
2026-02-02 12:11:48,058 [INFO] Sub 10 EC saved to F:\NPI_results\bs_50\EC_Sub_10.mat
2026-02-02 12:11:48,719 [INFO]  Sub 11 FC correlation: r = 0.8935220380054467, p = 0.0
2026-02-02 12:11:48,720 [INFO] Calculating EC for Sub 11...
2026-02-02 12:11:50,237 [INFO] Sub 11 EC saved to F:\NPI_results\bs_50\EC_Sub_11.mat
2026-02-02 12:11:50,916 [INFO]  Sub 12 FC correlation: r = 0.8948415925739864, p = 0.0
2026-02-02 12:11:50,917 [INFO] Calculating EC for Sub 12...
2026-02-02 12:11:52,421 [INFO] Sub 12 EC saved to F:\NPI_results\bs_50\EC_Sub_12.mat
2026-02-02 12:11:53,101 [INFO]  Sub 13 FC correlation: r = 0.8471363275295125, p = 0.0
2026-02-02 12:11:53,102 [INFO] Calculating EC for Sub 13...
2026-02-02 12:11:54,641 [INFO] Sub 13 EC saved to F:\NPI_results\bs_50\EC_Sub_13.mat
2026-02-02 12:11:55,316 [INFO]  Sub 14 FC correlation: r = 0.5852271522925041, p = 0.0
2026-02-02 12:11:55,317 [INFO] Calculating EC for Sub 14...
2026-02-02 12:11:56,787 [INFO] Sub 14 EC saved to F:\NPI_results\bs_50\EC_Sub_14.mat
2026-02-02 12:11:57,489 [INFO]  Sub 15 FC correlation: r = 0.8199274320931829, p = 0.0
2026-02-02 12:11:57,490 [INFO] Calculating EC for Sub 15...
2026-02-02 12:11:59,103 [INFO] Sub 15 EC saved to F:\NPI_results\bs_50\EC_Sub_15.mat
2026-02-02 12:11:59,765 [INFO]  Sub 16 FC correlation: r = 0.77418233238252, p = 0.0
2026-02-02 12:11:59,766 [INFO] Calculating EC for Sub 16...
2026-02-02 12:12:01,290 [INFO] Sub 16 EC saved to F:\NPI_results\bs_50\EC_Sub_16.mat
2026-02-02 12:12:01,995 [INFO]  Sub 17 FC correlation: r = 0.8214009378874705, p = 0.0
2026-02-02 12:12:01,995 [INFO] Calculating EC for Sub 17...
2026-02-02 12:12:03,593 [INFO] Sub 17 EC saved to F:\NPI_results\bs_50\EC_Sub_17.mat
2026-02-02 12:12:04,273 [INFO]  Sub 18 FC correlation: r = 0.7959957760539198, p = 0.0
2026-02-02 12:12:04,274 [INFO] Calculating EC for Sub 18...
2026-02-02 12:12:05,779 [INFO] Sub 18 EC saved to F:\NPI_results\bs_50\EC_Sub_18.mat
2026-02-02 12:12:06,447 [INFO]  Sub 19 FC correlation: r = 0.722957225862536, p = 0.0
2026-02-02 12:12:06,448 [INFO] Calculating EC for Sub 19...
2026-02-02 12:12:08,008 [INFO] Sub 19 EC saved to F:\NPI_results\bs_50\EC_Sub_19.mat
2026-02-02 12:12:08,685 [INFO]  Sub 20 FC correlation: r = 0.2891940956353144, p = 0.0
2026-02-02 12:12:08,685 [INFO] Calculating EC for Sub 20...
2026-02-02 12:12:10,219 [INFO] Sub 20 EC saved to F:\NPI_results\bs_50\EC_Sub_20.mat
2026-02-02 12:12:10,891 [INFO]  Sub 21 FC correlation: r = 0.8718819108260615, p = 0.0
2026-02-02 12:12:10,892 [INFO] Calculating EC for Sub 21...
2026-02-02 12:12:12,431 [INFO] Sub 21 EC saved to F:\NPI_results\bs_50\EC_Sub_21.mat
2026-02-02 12:12:13,112 [INFO]  Sub 22 FC correlation: r = 0.7827723857290967, p = 0.0
2026-02-02 12:12:13,113 [INFO] Calculating EC for Sub 22...
2026-02-02 12:12:14,661 [INFO] Sub 22 EC saved to F:\NPI_results\bs_50\EC_Sub_22.mat
2026-02-02 12:12:15,336 [INFO]  Sub 23 FC correlation: r = 0.7046563173190489, p = 0.0
2026-02-02 12:12:15,337 [INFO] Calculating EC for Sub 23...
2026-02-02 12:12:16,842 [INFO] Sub 23 EC saved to F:\NPI_results\bs_50\EC_Sub_23.mat
2026-02-02 12:12:17,507 [INFO]  Sub 24 FC correlation: r = 0.867201084750301, p = 0.0
2026-02-02 12:12:17,507 [INFO] Calculating EC for Sub 24...
2026-02-02 12:12:18,997 [INFO] Sub 24 EC saved to F:\NPI_results\bs_50\EC_Sub_24.mat
2026-02-02 12:12:19,679 [INFO]  Sub 25 FC correlation: r = 0.8170680150923966, p = 0.0
2026-02-02 12:12:19,680 [INFO] Calculating EC for Sub 25...
2026-02-02 12:12:21,165 [INFO] Sub 25 EC saved to F:\NPI_results\bs_50\EC_Sub_25.mat
2026-02-02 12:12:21,841 [INFO]  Sub 26 FC correlation: r = 0.7982052234742595, p = 0.0
2026-02-02 12:12:21,842 [INFO] Calculating EC for Sub 26...
2026-02-02 12:12:23,324 [INFO] Sub 26 EC saved to F:\NPI_results\bs_50\EC_Sub_26.mat
2026-02-02 12:12:24,001 [INFO]  Sub 27 FC correlation: r = 0.9164295024426156, p = 0.0
2026-02-02 12:12:24,002 [INFO] Calculating EC for Sub 27...
2026-02-02 12:12:25,522 [INFO] Sub 27 EC saved to F:\NPI_results\bs_50\EC_Sub_27.mat
2026-02-02 12:12:26,182 [INFO]  Sub 28 FC correlation: r = 0.7868158459714276, p = 0.0
2026-02-02 12:12:26,182 [INFO] Calculating EC for Sub 28...
2026-02-02 12:12:27,678 [INFO] Sub 28 EC saved to F:\NPI_results\bs_50\EC_Sub_28.mat
2026-02-02 12:12:28,338 [INFO]  Sub 29 FC correlation: r = 0.9052751200710192, p = 0.0
2026-02-02 12:12:28,339 [INFO] Calculating EC for Sub 29...
2026-02-02 12:12:29,844 [INFO] Sub 29 EC saved to F:\NPI_results\bs_50\EC_Sub_29.mat
2026-02-02 12:12:30,518 [INFO]  Sub 30 FC correlation: r = 0.9102099635033669, p = 0.0
2026-02-02 12:12:30,519 [INFO] Calculating EC for Sub 30...
2026-02-02 12:12:32,024 [INFO] Sub 30 EC saved to F:\NPI_results\bs_50\EC_Sub_30.mat
2026-02-02 12:12:32,692 [INFO]  Sub 31 FC correlation: r = 0.856851512877288, p = 0.0
2026-02-02 12:12:32,693 [INFO] Calculating EC for Sub 31...
2026-02-02 12:12:34,169 [INFO] Sub 31 EC saved to F:\NPI_results\bs_50\EC_Sub_31.mat
2026-02-02 12:12:34,839 [INFO]  Sub 32 FC correlation: r = 0.7925174592400922, p = 0.0
2026-02-02 12:12:34,839 [INFO] Calculating EC for Sub 32...
2026-02-02 12:12:36,345 [INFO] Sub 32 EC saved to F:\NPI_results\bs_50\EC_Sub_32.mat
2026-02-02 12:12:37,015 [INFO]  Sub 33 FC correlation: r = 0.5824800134525485, p = 0.0
2026-02-02 12:12:37,015 [INFO] Calculating EC for Sub 33...
2026-02-02 12:12:38,515 [INFO] Sub 33 EC saved to F:\NPI_results\bs_50\EC_Sub_33.mat
2026-02-02 12:12:39,186 [INFO]  Sub 34 FC correlation: r = 0.7875613834981786, p = 0.0
2026-02-02 12:12:39,186 [INFO] Calculating EC for Sub 34...
2026-02-02 12:12:40,668 [INFO] Sub 34 EC saved to F:\NPI_results\bs_50\EC_Sub_34.mat
2026-02-02 12:12:41,343 [INFO]  Sub 35 FC correlation: r = 0.8730142302099415, p = 0.0
2026-02-02 12:12:41,344 [INFO] Calculating EC for Sub 35...
2026-02-02 12:12:42,847 [INFO] Sub 35 EC saved to F:\NPI_results\bs_50\EC_Sub_35.mat
2026-02-02 12:12:43,519 [ERROR] !!! Sub 36 发生毁灭性错误: array must not contain infs or NaNs
2026-02-02 12:12:44,180 [INFO]  Sub 37 FC correlation: r = 0.7927263816809882, p = 0.0
2026-02-02 12:12:44,181 [INFO] Calculating EC for Sub 37...
2026-02-02 12:12:45,706 [INFO] Sub 37 EC saved to F:\NPI_results\bs_50\EC_Sub_37.mat
2026-02-02 12:12:46,377 [INFO]  Sub 38 FC correlation: r = 0.8722226404784309, p = 0.0
2026-02-02 12:12:46,378 [INFO] Calculating EC for Sub 38...
2026-02-02 12:12:47,855 [INFO] Sub 38 EC saved to F:\NPI_results\bs_50\EC_Sub_38.mat
2026-02-02 12:12:48,527 [INFO]  Sub 39 FC correlation: r = 0.8095207921999099, p = 0.0
2026-02-02 12:12:48,528 [INFO] Calculating EC for Sub 39...
2026-02-02 12:12:49,997 [INFO] Sub 39 EC saved to F:\NPI_results\bs_50\EC_Sub_39.mat
2026-02-02 12:12:50,669 [INFO]  Sub 40 FC correlation: r = 0.8785442290743116, p = 0.0
2026-02-02 12:12:50,670 [INFO] Calculating EC for Sub 40...
2026-02-02 12:12:52,136 [INFO] Sub 40 EC saved to F:\NPI_results\bs_50\EC_Sub_40.mat
2026-02-02 12:12:52,810 [INFO]  Sub 41 FC correlation: r = 0.8559662952135033, p = 0.0
2026-02-02 12:12:52,810 [INFO] Calculating EC for Sub 41...
2026-02-02 12:12:54,279 [INFO] Sub 41 EC saved to F:\NPI_results\bs_50\EC_Sub_41.mat
2026-02-02 12:12:54,946 [INFO]  Sub 42 FC correlation: r = 0.8254090206343542, p = 0.0
2026-02-02 12:12:54,947 [INFO] Calculating EC for Sub 42...
2026-02-02 12:12:56,443 [INFO] Sub 42 EC saved to F:\NPI_results\bs_50\EC_Sub_42.mat
2026-02-02 12:12:57,115 [INFO]  Sub 43 FC correlation: r = 0.8402143084060144, p = 0.0
2026-02-02 12:12:57,116 [INFO] Calculating EC for Sub 43...
2026-02-02 12:12:58,623 [INFO] Sub 43 EC saved to F:\NPI_results\bs_50\EC_Sub_43.mat
2026-02-02 12:12:59,292 [INFO]  Sub 44 FC correlation: r = 0.8362643762519054, p = 0.0
2026-02-02 12:12:59,293 [INFO] Calculating EC for Sub 44...
2026-02-02 12:13:00,801 [INFO] Sub 44 EC saved to F:\NPI_results\bs_50\EC_Sub_44.mat
2026-02-02 12:13:01,475 [INFO]  Sub 45 FC correlation: r = 0.848319129104126, p = 0.0
2026-02-02 12:13:01,476 [INFO] Calculating EC for Sub 45...
2026-02-02 12:13:02,963 [INFO] Sub 45 EC saved to F:\NPI_results\bs_50\EC_Sub_45.mat
2026-02-02 12:13:03,628 [INFO]  Sub 46 FC correlation: r = 0.8572576125785096, p = 0.0
2026-02-02 12:13:03,629 [INFO] Calculating EC for Sub 46...
2026-02-02 12:13:05,132 [INFO] Sub 46 EC saved to F:\NPI_results\bs_50\EC_Sub_46.mat
2026-02-02 12:13:05,795 [INFO]  Sub 47 FC correlation: r = 0.8051141493005732, p = 0.0
2026-02-02 12:13:05,796 [INFO] Calculating EC for Sub 47...
2026-02-02 12:13:07,302 [INFO] Sub 47 EC saved to F:\NPI_results\bs_50\EC_Sub_47.mat
2026-02-02 12:13:07,969 [INFO]  Sub 48 FC correlation: r = 0.7347286081093652, p = 0.0
2026-02-02 12:13:07,969 [INFO] Calculating EC for Sub 48...
2026-02-02 12:13:09,466 [INFO] Sub 48 EC saved to F:\NPI_results\bs_50\EC_Sub_48.mat
2026-02-02 12:13:10,137 [INFO]  Sub 49 FC correlation: r = 0.8014781952385881, p = 0.0
2026-02-02 12:13:10,138 [INFO] Calculating EC for Sub 49...
2026-02-02 12:13:11,625 [INFO] Sub 49 EC saved to F:\NPI_results\bs_50\EC_Sub_49.mat
2026-02-02 12:13:12,298 [INFO]  Sub 50 FC correlation: r = 0.6764988783643959, p = 0.0
2026-02-02 12:13:12,299 [INFO] Calculating EC for Sub 50...
2026-02-02 12:13:13,800 [INFO] Sub 50 EC saved to F:\NPI_results\bs_50\EC_Sub_50.mat
2026-02-02 12:13:14,474 [INFO]  Sub 51 FC correlation: r = 0.8242494801406939, p = 0.0
2026-02-02 12:13:14,474 [INFO] Calculating EC for Sub 51...
2026-02-02 12:13:15,962 [INFO] Sub 51 EC saved to F:\NPI_results\bs_50\EC_Sub_51.mat
2026-02-02 12:13:16,644 [INFO]  Sub 52 FC correlation: r = 0.8602960040004195, p = 0.0
2026-02-02 12:13:16,644 [INFO] Calculating EC for Sub 52...
2026-02-02 12:13:18,132 [INFO] Sub 52 EC saved to F:\NPI_results\bs_50\EC_Sub_52.mat
2026-02-02 12:13:18,812 [INFO]  Sub 53 FC correlation: r = 0.8590732105080605, p = 0.0
2026-02-02 12:13:18,813 [INFO] Calculating EC for Sub 53...
2026-02-02 12:13:20,323 [INFO] Sub 53 EC saved to F:\NPI_results\bs_50\EC_Sub_53.mat
2026-02-02 12:13:20,998 [INFO]  Sub 54 FC correlation: r = 0.8741423357126143, p = 0.0
2026-02-02 12:13:20,999 [INFO] Calculating EC for Sub 54...
2026-02-02 12:13:22,515 [INFO] Sub 54 EC saved to F:\NPI_results\bs_50\EC_Sub_54.mat
2026-02-02 12:13:23,177 [INFO]  Sub 55 FC correlation: r = 0.7506061381763556, p = 0.0
2026-02-02 12:13:23,178 [INFO] Calculating EC for Sub 55...
2026-02-02 12:13:24,689 [INFO] Sub 55 EC saved to F:\NPI_results\bs_50\EC_Sub_55.mat
2026-02-02 12:13:25,365 [INFO]  Sub 56 FC correlation: r = 0.8742580054449527, p = 0.0
2026-02-02 12:13:25,365 [INFO] Calculating EC for Sub 56...
2026-02-02 12:13:26,882 [INFO] Sub 56 EC saved to F:\NPI_results\bs_50\EC_Sub_56.mat
2026-02-02 12:13:27,546 [INFO]  Sub 57 FC correlation: r = 0.8663582902189034, p = 0.0
2026-02-02 12:13:27,546 [INFO] Calculating EC for Sub 57...
2026-02-02 12:13:29,031 [INFO] Sub 57 EC saved to F:\NPI_results\bs_50\EC_Sub_57.mat
2026-02-02 12:13:29,696 [INFO]  Sub 58 FC correlation: r = 0.7559531323614559, p = 0.0
2026-02-02 12:13:29,697 [INFO] Calculating EC for Sub 58...
2026-02-02 12:13:31,191 [INFO] Sub 58 EC saved to F:\NPI_results\bs_50\EC_Sub_58.mat
2026-02-02 12:13:31,864 [INFO]  Sub 59 FC correlation: r = 0.8654021435754995, p = 0.0
2026-02-02 12:13:31,865 [INFO] Calculating EC for Sub 59...
2026-02-02 12:13:33,337 [INFO] Sub 59 EC saved to F:\NPI_results\bs_50\EC_Sub_59.mat
2026-02-02 12:13:34,001 [INFO]  Sub 60 FC correlation: r = 0.8658217434265443, p = 0.0
2026-02-02 12:13:34,001 [INFO] Calculating EC for Sub 60...
2026-02-02 12:13:35,469 [INFO] Sub 60 EC saved to F:\NPI_results\bs_50\EC_Sub_60.mat
2026-02-02 12:13:36,130 [INFO]  Sub 61 FC correlation: r = 0.572147805863498, p = 0.0
2026-02-02 12:13:36,131 [INFO] Calculating EC for Sub 61...
2026-02-02 12:13:37,594 [INFO] Sub 61 EC saved to F:\NPI_results\bs_50\EC_Sub_61.mat
2026-02-02 12:13:38,262 [INFO]  Sub 62 FC correlation: r = 0.5887100144156644, p = 0.0
2026-02-02 12:13:38,263 [INFO] Calculating EC for Sub 62...
2026-02-02 12:13:39,744 [INFO] Sub 62 EC saved to F:\NPI_results\bs_50\EC_Sub_62.mat
2026-02-02 12:13:40,424 [INFO]  Sub 63 FC correlation: r = 0.6953575388358699, p = 0.0
2026-02-02 12:13:40,425 [INFO] Calculating EC for Sub 63...
2026-02-02 12:13:41,932 [INFO] Sub 63 EC saved to F:\NPI_results\bs_50\EC_Sub_63.mat
2026-02-02 12:13:42,669 [INFO]  Sub 64 FC correlation: r = 0.8089992957400369, p = 0.0
2026-02-02 12:13:42,670 [INFO] Calculating EC for Sub 64...
2026-02-02 12:13:44,164 [INFO] Sub 64 EC saved to F:\NPI_results\bs_50\EC_Sub_64.mat
2026-02-02 12:13:44,829 [INFO]  Sub 65 FC correlation: r = 0.8181527727994534, p = 0.0
2026-02-02 12:13:44,830 [INFO] Calculating EC for Sub 65...
2026-02-02 12:13:46,355 [INFO] Sub 65 EC saved to F:\NPI_results\bs_50\EC_Sub_65.mat
2026-02-02 12:13:47,023 [INFO]  Sub 66 FC correlation: r = 0.8197172467616765, p = 0.0
2026-02-02 12:13:47,023 [INFO] Calculating EC for Sub 66...
2026-02-02 12:13:48,491 [INFO] Sub 66 EC saved to F:\NPI_results\bs_50\EC_Sub_66.mat
2026-02-02 12:13:49,152 [INFO]  Sub 67 FC correlation: r = 0.7932932173922206, p = 0.0
2026-02-02 12:13:49,153 [INFO] Calculating EC for Sub 67...
2026-02-02 12:13:50,618 [INFO] Sub 67 EC saved to F:\NPI_results\bs_50\EC_Sub_67.mat
2026-02-02 12:13:51,285 [INFO]  Sub 68 FC correlation: r = 0.8848300013736593, p = 0.0
2026-02-02 12:13:51,286 [INFO] Calculating EC for Sub 68...
2026-02-02 12:13:52,782 [INFO] Sub 68 EC saved to F:\NPI_results\bs_50\EC_Sub_68.mat
2026-02-02 12:13:53,449 [INFO]  Sub 69 FC correlation: r = 0.7951212607958084, p = 0.0
2026-02-02 12:13:53,450 [INFO] Calculating EC for Sub 69...
2026-02-02 12:13:54,935 [INFO] Sub 69 EC saved to F:\NPI_results\bs_50\EC_Sub_69.mat
2026-02-02 12:13:55,597 [INFO]  Sub 70 FC correlation: r = 0.8896552870921122, p = 0.0
2026-02-02 12:13:55,598 [INFO] Calculating EC for Sub 70...
2026-02-02 12:13:57,077 [INFO] Sub 70 EC saved to F:\NPI_results\bs_50\EC_Sub_70.mat
2026-02-02 12:13:57,746 [INFO]  Sub 71 FC correlation: r = 0.8657392723409976, p = 0.0
2026-02-02 12:13:57,747 [INFO] Calculating EC for Sub 71...
2026-02-02 12:13:59,216 [INFO] Sub 71 EC saved to F:\NPI_results\bs_50\EC_Sub_71.mat
2026-02-02 12:13:59,910 [INFO]  Sub 72 FC correlation: r = 0.7366465111869385, p = 0.0
2026-02-02 12:13:59,911 [INFO] Calculating EC for Sub 72...
2026-02-02 12:14:01,382 [INFO] Sub 72 EC saved to F:\NPI_results\bs_50\EC_Sub_72.mat
2026-02-02 12:14:02,051 [INFO]  Sub 73 FC correlation: r = 0.8208929940369569, p = 0.0
2026-02-02 12:14:02,052 [INFO] Calculating EC for Sub 73...
2026-02-02 12:14:03,534 [INFO] Sub 73 EC saved to F:\NPI_results\bs_50\EC_Sub_73.mat
2026-02-02 12:14:04,190 [INFO]  Sub 74 FC correlation: r = 0.8489122697591278, p = 0.0
2026-02-02 12:14:04,191 [INFO] Calculating EC for Sub 74...
2026-02-02 12:14:05,652 [INFO] Sub 74 EC saved to F:\NPI_results\bs_50\EC_Sub_74.mat
2026-02-02 12:14:06,316 [INFO]  Sub 75 FC correlation: r = 0.8536794331187494, p = 0.0
2026-02-02 12:14:06,317 [INFO] Calculating EC for Sub 75...
2026-02-02 12:14:07,785 [INFO] Sub 75 EC saved to F:\NPI_results\bs_50\EC_Sub_75.mat
2026-02-02 12:14:08,444 [INFO]  Sub 76 FC correlation: r = 0.6664187255905054, p = 0.0
2026-02-02 12:14:08,445 [INFO] Calculating EC for Sub 76...
2026-02-02 12:14:09,914 [INFO] Sub 76 EC saved to F:\NPI_results\bs_50\EC_Sub_76.mat
2026-02-02 12:14:10,586 [INFO]  Sub 77 FC correlation: r = 0.7146320814529693, p = 0.0
2026-02-02 12:14:10,587 [INFO] Calculating EC for Sub 77...
2026-02-02 12:14:12,052 [INFO] Sub 77 EC saved to F:\NPI_results\bs_50\EC_Sub_77.mat
2026-02-02 12:14:12,720 [INFO]  Sub 78 FC correlation: r = 0.8178601651493409, p = 0.0
2026-02-02 12:14:12,721 [INFO] Calculating EC for Sub 78...
2026-02-02 12:14:14,199 [INFO] Sub 78 EC saved to F:\NPI_results\bs_50\EC_Sub_78.mat
2026-02-02 12:14:14,861 [INFO]  Sub 79 FC correlation: r = 0.9033188133587593, p = 0.0
2026-02-02 12:14:14,862 [INFO] Calculating EC for Sub 79...
2026-02-02 12:14:16,318 [INFO] Sub 79 EC saved to F:\NPI_results\bs_50\EC_Sub_79.mat
2026-02-02 12:14:16,977 [INFO]  Sub 80 FC correlation: r = 0.8495742232607673, p = 0.0
2026-02-02 12:14:16,978 [INFO] Calculating EC for Sub 80...
2026-02-02 12:14:18,431 [INFO] Sub 80 EC saved to F:\NPI_results\bs_50\EC_Sub_80.mat
2026-02-02 12:14:19,097 [INFO]  Sub 81 FC correlation: r = 0.8669207505909863, p = 0.0
2026-02-02 12:14:19,098 [INFO] Calculating EC for Sub 81...
2026-02-02 12:14:20,562 [INFO] Sub 81 EC saved to F:\NPI_results\bs_50\EC_Sub_81.mat
2026-02-02 12:14:21,225 [INFO]  Sub 82 FC correlation: r = 0.7387305240797365, p = 0.0
2026-02-02 12:14:21,226 [INFO] Calculating EC for Sub 82...
2026-02-02 12:14:22,692 [INFO] Sub 82 EC saved to F:\NPI_results\bs_50\EC_Sub_82.mat
2026-02-02 12:14:23,349 [INFO]  Sub 83 FC correlation: r = 0.9129627576275029, p = 0.0
2026-02-02 12:14:23,350 [INFO] Calculating EC for Sub 83...
2026-02-02 12:14:24,907 [INFO] Sub 83 EC saved to F:\NPI_results\bs_50\EC_Sub_83.mat
2026-02-02 12:14:25,576 [INFO]  Sub 84 FC correlation: r = 0.8975209758873002, p = 0.0
2026-02-02 12:14:25,578 [INFO] Calculating EC for Sub 84...
2026-02-02 12:14:27,054 [INFO] Sub 84 EC saved to F:\NPI_results\bs_50\EC_Sub_84.mat
2026-02-02 12:14:27,723 [INFO]  Sub 85 FC correlation: r = 0.7904343213704453, p = 0.0
2026-02-02 12:14:27,724 [INFO] Calculating EC for Sub 85...
2026-02-02 12:14:29,193 [INFO] Sub 85 EC saved to F:\NPI_results\bs_50\EC_Sub_85.mat
2026-02-02 12:14:29,873 [INFO]  Sub 86 FC correlation: r = 0.8878033790885906, p = 0.0
2026-02-02 12:14:29,874 [INFO] Calculating EC for Sub 86...
2026-02-02 12:14:31,332 [INFO] Sub 86 EC saved to F:\NPI_results\bs_50\EC_Sub_86.mat
2026-02-02 12:14:32,003 [INFO]  Sub 87 FC correlation: r = 0.6443741792989408, p = 0.0
2026-02-02 12:14:32,004 [INFO] Calculating EC for Sub 87...
2026-02-02 12:14:33,469 [INFO] Sub 87 EC saved to F:\NPI_results\bs_50\EC_Sub_87.mat
2026-02-02 12:14:34,133 [INFO]  Sub 88 FC correlation: r = 0.7357410108734262, p = 0.0
2026-02-02 12:14:34,133 [INFO] Calculating EC for Sub 88...
2026-02-02 12:14:35,609 [INFO] Sub 88 EC saved to F:\NPI_results\bs_50\EC_Sub_88.mat
2026-02-02 12:14:36,274 [INFO]  Sub 89 FC correlation: r = 0.7894810606537161, p = 0.0
2026-02-02 12:14:36,275 [INFO] Calculating EC for Sub 89...
2026-02-02 12:14:37,758 [INFO] Sub 89 EC saved to F:\NPI_results\bs_50\EC_Sub_89.mat
2026-02-02 12:14:38,418 [INFO]  Sub 90 FC correlation: r = 0.8013298463193463, p = 0.0
2026-02-02 12:14:38,419 [INFO] Calculating EC for Sub 90...
2026-02-02 12:14:39,911 [INFO] Sub 90 EC saved to F:\NPI_results\bs_50\EC_Sub_90.mat
2026-02-02 12:14:40,574 [INFO]  Sub 91 FC correlation: r = 0.8938096674564687, p = 0.0
2026-02-02 12:14:40,575 [INFO] Calculating EC for Sub 91...
2026-02-02 12:14:42,036 [INFO] Sub 91 EC saved to F:\NPI_results\bs_50\EC_Sub_91.mat
2026-02-02 12:14:42,690 [INFO]  Sub 92 FC correlation: r = 0.8587822517076258, p = 0.0
2026-02-02 12:14:42,690 [INFO] Calculating EC for Sub 92...
2026-02-02 12:14:44,182 [INFO] Sub 92 EC saved to F:\NPI_results\bs_50\EC_Sub_92.mat
2026-02-02 12:14:44,848 [INFO]  Sub 93 FC correlation: r = 0.9358131163880623, p = 0.0
2026-02-02 12:14:44,848 [INFO] Calculating EC for Sub 93...
2026-02-02 12:14:46,313 [INFO] Sub 93 EC saved to F:\NPI_results\bs_50\EC_Sub_93.mat
2026-02-02 12:14:46,990 [INFO]  Sub 94 FC correlation: r = 0.7550423170851531, p = 0.0
2026-02-02 12:14:46,991 [INFO] Calculating EC for Sub 94...
2026-02-02 12:14:48,455 [INFO] Sub 94 EC saved to F:\NPI_results\bs_50\EC_Sub_94.mat
2026-02-02 12:14:49,138 [INFO]  Sub 95 FC correlation: r = 0.8586591904974297, p = 0.0
2026-02-02 12:14:49,139 [INFO] Calculating EC for Sub 95...
2026-02-02 12:14:50,604 [INFO] Sub 95 EC saved to F:\NPI_results\bs_50\EC_Sub_95.mat
2026-02-02 12:14:51,262 [INFO]  Sub 96 FC correlation: r = 0.8323907711697205, p = 0.0
2026-02-02 12:14:51,263 [INFO] Calculating EC for Sub 96...
2026-02-02 12:14:52,740 [INFO] Sub 96 EC saved to F:\NPI_results\bs_50\EC_Sub_96.mat
2026-02-02 12:14:53,401 [INFO]  Sub 97 FC correlation: r = 0.7475054473858077, p = 0.0
2026-02-02 12:14:53,402 [INFO] Calculating EC for Sub 97...
2026-02-02 12:14:54,877 [INFO] Sub 97 EC saved to F:\NPI_results\bs_50\EC_Sub_97.mat
2026-02-02 12:14:55,553 [INFO]  Sub 98 FC correlation: r = 0.8910615840278233, p = 0.0
2026-02-02 12:14:55,553 [INFO] Calculating EC for Sub 98...
2026-02-02 12:14:57,016 [INFO] Sub 98 EC saved to F:\NPI_results\bs_50\EC_Sub_98.mat
2026-02-02 12:14:57,685 [INFO]  Sub 99 FC correlation: r = 0.6477884162930441, p = 0.0
2026-02-02 12:14:57,686 [INFO] Calculating EC for Sub 99...
2026-02-02 12:14:59,156 [INFO] Sub 99 EC saved to F:\NPI_results\bs_50\EC_Sub_99.mat
2026-02-02 12:14:59,823 [INFO]  Sub 100 FC correlation: r = 0.6194674151405171, p = 0.0
2026-02-02 12:14:59,824 [INFO] Calculating EC for Sub 100...
2026-02-02 12:15:01,306 [INFO] Sub 100 EC saved to F:\NPI_results\bs_50\EC_Sub_100.mat
2026-02-02 12:15:01,974 [INFO]  Sub 101 FC correlation: r = 0.7022548189228525, p = 0.0
2026-02-02 12:15:01,975 [INFO] Calculating EC for Sub 101...
2026-02-02 12:15:03,438 [INFO] Sub 101 EC saved to F:\NPI_results\bs_50\EC_Sub_101.mat
2026-02-02 12:15:04,106 [INFO]  Sub 102 FC correlation: r = 0.8977107856003375, p = 0.0
2026-02-02 12:15:04,107 [INFO] Calculating EC for Sub 102...
2026-02-02 12:15:05,590 [INFO] Sub 102 EC saved to F:\NPI_results\bs_50\EC_Sub_102.mat
2026-02-02 12:15:06,255 [INFO]  Sub 103 FC correlation: r = 0.8836553564054418, p = 0.0
2026-02-02 12:15:06,255 [INFO] Calculating EC for Sub 103...
2026-02-02 12:15:07,762 [INFO] Sub 103 EC saved to F:\NPI_results\bs_50\EC_Sub_103.mat
2026-02-02 12:15:08,423 [INFO]  Sub 104 FC correlation: r = 0.8506469363611379, p = 0.0
2026-02-02 12:15:08,424 [INFO] Calculating EC for Sub 104...
2026-02-02 12:15:09,892 [INFO] Sub 104 EC saved to F:\NPI_results\bs_50\EC_Sub_104.mat
2026-02-02 12:15:10,546 [INFO]  Sub 105 FC correlation: r = 0.8710615787872283, p = 0.0
2026-02-02 12:15:10,547 [INFO] Calculating EC for Sub 105...
2026-02-02 12:15:12,026 [INFO] Sub 105 EC saved to F:\NPI_results\bs_50\EC_Sub_105.mat
2026-02-02 12:15:12,701 [INFO]  Sub 106 FC correlation: r = 0.6029468443362045, p = 0.0
2026-02-02 12:15:12,701 [INFO] Calculating EC for Sub 106...
2026-02-02 12:15:14,212 [INFO] Sub 106 EC saved to F:\NPI_results\bs_50\EC_Sub_106.mat
2026-02-02 12:15:14,886 [INFO]  Sub 107 FC correlation: r = 0.8015335067115641, p = 0.0
2026-02-02 12:15:14,887 [INFO] Calculating EC for Sub 107...
2026-02-02 12:15:16,374 [INFO] Sub 107 EC saved to F:\NPI_results\bs_50\EC_Sub_107.mat
2026-02-02 12:15:17,050 [INFO]  Sub 108 FC correlation: r = 0.801724963647919, p = 0.0
2026-02-02 12:15:17,051 [INFO] Calculating EC for Sub 108...
2026-02-02 12:15:18,539 [INFO] Sub 108 EC saved to F:\NPI_results\bs_50\EC_Sub_108.mat
2026-02-02 12:15:19,213 [INFO]  Sub 109 FC correlation: r = 0.8802771006462846, p = 0.0
2026-02-02 12:15:19,213 [INFO] Calculating EC for Sub 109...
2026-02-02 12:15:20,670 [INFO] Sub 109 EC saved to F:\NPI_results\bs_50\EC_Sub_109.mat
2026-02-02 12:15:21,325 [INFO]  Sub 110 FC correlation: r = 0.850017912312346, p = 0.0
2026-02-02 12:15:21,326 [INFO] Calculating EC for Sub 110...
2026-02-02 12:15:22,788 [INFO] Sub 110 EC saved to F:\NPI_results\bs_50\EC_Sub_110.mat
2026-02-02 12:15:23,449 [INFO]  Sub 111 FC correlation: r = 0.7994852605746078, p = 0.0
2026-02-02 12:15:23,449 [INFO] Calculating EC for Sub 111...
2026-02-02 12:15:24,920 [INFO] Sub 111 EC saved to F:\NPI_results\bs_50\EC_Sub_111.mat
2026-02-02 12:15:25,592 [INFO]  Sub 112 FC correlation: r = 0.8542423037606006, p = 0.0
2026-02-02 12:15:25,592 [INFO] Calculating EC for Sub 112...
2026-02-02 12:15:27,073 [INFO] Sub 112 EC saved to F:\NPI_results\bs_50\EC_Sub_112.mat
2026-02-02 12:15:27,742 [INFO]  Sub 113 FC correlation: r = 0.8446086555888657, p = 0.0
2026-02-02 12:15:27,743 [INFO] Calculating EC for Sub 113...
2026-02-02 12:15:29,191 [INFO] Sub 113 EC saved to F:\NPI_results\bs_50\EC_Sub_113.mat
2026-02-02 12:15:29,850 [INFO]  Sub 114 FC correlation: r = 0.5733415930195279, p = 0.0
2026-02-02 12:15:29,851 [INFO] Calculating EC for Sub 114...
2026-02-02 12:15:31,316 [INFO] Sub 114 EC saved to F:\NPI_results\bs_50\EC_Sub_114.mat
2026-02-02 12:15:31,991 [INFO]  Sub 115 FC correlation: r = 0.8325265736030447, p = 0.0
2026-02-02 12:15:31,992 [INFO] Calculating EC for Sub 115...
2026-02-02 12:15:33,450 [INFO] Sub 115 EC saved to F:\NPI_results\bs_50\EC_Sub_115.mat
2026-02-02 12:15:34,124 [INFO]  Sub 116 FC correlation: r = 0.8229215255481372, p = 0.0
2026-02-02 12:15:34,125 [INFO] Calculating EC for Sub 116...
2026-02-02 12:15:35,639 [INFO] Sub 116 EC saved to F:\NPI_results\bs_50\EC_Sub_116.mat
2026-02-02 12:15:36,307 [INFO]  Sub 117 FC correlation: r = 0.8086469736133466, p = 0.0
2026-02-02 12:15:36,308 [INFO] Calculating EC for Sub 117...
2026-02-02 12:15:37,797 [INFO] Sub 117 EC saved to F:\NPI_results\bs_50\EC_Sub_117.mat
2026-02-02 12:15:38,459 [INFO]  Sub 118 FC correlation: r = 0.7865451218492391, p = 0.0
2026-02-02 12:15:38,460 [INFO] Calculating EC for Sub 118...
2026-02-02 12:15:39,939 [INFO] Sub 118 EC saved to F:\NPI_results\bs_50\EC_Sub_118.mat
2026-02-02 12:15:40,620 [INFO]  Sub 119 FC correlation: r = 0.8280201402997456, p = 0.0
2026-02-02 12:15:40,620 [INFO] Calculating EC for Sub 119...
2026-02-02 12:15:42,070 [INFO] Sub 119 EC saved to F:\NPI_results\bs_50\EC_Sub_119.mat
2026-02-02 12:15:42,740 [INFO]  Sub 120 FC correlation: r = 0.8762758341615505, p = 0.0
2026-02-02 12:15:42,741 [INFO] Calculating EC for Sub 120...
2026-02-02 12:15:44,215 [INFO] Sub 120 EC saved to F:\NPI_results\bs_50\EC_Sub_120.mat
2026-02-02 12:15:44,878 [INFO]  Sub 121 FC correlation: r = 0.8580994680482291, p = 0.0
2026-02-02 12:15:44,879 [INFO] Calculating EC for Sub 121...
2026-02-02 12:15:46,363 [INFO] Sub 121 EC saved to F:\NPI_results\bs_50\EC_Sub_121.mat
2026-02-02 12:15:47,029 [INFO]  Sub 122 FC correlation: r = 0.856911316260138, p = 0.0
2026-02-02 12:15:47,029 [INFO] Calculating EC for Sub 122...
2026-02-02 12:15:48,491 [INFO] Sub 122 EC saved to F:\NPI_results\bs_50\EC_Sub_122.mat
2026-02-02 12:15:49,156 [INFO]  Sub 123 FC correlation: r = 0.7765802459997005, p = 0.0
2026-02-02 12:15:49,157 [INFO] Calculating EC for Sub 123...
2026-02-02 12:15:50,621 [INFO] Sub 123 EC saved to F:\NPI_results\bs_50\EC_Sub_123.mat
2026-02-02 12:15:51,294 [INFO]  Sub 124 FC correlation: r = 0.8344630676781397, p = 0.0
2026-02-02 12:15:51,295 [INFO] Calculating EC for Sub 124...
2026-02-02 12:15:52,757 [INFO] Sub 124 EC saved to F:\NPI_results\bs_50\EC_Sub_124.mat
2026-02-02 12:15:53,425 [INFO]  Sub 125 FC correlation: r = 0.8734256310267163, p = 0.0
2026-02-02 12:15:53,426 [INFO] Calculating EC for Sub 125...
2026-02-02 12:15:54,888 [INFO] Sub 125 EC saved to F:\NPI_results\bs_50\EC_Sub_125.mat
2026-02-02 12:15:55,546 [INFO]  Sub 126 FC correlation: r = 0.8670668851659985, p = 0.0
2026-02-02 12:15:55,547 [INFO] Calculating EC for Sub 126...
2026-02-02 12:15:57,038 [INFO] Sub 126 EC saved to F:\NPI_results\bs_50\EC_Sub_126.mat
2026-02-02 12:15:57,709 [INFO]  Sub 127 FC correlation: r = 0.7038166582749764, p = 0.0
2026-02-02 12:15:57,709 [INFO] Calculating EC for Sub 127...
2026-02-02 12:15:59,181 [INFO] Sub 127 EC saved to F:\NPI_results\bs_50\EC_Sub_127.mat
2026-02-02 12:15:59,868 [INFO]  Sub 128 FC correlation: r = 0.8916763561453618, p = 0.0
2026-02-02 12:15:59,869 [INFO] Calculating EC for Sub 128...
2026-02-02 12:16:01,325 [INFO] Sub 128 EC saved to F:\NPI_results\bs_50\EC_Sub_128.mat
2026-02-02 12:16:01,994 [INFO]  Sub 129 FC correlation: r = 0.845394725800736, p = 0.0
2026-02-02 12:16:01,995 [INFO] Calculating EC for Sub 129...
2026-02-02 12:16:03,460 [INFO] Sub 129 EC saved to F:\NPI_results\bs_50\EC_Sub_129.mat
2026-02-02 12:16:04,131 [INFO]  Sub 130 FC correlation: r = 0.41847907311890037, p = 0.0
2026-02-02 12:16:04,131 [INFO] Calculating EC for Sub 130...
2026-02-02 12:16:05,624 [INFO] Sub 130 EC saved to F:\NPI_results\bs_50\EC_Sub_130.mat
2026-02-02 12:16:06,290 [INFO]  Sub 131 FC correlation: r = 0.7334466904370335, p = 0.0
2026-02-02 12:16:06,291 [INFO] Calculating EC for Sub 131...
2026-02-02 12:16:07,762 [INFO] Sub 131 EC saved to F:\NPI_results\bs_50\EC_Sub_131.mat
2026-02-02 12:16:08,436 [INFO]  Sub 132 FC correlation: r = 0.8427340454491363, p = 0.0
2026-02-02 12:16:08,437 [INFO] Calculating EC for Sub 132...
2026-02-02 12:16:09,905 [INFO] Sub 132 EC saved to F:\NPI_results\bs_50\EC_Sub_132.mat
2026-02-02 12:16:10,568 [INFO]  Sub 133 FC correlation: r = 0.8849980489208441, p = 0.0
2026-02-02 12:16:10,568 [INFO] Calculating EC for Sub 133...
2026-02-02 12:16:12,041 [INFO] Sub 133 EC saved to F:\NPI_results\bs_50\EC_Sub_133.mat
2026-02-02 12:16:12,701 [INFO]  Sub 134 FC correlation: r = 0.8448616744509245, p = 0.0
2026-02-02 12:16:12,701 [INFO] Calculating EC for Sub 134...
2026-02-02 12:16:14,213 [INFO] Sub 134 EC saved to F:\NPI_results\bs_50\EC_Sub_134.mat
2026-02-02 12:16:14,880 [INFO]  Sub 135 FC correlation: r = 0.8631475102893784, p = 0.0
2026-02-02 12:16:14,881 [INFO] Calculating EC for Sub 135...
2026-02-02 12:16:16,414 [INFO] Sub 135 EC saved to F:\NPI_results\bs_50\EC_Sub_135.mat
2026-02-02 12:16:17,102 [INFO]  Sub 136 FC correlation: r = 0.8695351879104305, p = 0.0
2026-02-02 12:16:17,103 [INFO] Calculating EC for Sub 136...
2026-02-02 12:16:18,617 [INFO] Sub 136 EC saved to F:\NPI_results\bs_50\EC_Sub_136.mat
2026-02-02 12:16:19,278 [INFO]  Sub 137 FC correlation: r = 0.8442502352090278, p = 0.0
2026-02-02 12:16:19,279 [INFO] Calculating EC for Sub 137...
2026-02-02 12:16:20,804 [INFO] Sub 137 EC saved to F:\NPI_results\bs_50\EC_Sub_137.mat
2026-02-02 12:16:21,469 [INFO]  Sub 138 FC correlation: r = 0.8481541995172726, p = 0.0
2026-02-02 12:16:21,469 [INFO] Calculating EC for Sub 138...
2026-02-02 12:16:22,941 [INFO] Sub 138 EC saved to F:\NPI_results\bs_50\EC_Sub_138.mat
2026-02-02 12:16:23,624 [INFO]  Sub 139 FC correlation: r = 0.8491729001300103, p = 0.0
2026-02-02 12:16:23,624 [INFO] Calculating EC for Sub 139...
2026-02-02 12:16:25,142 [INFO] Sub 139 EC saved to F:\NPI_results\bs_50\EC_Sub_139.mat
2026-02-02 12:16:25,809 [INFO]  Sub 140 FC correlation: r = 0.7100743687246036, p = 0.0
2026-02-02 12:16:25,810 [INFO] Calculating EC for Sub 140...
2026-02-02 12:16:27,318 [INFO] Sub 140 EC saved to F:\NPI_results\bs_50\EC_Sub_140.mat
2026-02-02 12:16:28,006 [INFO]  Sub 141 FC correlation: r = 0.8081743858933668, p = 0.0
2026-02-02 12:16:28,007 [INFO] Calculating EC for Sub 141...
2026-02-02 12:16:29,477 [INFO] Sub 141 EC saved to F:\NPI_results\bs_50\EC_Sub_141.mat
2026-02-02 12:16:30,147 [INFO]  Sub 142 FC correlation: r = 0.808431496421325, p = 0.0
2026-02-02 12:16:30,147 [INFO] Calculating EC for Sub 142...
2026-02-02 12:16:31,671 [INFO] Sub 142 EC saved to F:\NPI_results\bs_50\EC_Sub_142.mat
2026-02-02 12:16:32,376 [INFO]  Sub 143 FC correlation: r = 0.7477191115968167, p = 0.0
2026-02-02 12:16:32,377 [INFO] Calculating EC for Sub 143...
2026-02-02 12:16:33,942 [INFO] Sub 143 EC saved to F:\NPI_results\bs_50\EC_Sub_143.mat
2026-02-02 12:16:34,620 [INFO]  Sub 144 FC correlation: r = 0.8193036144739277, p = 0.0
2026-02-02 12:16:34,621 [INFO] Calculating EC for Sub 144...
2026-02-02 12:16:36,160 [INFO] Sub 144 EC saved to F:\NPI_results\bs_50\EC_Sub_144.mat
2026-02-02 12:16:36,829 [INFO]  Sub 145 FC correlation: r = 0.8465020387652179, p = 0.0
2026-02-02 12:16:36,830 [INFO] Calculating EC for Sub 145...
2026-02-02 12:16:38,417 [INFO] Sub 145 EC saved to F:\NPI_results\bs_50\EC_Sub_145.mat
2026-02-02 12:16:39,094 [INFO]  Sub 146 FC correlation: r = 0.7294748733615706, p = 0.0
2026-02-02 12:16:39,095 [INFO] Calculating EC for Sub 146...
2026-02-02 12:16:40,660 [INFO] Sub 146 EC saved to F:\NPI_results\bs_50\EC_Sub_146.mat
2026-02-02 12:16:41,349 [INFO]  Sub 147 FC correlation: r = 0.8588271320473565, p = 0.0
2026-02-02 12:16:41,350 [INFO] Calculating EC for Sub 147...
2026-02-02 12:16:42,895 [INFO] Sub 147 EC saved to F:\NPI_results\bs_50\EC_Sub_147.mat
2026-02-02 12:16:43,571 [INFO]  Sub 148 FC correlation: r = 0.8335035353330775, p = 0.0
2026-02-02 12:16:43,572 [INFO] Calculating EC for Sub 148...
2026-02-02 12:16:45,157 [INFO] Sub 148 EC saved to F:\NPI_results\bs_50\EC_Sub_148.mat
2026-02-02 12:16:45,858 [INFO]  Sub 149 FC correlation: r = 0.7740416488178488, p = 0.0
2026-02-02 12:16:45,859 [INFO] Calculating EC for Sub 149...
2026-02-02 12:16:47,412 [INFO] Sub 149 EC saved to F:\NPI_results\bs_50\EC_Sub_149.mat
2026-02-02 12:16:48,124 [INFO]  Sub 150 FC correlation: r = 0.7912279825522944, p = 0.0
2026-02-02 12:16:48,125 [INFO] Calculating EC for Sub 150...
2026-02-02 12:16:49,697 [INFO] Sub 150 EC saved to F:\NPI_results\bs_50\EC_Sub_150.mat
2026-02-02 12:16:50,365 [INFO]  Sub 151 FC correlation: r = 0.8309909845532347, p = 0.0
2026-02-02 12:16:50,366 [INFO] Calculating EC for Sub 151...
2026-02-02 12:16:51,883 [INFO] Sub 151 EC saved to F:\NPI_results\bs_50\EC_Sub_151.mat
2026-02-02 12:16:52,555 [INFO]  Sub 152 FC correlation: r = 0.859229075089736, p = 0.0
2026-02-02 12:16:52,556 [INFO] Calculating EC for Sub 152...
2026-02-02 12:16:54,089 [INFO] Sub 152 EC saved to F:\NPI_results\bs_50\EC_Sub_152.mat
2026-02-02 12:16:54,772 [INFO]  Sub 153 FC correlation: r = 0.7978052307428581, p = 0.0
2026-02-02 12:16:54,773 [INFO] Calculating EC for Sub 153...
2026-02-02 12:16:56,285 [INFO] Sub 153 EC saved to F:\NPI_results\bs_50\EC_Sub_153.mat
2026-02-02 12:16:56,960 [INFO]  Sub 154 FC correlation: r = 0.8628574524618019, p = 0.0
2026-02-02 12:16:56,961 [INFO] Calculating EC for Sub 154...
2026-02-02 12:16:58,451 [INFO] Sub 154 EC saved to F:\NPI_results\bs_50\EC_Sub_154.mat
2026-02-02 12:16:59,141 [INFO]  Sub 155 FC correlation: r = 0.696640220771193, p = 0.0
2026-02-02 12:16:59,142 [INFO] Calculating EC for Sub 155...
2026-02-02 12:17:00,638 [INFO] Sub 155 EC saved to F:\NPI_results\bs_50\EC_Sub_155.mat
2026-02-02 12:17:01,304 [INFO]  Sub 156 FC correlation: r = 0.835797434957934, p = 0.0
2026-02-02 12:17:01,305 [INFO] Calculating EC for Sub 156...
2026-02-02 12:17:02,810 [INFO] Sub 156 EC saved to F:\NPI_results\bs_50\EC_Sub_156.mat
2026-02-02 12:17:03,497 [INFO]  Sub 157 FC correlation: r = 0.8490274419575363, p = 0.0
2026-02-02 12:17:03,498 [INFO] Calculating EC for Sub 157...
2026-02-02 12:17:04,983 [INFO] Sub 157 EC saved to F:\NPI_results\bs_50\EC_Sub_157.mat
2026-02-02 12:17:05,657 [INFO]  Sub 158 FC correlation: r = 0.835558646581882, p = 0.0
2026-02-02 12:17:05,658 [INFO] Calculating EC for Sub 158...
2026-02-02 12:17:07,196 [INFO] Sub 158 EC saved to F:\NPI_results\bs_50\EC_Sub_158.mat
2026-02-02 12:17:07,862 [INFO]  Sub 159 FC correlation: r = 0.8278323058146978, p = 0.0
2026-02-02 12:17:07,863 [INFO] Calculating EC for Sub 159...
2026-02-02 12:17:09,331 [INFO] Sub 159 EC saved to F:\NPI_results\bs_50\EC_Sub_159.mat
2026-02-02 12:17:09,999 [INFO]  Sub 160 FC correlation: r = 0.8425475274741104, p = 0.0
2026-02-02 12:17:10,000 [INFO] Calculating EC for Sub 160...
2026-02-02 12:17:11,517 [INFO] Sub 160 EC saved to F:\NPI_results\bs_50\EC_Sub_160.mat
2026-02-02 12:17:12,192 [INFO]  Sub 161 FC correlation: r = 0.8113528978608007, p = 0.0
2026-02-02 12:17:12,193 [INFO] Calculating EC for Sub 161...
2026-02-02 12:17:13,705 [INFO] Sub 161 EC saved to F:\NPI_results\bs_50\EC_Sub_161.mat
2026-02-02 12:17:14,380 [INFO]  Sub 162 FC correlation: r = 0.8678837742688307, p = 0.0
2026-02-02 12:17:14,381 [INFO] Calculating EC for Sub 162...
2026-02-02 12:17:15,896 [INFO] Sub 162 EC saved to F:\NPI_results\bs_50\EC_Sub_162.mat
2026-02-02 12:17:16,571 [INFO]  Sub 163 FC correlation: r = 0.8022473560705479, p = 0.0
2026-02-02 12:17:16,572 [INFO] Calculating EC for Sub 163...
2026-02-02 12:17:18,058 [INFO] Sub 163 EC saved to F:\NPI_results\bs_50\EC_Sub_163.mat
2026-02-02 12:17:18,724 [INFO]  Sub 164 FC correlation: r = 0.8085214719698335, p = 0.0
2026-02-02 12:17:18,725 [INFO] Calculating EC for Sub 164...
2026-02-02 12:17:20,236 [INFO] Sub 164 EC saved to F:\NPI_results\bs_50\EC_Sub_164.mat
2026-02-02 12:17:20,925 [INFO]  Sub 165 FC correlation: r = 0.8765480863270682, p = 0.0
2026-02-02 12:17:20,926 [INFO] Calculating EC for Sub 165...
2026-02-02 12:17:22,451 [INFO] Sub 165 EC saved to F:\NPI_results\bs_50\EC_Sub_165.mat
2026-02-02 12:17:23,130 [INFO]  Sub 166 FC correlation: r = 0.6838489181406467, p = 0.0
2026-02-02 12:17:23,130 [INFO] Calculating EC for Sub 166...
2026-02-02 12:17:24,672 [INFO] Sub 166 EC saved to F:\NPI_results\bs_50\EC_Sub_166.mat
2026-02-02 12:17:25,343 [INFO]  Sub 167 FC correlation: r = 0.8739874569309067, p = 0.0
2026-02-02 12:17:25,343 [INFO] Calculating EC for Sub 167...
2026-02-02 12:17:26,878 [INFO] Sub 167 EC saved to F:\NPI_results\bs_50\EC_Sub_167.mat
2026-02-02 12:17:27,538 [INFO]  Sub 168 FC correlation: r = 0.8031281972284966, p = 0.0
2026-02-02 12:17:27,539 [INFO] Calculating EC for Sub 168...
2026-02-02 12:17:29,048 [INFO] Sub 168 EC saved to F:\NPI_results\bs_50\EC_Sub_168.mat
2026-02-02 12:17:29,711 [INFO]  Sub 169 FC correlation: r = 0.7726254091035346, p = 0.0
2026-02-02 12:17:29,711 [INFO] Calculating EC for Sub 169...
2026-02-02 12:17:31,231 [INFO] Sub 169 EC saved to F:\NPI_results\bs_50\EC_Sub_169.mat
2026-02-02 12:17:31,894 [INFO]  Sub 170 FC correlation: r = 0.8408543830854234, p = 0.0
2026-02-02 12:17:31,894 [INFO] Calculating EC for Sub 170...
2026-02-02 12:17:33,373 [INFO] Sub 170 EC saved to F:\NPI_results\bs_50\EC_Sub_170.mat
2026-02-02 12:17:34,026 [INFO]  Sub 171 FC correlation: r = 0.8227622715876075, p = 0.0
2026-02-02 12:17:34,027 [INFO] Calculating EC for Sub 171...
2026-02-02 12:17:35,501 [INFO] Sub 171 EC saved to F:\NPI_results\bs_50\EC_Sub_171.mat
2026-02-02 12:17:36,181 [INFO]  Sub 172 FC correlation: r = 0.860279141551879, p = 0.0
2026-02-02 12:17:36,182 [INFO] Calculating EC for Sub 172...
2026-02-02 12:17:37,676 [INFO] Sub 172 EC saved to F:\NPI_results\bs_50\EC_Sub_172.mat
2026-02-02 12:17:38,354 [INFO]  Sub 173 FC correlation: r = 0.866144070726177, p = 0.0
2026-02-02 12:17:38,355 [INFO] Calculating EC for Sub 173...
2026-02-02 12:17:39,883 [INFO] Sub 173 EC saved to F:\NPI_results\bs_50\EC_Sub_173.mat
2026-02-02 12:17:40,553 [INFO]  Sub 174 FC correlation: r = 0.7084970900656883, p = 0.0
2026-02-02 12:17:40,553 [INFO] Calculating EC for Sub 174...
2026-02-02 12:17:42,084 [INFO] Sub 174 EC saved to F:\NPI_results\bs_50\EC_Sub_174.mat
2026-02-02 12:17:42,792 [INFO]  Sub 175 FC correlation: r = 0.7713156448136385, p = 0.0
2026-02-02 12:17:42,793 [INFO] Calculating EC for Sub 175...
2026-02-02 12:17:44,436 [INFO] Sub 175 EC saved to F:\NPI_results\bs_50\EC_Sub_175.mat
2026-02-02 12:17:45,112 [INFO]  Sub 176 FC correlation: r = 0.8111591679229281, p = 0.0
2026-02-02 12:17:45,113 [INFO] Calculating EC for Sub 176...
2026-02-02 12:17:46,635 [INFO] Sub 176 EC saved to F:\NPI_results\bs_50\EC_Sub_176.mat
2026-02-02 12:17:46,642 [INFO] 
统计结果已保存至: F:\NPI_results\bs_50\NPI_Statistics_Summary.csv
2026-02-02 15:43:42,701 [INFO] ============================== FC and EC START ==============================
2026-02-02 15:43:42,702 [INFO] ================================================================================
2026-02-02 15:43:43,835 [INFO]  Sub 0 FC correlation: r = 0.8511669451927095, p = 0.0
2026-02-02 15:43:43,836 [INFO] Calculating EC for Sub 0...
2026-02-02 15:43:45,565 [INFO] Sub 0 EC saved to F:\NPI_results\bs_50\EC_Sub_0.mat
2026-02-02 15:43:46,276 [INFO]  Sub 1 FC correlation: r = 0.7510043664665316, p = 0.0
2026-02-02 15:43:46,277 [INFO] Calculating EC for Sub 1...
2026-02-02 15:43:47,742 [INFO] Sub 1 EC saved to F:\NPI_results\bs_50\EC_Sub_1.mat
2026-02-02 15:43:48,406 [INFO]  Sub 2 FC correlation: r = 0.6315772748919398, p = 0.0
2026-02-02 15:43:48,406 [INFO] Calculating EC for Sub 2...
2026-02-02 15:43:49,892 [INFO] Sub 2 EC saved to F:\NPI_results\bs_50\EC_Sub_2.mat
2026-02-02 15:43:50,569 [INFO]  Sub 3 FC correlation: r = 0.893883248761048, p = 0.0
2026-02-02 15:43:50,570 [INFO] Calculating EC for Sub 3...
2026-02-02 15:43:52,035 [INFO] Sub 3 EC saved to F:\NPI_results\bs_50\EC_Sub_3.mat
2026-02-02 15:43:52,695 [INFO]  Sub 4 FC correlation: r = 0.7940426964095952, p = 0.0
2026-02-02 15:43:52,696 [INFO] Calculating EC for Sub 4...
2026-02-02 15:43:54,179 [INFO] Sub 4 EC saved to F:\NPI_results\bs_50\EC_Sub_4.mat
2026-02-02 15:43:54,185 [INFO] 
统计结果已保存至: F:\NPI_results\bs_50\NPI_Statistics_Summary_20260202_154354.csv
2026-02-02 15:49:42,723 [INFO] ============================== FC and EC START ==============================
2026-02-02 15:49:42,724 [INFO] ================================================================================
2026-02-02 15:49:43,792 [INFO]  Sub 0 FC correlation: r = 0.8065765030271329, p = 0.0
2026-02-02 15:49:43,793 [INFO] Calculating EC for Sub 0...
2026-02-02 15:49:45,432 [INFO] Sub 0 EC saved to F:\NPI_results\bs_50\EC_Sub_0.mat
2026-02-02 15:49:46,109 [INFO]  Sub 1 FC correlation: r = 0.6833633293344458, p = 0.0
2026-02-02 15:49:46,110 [INFO] Calculating EC for Sub 1...
2026-02-02 15:49:47,581 [INFO] Sub 1 EC saved to F:\NPI_results\bs_50\EC_Sub_1.mat
2026-02-02 15:49:48,249 [INFO]  Sub 2 FC correlation: r = 0.6042982839354141, p = 0.0
2026-02-02 15:49:48,251 [INFO] Calculating EC for Sub 2...
2026-02-02 15:49:49,695 [INFO] Sub 2 EC saved to F:\NPI_results\bs_50\EC_Sub_2.mat
2026-02-02 15:49:50,361 [INFO]  Sub 3 FC correlation: r = 0.8891296683862275, p = 0.0
2026-02-02 15:49:50,362 [INFO] Calculating EC for Sub 3...
2026-02-02 15:49:51,810 [INFO] Sub 3 EC saved to F:\NPI_results\bs_50\EC_Sub_3.mat
2026-02-02 15:49:52,475 [INFO]  Sub 4 FC correlation: r = 0.7972433993293957, p = 0.0
2026-02-02 15:49:52,476 [INFO] Calculating EC for Sub 4...
2026-02-02 15:49:53,941 [INFO] Sub 4 EC saved to F:\NPI_results\bs_50\EC_Sub_4.mat
2026-02-02 15:49:54,608 [INFO]  Sub 5 FC correlation: r = 0.6236695673418502, p = 0.0
2026-02-02 15:49:54,609 [INFO] Calculating EC for Sub 5...
2026-02-02 15:49:56,209 [INFO] Sub 5 EC saved to F:\NPI_results\bs_50\EC_Sub_5.mat
2026-02-02 15:49:56,876 [INFO]  Sub 6 FC correlation: r = 0.7042935812053169, p = 0.0
2026-02-02 15:49:56,877 [INFO] Calculating EC for Sub 6...
2026-02-02 15:49:58,333 [INFO] Sub 6 EC saved to F:\NPI_results\bs_50\EC_Sub_6.mat
2026-02-02 15:49:58,997 [INFO]  Sub 7 FC correlation: r = 0.8351012639761477, p = 0.0
2026-02-02 15:49:58,998 [INFO] Calculating EC for Sub 7...
2026-02-02 15:50:00,446 [INFO] Sub 7 EC saved to F:\NPI_results\bs_50\EC_Sub_7.mat
2026-02-02 15:50:00,452 [INFO] 
统计结果已保存至: F:\NPI_results\bs_50\NPI_Statistics_Summary_20260202_155000.csv
2026-02-02 15:55:08,732 [INFO] ============================== FC and EC START ==============================
2026-02-02 15:55:08,733 [INFO] ================================================================================
2026-02-02 15:55:09,614 [INFO]  Sub 0 FC correlation: r = 0.7485106800652588, p = 0.0
2026-02-02 15:55:09,615 [INFO] Calculating EC for Sub 0...
2026-02-02 15:55:11,502 [INFO] Sub 0 EC saved to F:\NPI_results\bs_50\EC_Sub_0.mat
2026-02-02 15:55:12,258 [INFO]  Sub 1 FC correlation: r = 0.7252225012855301, p = 0.0
2026-02-02 15:55:12,259 [INFO] Calculating EC for Sub 1...
2026-02-02 15:55:14,092 [INFO] Sub 1 EC saved to F:\NPI_results\bs_50\EC_Sub_1.mat
2026-02-02 15:55:14,834 [INFO]  Sub 2 FC correlation: r = 0.6244593165871983, p = 0.0
2026-02-02 15:55:14,835 [INFO] Calculating EC for Sub 2...
2026-02-02 15:55:16,624 [INFO] Sub 2 EC saved to F:\NPI_results\bs_50\EC_Sub_2.mat
2026-02-02 15:55:17,363 [INFO]  Sub 3 FC correlation: r = 0.8874607643671827, p = 0.0
2026-02-02 15:55:17,364 [INFO] Calculating EC for Sub 3...
2026-02-02 15:55:19,198 [INFO] Sub 3 EC saved to F:\NPI_results\bs_50\EC_Sub_3.mat
2026-02-02 15:55:19,940 [INFO]  Sub 4 FC correlation: r = 0.8053509624017439, p = 0.0
2026-02-02 15:55:19,941 [INFO] Calculating EC for Sub 4...
2026-02-02 15:55:21,714 [INFO] Sub 4 EC saved to F:\NPI_results\bs_50\EC_Sub_4.mat
2026-02-02 15:55:22,446 [INFO]  Sub 5 FC correlation: r = 0.6166126806963289, p = 0.0
2026-02-02 15:55:22,447 [INFO] Calculating EC for Sub 5...
2026-02-02 15:55:24,235 [INFO] Sub 5 EC saved to F:\NPI_results\bs_50\EC_Sub_5.mat
2026-02-02 15:55:24,971 [INFO]  Sub 6 FC correlation: r = 0.6917090586103888, p = 0.0
2026-02-02 15:55:24,972 [INFO] Calculating EC for Sub 6...
2026-02-02 15:55:26,714 [INFO] Sub 6 EC saved to F:\NPI_results\bs_50\EC_Sub_6.mat
2026-02-02 15:55:27,473 [INFO]  Sub 7 FC correlation: r = 0.8345603096164166, p = 0.0
2026-02-02 15:55:27,473 [INFO] Calculating EC for Sub 7...
2026-02-02 15:55:29,225 [INFO] Sub 7 EC saved to F:\NPI_results\bs_50\EC_Sub_7.mat
2026-02-02 15:55:29,230 [INFO] 
统计结果已保存至: F:\NPI_results\bs_50\NPI_Statistics_Summary_20260202_155529.csv
2026-02-02 16:01:46,727 [INFO] ============================== FC and EC START ==============================
2026-02-02 16:01:46,728 [INFO] ================================================================================
2026-02-02 16:01:47,584 [INFO]  Sub 0 FC correlation: r = 0.8162419599092191, p = 0.0
2026-02-02 16:01:47,584 [INFO] Calculating EC for Sub 0...
2026-02-02 16:01:49,493 [INFO] Sub 0 EC saved to F:\NPI_results\bs_50\EC_Sub_0.mat
2026-02-02 16:01:50,220 [INFO]  Sub 1 FC correlation: r = 0.8040989235405567, p = 0.0
2026-02-02 16:01:50,221 [INFO] Calculating EC for Sub 1...
2026-02-02 16:01:52,078 [INFO] Sub 1 EC saved to F:\NPI_results\bs_50\EC_Sub_1.mat
2026-02-02 16:01:52,084 [INFO] 
统计结果已保存至: F:\NPI_results\bs_50\NPI_Statistics_Summary_20260202_160152.csv
2026-02-02 16:05:15,306 [INFO] ============================== FC and EC START ==============================
2026-02-02 16:05:15,307 [INFO] ================================================================================
2026-02-02 16:05:16,346 [INFO]  Sub 0 FC correlation: r = 0.8398534966856813, p = 0.0
2026-02-02 16:05:16,348 [INFO] Calculating EC for Sub 0...
2026-02-02 16:05:18,030 [INFO] Sub 0 EC saved to F:\NPI_results\bs_50\EC_Sub_0.mat
2026-02-02 16:05:18,699 [INFO]  Sub 1 FC correlation: r = 0.8737851272244205, p = 0.0
2026-02-02 16:05:18,699 [INFO] Calculating EC for Sub 1...
2026-02-02 16:05:20,129 [INFO] Sub 1 EC saved to F:\NPI_results\bs_50\EC_Sub_1.mat
2026-02-02 16:05:20,133 [INFO] 
统计结果已保存至: F:\NPI_results\bs_50\NPI_Statistics_Summary_20260202_160520.csv
2026-02-02 16:09:00,859 [INFO] ============================== FC and EC START ==============================
2026-02-02 16:09:00,861 [INFO] ================================================================================
2026-02-02 16:09:03,009 [INFO]  Sub 0 FC correlation: r = 0.7993152532063071, p = 0.0
2026-02-02 16:09:03,010 [INFO] Calculating EC for Sub 0...
2026-02-02 16:09:04,934 [INFO] Sub 0 EC saved to F:\NPI_results\bs_50\EC_Sub_0.mat
2026-02-02 16:09:05,755 [INFO]  Sub 1 FC correlation: r = 0.8047410757620738, p = 0.0
2026-02-02 16:09:05,756 [INFO] Calculating EC for Sub 1...
2026-02-02 16:09:07,682 [INFO] Sub 1 EC saved to F:\NPI_results\bs_50\EC_Sub_1.mat
2026-02-02 16:09:07,691 [INFO] 
统计结果已保存至: F:\NPI_results\bs_50\NPI_Statistics_Summary_20260202_160907.csv
2026-02-02 16:10:14,959 [INFO] ============================== FC and EC START ==============================
2026-02-02 16:10:14,961 [INFO] ================================================================================
2026-02-02 16:10:41,400 [INFO] ============================== FC and EC START ==============================
2026-02-02 16:10:41,402 [INFO] ================================================================================
2026-02-02 16:21:34,421 [INFO] ============================== FC and EC START ==============================
2026-02-02 16:21:34,422 [INFO] ================================================================================
2026-02-02 16:21:36,303 [INFO]  Sub 0 FC correlation: r = 0.7993152532063071, p = 0.0
2026-02-02 16:21:36,304 [INFO] Calculating EC for Sub 0...
2026-02-02 16:21:37,711 [INFO] Sub 0 EC saved to F:\NPI_results\bs_50\EC_Sub_0.mat
2026-02-02 16:21:38,370 [INFO]  Sub 1 FC correlation: r = 0.8047410757620738, p = 0.0
2026-02-02 16:21:38,371 [INFO] Calculating EC for Sub 1...
2026-02-02 16:21:39,764 [INFO] Sub 1 EC saved to F:\NPI_results\bs_50\EC_Sub_1.mat
2026-02-02 16:21:39,771 [INFO] 
统计结果已保存至: F:\NPI_results\bs_50\NPI_Statistics_Summary_20260202_162139.csv
2026-02-02 16:21:42,328 [INFO] ============================== FC and EC START ==============================
2026-02-02 16:21:42,328 [INFO] ================================================================================
2026-02-02 16:21:42,999 [INFO]  Sub 0 FC correlation: r = 0.7993152532063071, p = 0.0
2026-02-02 16:21:43,000 [INFO] Calculating EC for Sub 0...
2026-02-02 16:21:44,610 [INFO] Sub 0 EC saved to F:\NPI_results\bs_50\EC_Sub_0.mat
2026-02-02 16:21:45,276 [INFO]  Sub 1 FC correlation: r = 0.8047410757620738, p = 0.0
2026-02-02 16:21:45,277 [INFO] Calculating EC for Sub 1...
2026-02-02 16:21:46,694 [INFO] Sub 1 EC saved to F:\NPI_results\bs_50\EC_Sub_1.mat
2026-02-02 16:21:46,699 [INFO] 
统计结果已保存至: F:\NPI_results\bs_50\NPI_Statistics_Summary_20260202_162146.csv
2026-02-02 16:22:11,005 [INFO] ============================== FC and EC START ==============================
2026-02-02 16:22:11,006 [INFO] ================================================================================
2026-02-02 16:22:11,754 [INFO]  Sub 0 FC correlation: r = 0.7993152532063071, p = 0.0
2026-02-02 16:22:11,755 [INFO] Calculating EC for Sub 0...
2026-02-02 16:22:13,555 [INFO] Sub 0 EC saved to F:\NPI_results\bs_50\EC_Sub_0.mat
2026-02-02 16:22:14,308 [INFO]  Sub 1 FC correlation: r = 0.8047410757620738, p = 0.0
2026-02-02 16:22:14,310 [INFO] Calculating EC for Sub 1...
2026-02-02 16:22:16,074 [INFO] Sub 1 EC saved to F:\NPI_results\bs_50\EC_Sub_1.mat
2026-02-02 16:22:16,831 [INFO]  Sub 2 FC correlation: r = 0.6093804087651385, p = 0.0
2026-02-02 16:22:16,832 [INFO] Calculating EC for Sub 2...
2026-02-02 16:22:18,603 [INFO] Sub 2 EC saved to F:\NPI_results\bs_50\EC_Sub_2.mat
2026-02-02 16:22:19,363 [INFO]  Sub 3 FC correlation: r = 0.8906006139154076, p = 0.0
2026-02-02 16:22:19,364 [INFO] Calculating EC for Sub 3...
2026-02-02 16:22:21,138 [INFO] Sub 3 EC saved to F:\NPI_results\bs_50\EC_Sub_3.mat
2026-02-02 16:22:21,904 [INFO]  Sub 4 FC correlation: r = 0.8188163757999628, p = 0.0
2026-02-02 16:22:21,905 [INFO] Calculating EC for Sub 4...
2026-02-02 16:22:23,680 [INFO] Sub 4 EC saved to F:\NPI_results\bs_50\EC_Sub_4.mat
2026-02-02 16:22:24,453 [INFO]  Sub 5 FC correlation: r = 0.6623356885694002, p = 0.0
2026-02-02 16:22:24,453 [INFO] Calculating EC for Sub 5...
2026-02-02 16:22:26,224 [INFO] Sub 5 EC saved to F:\NPI_results\bs_50\EC_Sub_5.mat
2026-02-02 16:22:26,230 [INFO] 
统计结果已保存至: F:\NPI_results\bs_50\NPI_Statistics_Summary_20260202_162226.csv
2026-02-02 16:38:33,839 [INFO] ============================== FC and EC START ==============================
2026-02-02 16:38:33,841 [INFO] ================================================================================
2026-02-02 16:38:34,827 [INFO]  Sub 0 FC correlation: r = 0.7993152532063071, p = 0.0
2026-02-02 16:38:34,828 [INFO] Calculating EC for Sub 0...
2026-02-02 16:38:36,620 [INFO] Sub 0 EC saved to F:\NPI_results\bs_50\EC_Sub_0.mat
2026-02-02 16:38:37,370 [INFO]  Sub 1 FC correlation: r = 0.8047410757620738, p = 0.0
2026-02-02 16:38:37,371 [INFO] Calculating EC for Sub 1...
2026-02-02 16:38:39,178 [INFO] Sub 1 EC saved to F:\NPI_results\bs_50\EC_Sub_1.mat
2026-02-02 16:38:39,931 [INFO]  Sub 2 FC correlation: r = 0.6093804087651385, p = 0.0
2026-02-02 16:38:39,932 [INFO] Calculating EC for Sub 2...
2026-02-02 16:38:41,772 [INFO] Sub 2 EC saved to F:\NPI_results\bs_50\EC_Sub_2.mat
2026-02-02 16:38:42,526 [INFO]  Sub 3 FC correlation: r = 0.8906006139154076, p = 0.0
2026-02-02 16:38:42,527 [INFO] Calculating EC for Sub 3...
2026-02-02 16:38:44,273 [INFO] Sub 3 EC saved to F:\NPI_results\bs_50\EC_Sub_3.mat
2026-02-02 16:38:45,017 [INFO]  Sub 4 FC correlation: r = 0.8188163757999628, p = 0.0
2026-02-02 16:38:45,018 [INFO] Calculating EC for Sub 4...
2026-02-02 16:38:46,825 [INFO] Sub 4 EC saved to F:\NPI_results\bs_50\EC_Sub_4.mat
2026-02-02 16:38:47,570 [INFO]  Sub 5 FC correlation: r = 0.6623356885694002, p = 0.0
2026-02-02 16:38:47,571 [INFO] Calculating EC for Sub 5...
2026-02-02 16:38:49,371 [INFO] Sub 5 EC saved to F:\NPI_results\bs_50\EC_Sub_5.mat
2026-02-02 16:38:50,095 [INFO]  Sub 6 FC correlation: r = 0.6951401898240774, p = 0.0
2026-02-02 16:38:50,096 [INFO] Calculating EC for Sub 6...
2026-02-02 16:38:51,835 [INFO] Sub 6 EC saved to F:\NPI_results\bs_50\EC_Sub_6.mat
2026-02-02 16:38:52,588 [INFO]  Sub 7 FC correlation: r = 0.8553855034998391, p = 0.0
2026-02-02 16:38:52,590 [INFO] Calculating EC for Sub 7...
2026-02-02 16:38:54,345 [INFO] Sub 7 EC saved to F:\NPI_results\bs_50\EC_Sub_7.mat
2026-02-02 16:38:55,090 [INFO]  Sub 8 FC correlation: r = 0.7572040588046203, p = 0.0
2026-02-02 16:38:55,091 [INFO] Calculating EC for Sub 8...
2026-02-02 16:38:56,844 [INFO] Sub 8 EC saved to F:\NPI_results\bs_50\EC_Sub_8.mat
2026-02-02 16:38:57,588 [INFO]  Sub 9 FC correlation: r = 0.9117646238011606, p = 0.0
2026-02-02 16:38:57,589 [INFO] Calculating EC for Sub 9...
2026-02-02 16:38:59,342 [INFO] Sub 9 EC saved to F:\NPI_results\bs_50\EC_Sub_9.mat
2026-02-02 16:39:00,098 [INFO]  Sub 10 FC correlation: r = 0.7240220646308598, p = 0.0
2026-02-02 16:39:00,098 [INFO] Calculating EC for Sub 10...
2026-02-02 16:39:01,865 [INFO] Sub 10 EC saved to F:\NPI_results\bs_50\EC_Sub_10.mat
2026-02-02 16:39:02,615 [INFO]  Sub 11 FC correlation: r = 0.8916805380495021, p = 0.0
2026-02-02 16:39:02,615 [INFO] Calculating EC for Sub 11...
2026-02-02 16:39:04,376 [INFO] Sub 11 EC saved to F:\NPI_results\bs_50\EC_Sub_11.mat
2026-02-02 16:39:05,115 [INFO]  Sub 12 FC correlation: r = 0.895515603588553, p = 0.0
2026-02-02 16:39:05,116 [INFO] Calculating EC for Sub 12...
2026-02-02 16:39:06,872 [INFO] Sub 12 EC saved to F:\NPI_results\bs_50\EC_Sub_12.mat
2026-02-02 16:39:07,641 [INFO]  Sub 13 FC correlation: r = 0.8381187104730388, p = 0.0
2026-02-02 16:39:07,642 [INFO] Calculating EC for Sub 13...
2026-02-02 16:39:09,385 [INFO] Sub 13 EC saved to F:\NPI_results\bs_50\EC_Sub_13.mat
2026-02-02 16:39:10,142 [INFO]  Sub 14 FC correlation: r = 0.5934900552801228, p = 0.0
2026-02-02 16:39:10,143 [INFO] Calculating EC for Sub 14...
2026-02-02 16:39:11,888 [INFO] Sub 14 EC saved to F:\NPI_results\bs_50\EC_Sub_14.mat
2026-02-02 16:39:12,622 [INFO]  Sub 15 FC correlation: r = 0.8397642883377987, p = 0.0
2026-02-02 16:39:12,623 [INFO] Calculating EC for Sub 15...
2026-02-02 16:39:14,378 [INFO] Sub 15 EC saved to F:\NPI_results\bs_50\EC_Sub_15.mat
2026-02-02 16:39:15,123 [INFO]  Sub 16 FC correlation: r = 0.7803772603386171, p = 0.0
2026-02-02 16:39:15,124 [INFO] Calculating EC for Sub 16...
2026-02-02 16:39:16,853 [INFO] Sub 16 EC saved to F:\NPI_results\bs_50\EC_Sub_16.mat
2026-02-02 16:39:17,598 [INFO]  Sub 17 FC correlation: r = 0.8166660169617767, p = 0.0
2026-02-02 16:39:17,599 [INFO] Calculating EC for Sub 17...
2026-02-02 16:39:19,351 [INFO] Sub 17 EC saved to F:\NPI_results\bs_50\EC_Sub_17.mat
2026-02-02 16:39:20,087 [INFO]  Sub 18 FC correlation: r = 0.7916164988054155, p = 0.0
2026-02-02 16:39:20,088 [INFO] Calculating EC for Sub 18...
2026-02-02 16:39:21,874 [INFO] Sub 18 EC saved to F:\NPI_results\bs_50\EC_Sub_18.mat
2026-02-02 16:39:22,628 [INFO]  Sub 19 FC correlation: r = 0.723555030739173, p = 0.0
2026-02-02 16:39:22,629 [INFO] Calculating EC for Sub 19...
2026-02-02 16:39:24,399 [INFO] Sub 19 EC saved to F:\NPI_results\bs_50\EC_Sub_19.mat
2026-02-02 16:39:25,170 [INFO]  Sub 20 FC correlation: r = 0.30164272766985256, p = 0.0
2026-02-02 16:39:25,171 [INFO] Calculating EC for Sub 20...
2026-02-02 16:39:26,912 [INFO] Sub 20 EC saved to F:\NPI_results\bs_50\EC_Sub_20.mat
2026-02-02 16:39:27,663 [INFO]  Sub 21 FC correlation: r = 0.884360602612573, p = 0.0
2026-02-02 16:39:27,664 [INFO] Calculating EC for Sub 21...
2026-02-02 16:39:29,405 [INFO] Sub 21 EC saved to F:\NPI_results\bs_50\EC_Sub_21.mat
2026-02-02 16:39:30,156 [INFO]  Sub 22 FC correlation: r = 0.7692655114331208, p = 0.0
2026-02-02 16:39:30,157 [INFO] Calculating EC for Sub 22...
2026-02-02 16:39:31,924 [INFO] Sub 22 EC saved to F:\NPI_results\bs_50\EC_Sub_22.mat
2026-02-02 16:39:32,662 [INFO]  Sub 23 FC correlation: r = 0.8051711883104603, p = 0.0
2026-02-02 16:39:32,663 [INFO] Calculating EC for Sub 23...
2026-02-02 16:39:34,435 [INFO] Sub 23 EC saved to F:\NPI_results\bs_50\EC_Sub_23.mat
2026-02-02 16:39:35,184 [INFO]  Sub 24 FC correlation: r = 0.8755481053797547, p = 0.0
2026-02-02 16:39:35,184 [INFO] Calculating EC for Sub 24...
2026-02-02 16:39:36,917 [INFO] Sub 24 EC saved to F:\NPI_results\bs_50\EC_Sub_24.mat
2026-02-02 16:39:37,649 [INFO]  Sub 25 FC correlation: r = 0.8078482437735549, p = 0.0
2026-02-02 16:39:37,650 [INFO] Calculating EC for Sub 25...
2026-02-02 16:39:39,420 [INFO] Sub 25 EC saved to F:\NPI_results\bs_50\EC_Sub_25.mat
2026-02-02 16:39:40,141 [INFO]  Sub 26 FC correlation: r = 0.7754082876175717, p = 0.0
2026-02-02 16:39:40,142 [INFO] Calculating EC for Sub 26...
2026-02-02 16:39:41,904 [INFO] Sub 26 EC saved to F:\NPI_results\bs_50\EC_Sub_26.mat
2026-02-02 16:39:42,651 [INFO]  Sub 27 FC correlation: r = 0.9176405446700391, p = 0.0
2026-02-02 16:39:42,651 [INFO] Calculating EC for Sub 27...
2026-02-02 16:39:44,390 [INFO] Sub 27 EC saved to F:\NPI_results\bs_50\EC_Sub_27.mat
2026-02-02 16:39:45,129 [INFO]  Sub 28 FC correlation: r = 0.7811156800366336, p = 0.0
2026-02-02 16:39:45,130 [INFO] Calculating EC for Sub 28...
2026-02-02 16:39:46,921 [INFO] Sub 28 EC saved to F:\NPI_results\bs_50\EC_Sub_28.mat
2026-02-02 16:39:47,660 [INFO]  Sub 29 FC correlation: r = 0.8981420092421493, p = 0.0
2026-02-02 16:39:47,661 [INFO] Calculating EC for Sub 29...
2026-02-02 16:39:49,407 [INFO] Sub 29 EC saved to F:\NPI_results\bs_50\EC_Sub_29.mat
2026-02-02 16:39:50,148 [INFO]  Sub 30 FC correlation: r = 0.905117612244926, p = 0.0
2026-02-02 16:39:50,148 [INFO] Calculating EC for Sub 30...
2026-02-02 16:39:51,908 [INFO] Sub 30 EC saved to F:\NPI_results\bs_50\EC_Sub_30.mat
2026-02-02 16:39:52,670 [INFO]  Sub 31 FC correlation: r = 0.8575223726746686, p = 0.0
2026-02-02 16:39:52,671 [INFO] Calculating EC for Sub 31...
2026-02-02 16:39:54,400 [INFO] Sub 31 EC saved to F:\NPI_results\bs_50\EC_Sub_31.mat
2026-02-02 16:39:55,141 [INFO]  Sub 32 FC correlation: r = 0.7813988417837876, p = 0.0
2026-02-02 16:39:55,142 [INFO] Calculating EC for Sub 32...
2026-02-02 16:39:56,886 [INFO] Sub 32 EC saved to F:\NPI_results\bs_50\EC_Sub_32.mat
2026-02-02 16:39:57,643 [INFO]  Sub 33 FC correlation: r = 0.5810577525857558, p = 0.0
2026-02-02 16:39:57,644 [INFO] Calculating EC for Sub 33...
2026-02-02 16:39:59,384 [INFO] Sub 33 EC saved to F:\NPI_results\bs_50\EC_Sub_33.mat
2026-02-02 16:40:00,139 [INFO]  Sub 34 FC correlation: r = 0.8265780057310631, p = 0.0
2026-02-02 16:40:00,140 [INFO] Calculating EC for Sub 34...
2026-02-02 16:40:01,886 [INFO] Sub 34 EC saved to F:\NPI_results\bs_50\EC_Sub_34.mat
2026-02-02 16:40:02,634 [INFO]  Sub 35 FC correlation: r = 0.8647649808009605, p = 0.0
2026-02-02 16:40:02,635 [INFO] Calculating EC for Sub 35...
2026-02-02 16:40:04,381 [INFO] Sub 35 EC saved to F:\NPI_results\bs_50\EC_Sub_35.mat
2026-02-02 16:40:05,113 [ERROR] !!! Sub 36 发生毁灭性错误: array must not contain infs or NaNs
2026-02-02 16:40:05,865 [INFO]  Sub 37 FC correlation: r = 0.8121870149005592, p = 0.0
2026-02-02 16:40:05,866 [INFO] Calculating EC for Sub 37...
2026-02-02 16:40:07,613 [INFO] Sub 37 EC saved to F:\NPI_results\bs_50\EC_Sub_37.mat
2026-02-02 16:40:08,343 [INFO]  Sub 38 FC correlation: r = 0.8819539043124066, p = 0.0
2026-02-02 16:40:08,344 [INFO] Calculating EC for Sub 38...
2026-02-02 16:40:10,079 [INFO] Sub 38 EC saved to F:\NPI_results\bs_50\EC_Sub_38.mat
2026-02-02 16:40:10,847 [INFO]  Sub 39 FC correlation: r = 0.8149692170435874, p = 0.0
2026-02-02 16:40:10,848 [INFO] Calculating EC for Sub 39...
2026-02-02 16:40:12,585 [INFO] Sub 39 EC saved to F:\NPI_results\bs_50\EC_Sub_39.mat
2026-02-02 16:40:13,330 [INFO]  Sub 40 FC correlation: r = 0.8776747751822154, p = 0.0
2026-02-02 16:40:13,331 [INFO] Calculating EC for Sub 40...
2026-02-02 16:40:15,096 [INFO] Sub 40 EC saved to F:\NPI_results\bs_50\EC_Sub_40.mat
2026-02-02 16:40:15,838 [INFO]  Sub 41 FC correlation: r = 0.9031652251781314, p = 0.0
2026-02-02 16:40:15,839 [INFO] Calculating EC for Sub 41...
2026-02-02 16:40:17,597 [INFO] Sub 41 EC saved to F:\NPI_results\bs_50\EC_Sub_41.mat
2026-02-02 16:40:18,337 [INFO]  Sub 42 FC correlation: r = 0.819685012076645, p = 0.0
2026-02-02 16:40:18,337 [INFO] Calculating EC for Sub 42...
2026-02-02 16:40:20,096 [INFO] Sub 42 EC saved to F:\NPI_results\bs_50\EC_Sub_42.mat
2026-02-02 16:40:20,831 [INFO]  Sub 43 FC correlation: r = 0.8539476600428028, p = 0.0
2026-02-02 16:40:20,832 [INFO] Calculating EC for Sub 43...
2026-02-02 16:40:22,578 [INFO] Sub 43 EC saved to F:\NPI_results\bs_50\EC_Sub_43.mat
2026-02-02 16:40:23,323 [INFO]  Sub 44 FC correlation: r = 0.818792428880172, p = 0.0
2026-02-02 16:40:23,324 [INFO] Calculating EC for Sub 44...
2026-02-02 16:40:25,081 [INFO] Sub 44 EC saved to F:\NPI_results\bs_50\EC_Sub_44.mat
2026-02-02 16:40:25,828 [INFO]  Sub 45 FC correlation: r = 0.903558892581647, p = 0.0
2026-02-02 16:40:25,829 [INFO] Calculating EC for Sub 45...
2026-02-02 16:40:27,571 [INFO] Sub 45 EC saved to F:\NPI_results\bs_50\EC_Sub_45.mat
2026-02-02 16:40:28,333 [INFO]  Sub 46 FC correlation: r = 0.8738486601564674, p = 0.0
2026-02-02 16:40:28,335 [INFO] Calculating EC for Sub 46...
2026-02-02 16:40:30,081 [INFO] Sub 46 EC saved to F:\NPI_results\bs_50\EC_Sub_46.mat
2026-02-02 16:40:30,830 [INFO]  Sub 47 FC correlation: r = 0.7875660934607379, p = 0.0
2026-02-02 16:40:30,831 [INFO] Calculating EC for Sub 47...
2026-02-02 16:40:32,572 [INFO] Sub 47 EC saved to F:\NPI_results\bs_50\EC_Sub_47.mat
2026-02-02 16:40:33,310 [INFO]  Sub 48 FC correlation: r = 0.7105019142588185, p = 0.0
2026-02-02 16:40:33,311 [INFO] Calculating EC for Sub 48...
2026-02-02 16:40:35,156 [INFO] Sub 48 EC saved to F:\NPI_results\bs_50\EC_Sub_48.mat
2026-02-02 16:40:35,924 [INFO]  Sub 49 FC correlation: r = 0.7980948452509229, p = 0.0
2026-02-02 16:40:35,925 [INFO] Calculating EC for Sub 49...
2026-02-02 16:40:37,749 [INFO] Sub 49 EC saved to F:\NPI_results\bs_50\EC_Sub_49.mat
2026-02-02 16:40:38,512 [INFO]  Sub 50 FC correlation: r = 0.6840959327878938, p = 0.0
2026-02-02 16:40:38,513 [INFO] Calculating EC for Sub 50...
2026-02-02 16:40:40,367 [INFO] Sub 50 EC saved to F:\NPI_results\bs_50\EC_Sub_50.mat
2026-02-02 16:40:41,128 [INFO]  Sub 51 FC correlation: r = 0.7647969018841364, p = 0.0
2026-02-02 16:40:41,129 [INFO] Calculating EC for Sub 51...
2026-02-02 16:40:42,930 [INFO] Sub 51 EC saved to F:\NPI_results\bs_50\EC_Sub_51.mat
2026-02-02 16:40:43,669 [INFO]  Sub 52 FC correlation: r = 0.8505540576798912, p = 0.0
2026-02-02 16:40:43,671 [INFO] Calculating EC for Sub 52...
2026-02-02 16:40:45,522 [INFO] Sub 52 EC saved to F:\NPI_results\bs_50\EC_Sub_52.mat
2026-02-02 16:40:46,316 [INFO]  Sub 53 FC correlation: r = 0.8460295596162842, p = 0.0
2026-02-02 16:40:46,317 [INFO] Calculating EC for Sub 53...
2026-02-02 16:40:48,130 [INFO] Sub 53 EC saved to F:\NPI_results\bs_50\EC_Sub_53.mat
2026-02-02 16:40:48,886 [INFO]  Sub 54 FC correlation: r = 0.8781310213254363, p = 0.0
2026-02-02 16:40:48,887 [INFO] Calculating EC for Sub 54...
2026-02-02 16:40:50,710 [INFO] Sub 54 EC saved to F:\NPI_results\bs_50\EC_Sub_54.mat
2026-02-02 16:40:51,447 [INFO]  Sub 55 FC correlation: r = 0.7452187129384034, p = 0.0
2026-02-02 16:40:51,448 [INFO] Calculating EC for Sub 55...
2026-02-02 16:40:53,242 [INFO] Sub 55 EC saved to F:\NPI_results\bs_50\EC_Sub_55.mat
2026-02-02 16:40:53,981 [INFO]  Sub 56 FC correlation: r = 0.8683797566465717, p = 0.0
2026-02-02 16:40:53,982 [INFO] Calculating EC for Sub 56...
2026-02-02 16:40:55,804 [INFO] Sub 56 EC saved to F:\NPI_results\bs_50\EC_Sub_56.mat
2026-02-02 16:40:56,582 [INFO]  Sub 57 FC correlation: r = 0.8644436376913563, p = 0.0
2026-02-02 16:40:56,582 [INFO] Calculating EC for Sub 57...
2026-02-02 16:40:58,409 [INFO] Sub 57 EC saved to F:\NPI_results\bs_50\EC_Sub_57.mat
2026-02-02 16:40:59,180 [INFO]  Sub 58 FC correlation: r = 0.7683942931692127, p = 0.0
2026-02-02 16:40:59,181 [INFO] Calculating EC for Sub 58...
2026-02-02 16:41:01,074 [INFO] Sub 58 EC saved to F:\NPI_results\bs_50\EC_Sub_58.mat
2026-02-02 16:41:01,845 [INFO]  Sub 59 FC correlation: r = 0.8550715880252242, p = 0.0
2026-02-02 16:41:01,846 [INFO] Calculating EC for Sub 59...
2026-02-02 16:41:03,576 [INFO] Sub 59 EC saved to F:\NPI_results\bs_50\EC_Sub_59.mat
2026-02-02 16:41:04,292 [INFO]  Sub 60 FC correlation: r = 0.8646993353347064, p = 0.0
2026-02-02 16:41:04,292 [INFO] Calculating EC for Sub 60...
2026-02-02 16:41:06,105 [INFO] Sub 60 EC saved to F:\NPI_results\bs_50\EC_Sub_60.mat
2026-02-02 16:41:06,916 [INFO]  Sub 61 FC correlation: r = 0.5586552949864424, p = 0.0
2026-02-02 16:41:06,917 [INFO] Calculating EC for Sub 61...
2026-02-02 16:41:08,770 [INFO] Sub 61 EC saved to F:\NPI_results\bs_50\EC_Sub_61.mat
2026-02-02 16:41:09,564 [INFO]  Sub 62 FC correlation: r = 0.5961376660528558, p = 0.0
2026-02-02 16:41:09,565 [INFO] Calculating EC for Sub 62...
2026-02-02 16:41:11,390 [INFO] Sub 62 EC saved to F:\NPI_results\bs_50\EC_Sub_62.mat
2026-02-02 16:41:12,179 [INFO]  Sub 63 FC correlation: r = 0.7001859647231339, p = 0.0
2026-02-02 16:41:12,180 [INFO] Calculating EC for Sub 63...
2026-02-02 16:41:13,992 [INFO] Sub 63 EC saved to F:\NPI_results\bs_50\EC_Sub_63.mat
2026-02-02 16:41:14,732 [INFO]  Sub 64 FC correlation: r = 0.7996006758873444, p = 0.0
2026-02-02 16:41:14,732 [INFO] Calculating EC for Sub 64...
2026-02-02 16:41:16,553 [INFO] Sub 64 EC saved to F:\NPI_results\bs_50\EC_Sub_64.mat
2026-02-02 16:41:17,316 [INFO]  Sub 65 FC correlation: r = 0.8483268259329753, p = 0.0
2026-02-02 16:41:17,318 [INFO] Calculating EC for Sub 65...
2026-02-02 16:41:19,108 [INFO] Sub 65 EC saved to F:\NPI_results\bs_50\EC_Sub_65.mat
2026-02-02 16:41:19,851 [INFO]  Sub 66 FC correlation: r = 0.8412121136286063, p = 0.0
2026-02-02 16:41:19,852 [INFO] Calculating EC for Sub 66...
2026-02-02 16:41:21,687 [INFO] Sub 66 EC saved to F:\NPI_results\bs_50\EC_Sub_66.mat
2026-02-02 16:41:22,419 [INFO]  Sub 67 FC correlation: r = 0.7823328303075082, p = 0.0
2026-02-02 16:41:22,419 [INFO] Calculating EC for Sub 67...
2026-02-02 16:41:24,326 [INFO] Sub 67 EC saved to F:\NPI_results\bs_50\EC_Sub_67.mat
2026-02-02 16:41:25,105 [INFO]  Sub 68 FC correlation: r = 0.8930043326209696, p = 0.0
2026-02-02 16:41:25,105 [INFO] Calculating EC for Sub 68...
2026-02-02 16:41:26,977 [INFO] Sub 68 EC saved to F:\NPI_results\bs_50\EC_Sub_68.mat
2026-02-02 16:41:27,740 [INFO]  Sub 69 FC correlation: r = 0.7902293431667696, p = 0.0
2026-02-02 16:41:27,741 [INFO] Calculating EC for Sub 69...
2026-02-02 16:41:29,543 [INFO] Sub 69 EC saved to F:\NPI_results\bs_50\EC_Sub_69.mat
2026-02-02 16:41:30,308 [INFO]  Sub 70 FC correlation: r = 0.8931785815173375, p = 0.0
2026-02-02 16:41:30,309 [INFO] Calculating EC for Sub 70...
2026-02-02 16:41:32,120 [INFO] Sub 70 EC saved to F:\NPI_results\bs_50\EC_Sub_70.mat
2026-02-02 16:41:32,870 [INFO]  Sub 71 FC correlation: r = 0.86367382467997, p = 0.0
2026-02-02 16:41:32,871 [INFO] Calculating EC for Sub 71...
2026-02-02 16:41:34,652 [INFO] Sub 71 EC saved to F:\NPI_results\bs_50\EC_Sub_71.mat
2026-02-02 16:41:35,342 [INFO]  Sub 72 FC correlation: r = 0.7448503631594191, p = 0.0
2026-02-02 16:41:35,343 [INFO] Calculating EC for Sub 72...
2026-02-02 16:41:36,832 [INFO] Sub 72 EC saved to F:\NPI_results\bs_50\EC_Sub_72.mat
2026-02-02 16:41:37,514 [INFO]  Sub 73 FC correlation: r = 0.8221229506334747, p = 0.0
2026-02-02 16:41:37,515 [INFO] Calculating EC for Sub 73...
2026-02-02 16:41:39,145 [INFO] Sub 73 EC saved to F:\NPI_results\bs_50\EC_Sub_73.mat
2026-02-02 16:41:39,831 [INFO]  Sub 74 FC correlation: r = 0.8557152463382414, p = 0.0
2026-02-02 16:41:39,831 [INFO] Calculating EC for Sub 74...
2026-02-02 16:41:41,319 [INFO] Sub 74 EC saved to F:\NPI_results\bs_50\EC_Sub_74.mat
2026-02-02 16:41:42,013 [INFO]  Sub 75 FC correlation: r = 0.8643523565796271, p = 0.0
2026-02-02 16:41:42,013 [INFO] Calculating EC for Sub 75...
2026-02-02 16:41:43,524 [INFO] Sub 75 EC saved to F:\NPI_results\bs_50\EC_Sub_75.mat
2026-02-02 16:41:44,214 [INFO]  Sub 76 FC correlation: r = 0.6480830401154225, p = 0.0
2026-02-02 16:41:44,214 [INFO] Calculating EC for Sub 76...
2026-02-02 16:41:45,718 [INFO] Sub 76 EC saved to F:\NPI_results\bs_50\EC_Sub_76.mat
2026-02-02 16:41:46,423 [INFO]  Sub 77 FC correlation: r = 0.6694266548632408, p = 0.0
2026-02-02 16:41:46,423 [INFO] Calculating EC for Sub 77...
2026-02-02 16:41:47,929 [INFO] Sub 77 EC saved to F:\NPI_results\bs_50\EC_Sub_77.mat
2026-02-02 16:41:48,680 [INFO]  Sub 78 FC correlation: r = 0.8126799531928273, p = 0.0
2026-02-02 16:41:48,681 [INFO] Calculating EC for Sub 78...
2026-02-02 16:41:50,166 [INFO] Sub 78 EC saved to F:\NPI_results\bs_50\EC_Sub_78.mat
2026-02-02 16:41:50,856 [INFO]  Sub 79 FC correlation: r = 0.8990368904712002, p = 0.0
2026-02-02 16:41:50,857 [INFO] Calculating EC for Sub 79...
2026-02-02 16:41:52,345 [INFO] Sub 79 EC saved to F:\NPI_results\bs_50\EC_Sub_79.mat
2026-02-02 16:41:53,023 [INFO]  Sub 80 FC correlation: r = 0.84111647972908, p = 0.0
2026-02-02 16:41:53,024 [INFO] Calculating EC for Sub 80...
2026-02-02 16:41:54,516 [INFO] Sub 80 EC saved to F:\NPI_results\bs_50\EC_Sub_80.mat
2026-02-02 16:41:55,201 [INFO]  Sub 81 FC correlation: r = 0.867349014589314, p = 0.0
2026-02-02 16:41:55,202 [INFO] Calculating EC for Sub 81...
2026-02-02 16:41:56,706 [INFO] Sub 81 EC saved to F:\NPI_results\bs_50\EC_Sub_81.mat
2026-02-02 16:41:57,388 [INFO]  Sub 82 FC correlation: r = 0.7414417184720057, p = 0.0
2026-02-02 16:41:57,389 [INFO] Calculating EC for Sub 82...
2026-02-02 16:41:58,862 [INFO] Sub 82 EC saved to F:\NPI_results\bs_50\EC_Sub_82.mat
2026-02-02 16:41:59,535 [INFO]  Sub 83 FC correlation: r = 0.9157806290206683, p = 0.0
2026-02-02 16:41:59,536 [INFO] Calculating EC for Sub 83...
2026-02-02 16:42:00,999 [INFO] Sub 83 EC saved to F:\NPI_results\bs_50\EC_Sub_83.mat
2026-02-02 16:42:01,685 [INFO]  Sub 84 FC correlation: r = 0.8874843684165854, p = 0.0
2026-02-02 16:42:01,686 [INFO] Calculating EC for Sub 84...
2026-02-02 16:42:03,198 [INFO] Sub 84 EC saved to F:\NPI_results\bs_50\EC_Sub_84.mat
2026-02-02 16:42:03,876 [INFO]  Sub 85 FC correlation: r = 0.762991196712007, p = 0.0
2026-02-02 16:42:03,877 [INFO] Calculating EC for Sub 85...
2026-02-02 16:42:05,410 [INFO] Sub 85 EC saved to F:\NPI_results\bs_50\EC_Sub_85.mat
2026-02-02 16:42:06,107 [INFO]  Sub 86 FC correlation: r = 0.8868238682711124, p = 0.0
2026-02-02 16:42:06,108 [INFO] Calculating EC for Sub 86...
2026-02-02 16:42:07,625 [INFO] Sub 86 EC saved to F:\NPI_results\bs_50\EC_Sub_86.mat
2026-02-02 16:42:08,296 [INFO]  Sub 87 FC correlation: r = 0.6474459640402092, p = 0.0
2026-02-02 16:42:08,297 [INFO] Calculating EC for Sub 87...
2026-02-02 16:42:09,745 [INFO] Sub 87 EC saved to F:\NPI_results\bs_50\EC_Sub_87.mat
2026-02-02 16:42:10,415 [INFO]  Sub 88 FC correlation: r = 0.7355901931803996, p = 0.0
2026-02-02 16:42:10,416 [INFO] Calculating EC for Sub 88...
2026-02-02 16:42:11,922 [INFO] Sub 88 EC saved to F:\NPI_results\bs_50\EC_Sub_88.mat
2026-02-02 16:42:12,617 [INFO]  Sub 89 FC correlation: r = 0.7733214324348191, p = 0.0
2026-02-02 16:42:12,618 [INFO] Calculating EC for Sub 89...
2026-02-02 16:42:14,077 [INFO] Sub 89 EC saved to F:\NPI_results\bs_50\EC_Sub_89.mat
2026-02-02 16:42:14,750 [INFO]  Sub 90 FC correlation: r = 0.7960334159932934, p = 0.0
2026-02-02 16:42:14,750 [INFO] Calculating EC for Sub 90...
2026-02-02 16:42:16,232 [INFO] Sub 90 EC saved to F:\NPI_results\bs_50\EC_Sub_90.mat
2026-02-02 16:42:16,905 [INFO]  Sub 91 FC correlation: r = 0.8882287246686666, p = 0.0
2026-02-02 16:42:16,905 [INFO] Calculating EC for Sub 91...
2026-02-02 16:42:18,382 [INFO] Sub 91 EC saved to F:\NPI_results\bs_50\EC_Sub_91.mat
2026-02-02 16:42:19,059 [INFO]  Sub 92 FC correlation: r = 0.8479161330666294, p = 0.0
2026-02-02 16:42:19,059 [INFO] Calculating EC for Sub 92...
2026-02-02 16:42:20,609 [INFO] Sub 92 EC saved to F:\NPI_results\bs_50\EC_Sub_92.mat
2026-02-02 16:42:21,284 [INFO]  Sub 93 FC correlation: r = 0.9122434630878106, p = 0.0
2026-02-02 16:42:21,286 [INFO] Calculating EC for Sub 93...
2026-02-02 16:42:22,770 [INFO] Sub 93 EC saved to F:\NPI_results\bs_50\EC_Sub_93.mat
2026-02-02 16:42:23,441 [INFO]  Sub 94 FC correlation: r = 0.7942411834646901, p = 0.0
2026-02-02 16:42:23,442 [INFO] Calculating EC for Sub 94...
2026-02-02 16:42:24,946 [INFO] Sub 94 EC saved to F:\NPI_results\bs_50\EC_Sub_94.mat
2026-02-02 16:42:25,631 [INFO]  Sub 95 FC correlation: r = 0.879754415445573, p = 0.0
2026-02-02 16:42:25,632 [INFO] Calculating EC for Sub 95...
2026-02-02 16:42:27,104 [INFO] Sub 95 EC saved to F:\NPI_results\bs_50\EC_Sub_95.mat
2026-02-02 16:42:27,787 [INFO]  Sub 96 FC correlation: r = 0.8191831765051231, p = 0.0
2026-02-02 16:42:27,788 [INFO] Calculating EC for Sub 96...
2026-02-02 16:42:29,296 [INFO] Sub 96 EC saved to F:\NPI_results\bs_50\EC_Sub_96.mat
2026-02-02 16:42:30,015 [INFO]  Sub 97 FC correlation: r = 0.7699634245335085, p = 0.0
2026-02-02 16:42:30,016 [INFO] Calculating EC for Sub 97...
2026-02-02 16:42:31,490 [INFO] Sub 97 EC saved to F:\NPI_results\bs_50\EC_Sub_97.mat
2026-02-02 16:42:32,169 [INFO]  Sub 98 FC correlation: r = 0.9033647792268571, p = 0.0
2026-02-02 16:42:32,169 [INFO] Calculating EC for Sub 98...
2026-02-02 16:42:33,682 [INFO] Sub 98 EC saved to F:\NPI_results\bs_50\EC_Sub_98.mat
2026-02-02 16:42:34,360 [INFO]  Sub 99 FC correlation: r = 0.6504495782465631, p = 0.0
2026-02-02 16:42:34,361 [INFO] Calculating EC for Sub 99...
2026-02-02 16:42:35,806 [INFO] Sub 99 EC saved to F:\NPI_results\bs_50\EC_Sub_99.mat
2026-02-02 16:42:36,488 [INFO]  Sub 100 FC correlation: r = 0.6077507214054705, p = 0.0
2026-02-02 16:42:36,489 [INFO] Calculating EC for Sub 100...
2026-02-02 16:42:37,936 [INFO] Sub 100 EC saved to F:\NPI_results\bs_50\EC_Sub_100.mat
2026-02-02 16:42:38,616 [INFO]  Sub 101 FC correlation: r = 0.7321384315245949, p = 0.0
2026-02-02 16:42:38,617 [INFO] Calculating EC for Sub 101...
2026-02-02 16:42:40,100 [INFO] Sub 101 EC saved to F:\NPI_results\bs_50\EC_Sub_101.mat
2026-02-02 16:42:40,765 [INFO]  Sub 102 FC correlation: r = 0.8989588649353496, p = 0.0
2026-02-02 16:42:40,766 [INFO] Calculating EC for Sub 102...
2026-02-02 16:42:42,227 [INFO] Sub 102 EC saved to F:\NPI_results\bs_50\EC_Sub_102.mat
2026-02-02 16:42:42,902 [INFO]  Sub 103 FC correlation: r = 0.8917908591383449, p = 0.0
2026-02-02 16:42:42,903 [INFO] Calculating EC for Sub 103...
2026-02-02 16:42:44,393 [INFO] Sub 103 EC saved to F:\NPI_results\bs_50\EC_Sub_103.mat
2026-02-02 16:42:45,065 [INFO]  Sub 104 FC correlation: r = 0.8616730405199552, p = 0.0
2026-02-02 16:42:45,066 [INFO] Calculating EC for Sub 104...
2026-02-02 16:42:46,562 [INFO] Sub 104 EC saved to F:\NPI_results\bs_50\EC_Sub_104.mat
2026-02-02 16:42:47,277 [INFO]  Sub 105 FC correlation: r = 0.8631519717376155, p = 0.0
2026-02-02 16:42:47,277 [INFO] Calculating EC for Sub 105...
2026-02-02 16:42:48,756 [INFO] Sub 105 EC saved to F:\NPI_results\bs_50\EC_Sub_105.mat
2026-02-02 16:42:49,440 [INFO]  Sub 106 FC correlation: r = 0.6727329486907698, p = 0.0
2026-02-02 16:42:49,441 [INFO] Calculating EC for Sub 106...
2026-02-02 16:42:50,905 [INFO] Sub 106 EC saved to F:\NPI_results\bs_50\EC_Sub_106.mat
2026-02-02 16:42:51,591 [INFO]  Sub 107 FC correlation: r = 0.8103815239086358, p = 0.0
2026-02-02 16:42:51,592 [INFO] Calculating EC for Sub 107...
2026-02-02 16:42:53,059 [INFO] Sub 107 EC saved to F:\NPI_results\bs_50\EC_Sub_107.mat
2026-02-02 16:42:53,737 [INFO]  Sub 108 FC correlation: r = 0.8072618997625528, p = 0.0
2026-02-02 16:42:53,738 [INFO] Calculating EC for Sub 108...
2026-02-02 16:42:55,200 [INFO] Sub 108 EC saved to F:\NPI_results\bs_50\EC_Sub_108.mat
2026-02-02 16:42:55,871 [INFO]  Sub 109 FC correlation: r = 0.874380746417452, p = 0.0
2026-02-02 16:42:55,872 [INFO] Calculating EC for Sub 109...
2026-02-02 16:42:57,323 [INFO] Sub 109 EC saved to F:\NPI_results\bs_50\EC_Sub_109.mat
2026-02-02 16:42:57,985 [INFO]  Sub 110 FC correlation: r = 0.8595825399428305, p = 0.0
2026-02-02 16:42:57,986 [INFO] Calculating EC for Sub 110...
2026-02-02 16:42:59,462 [INFO] Sub 110 EC saved to F:\NPI_results\bs_50\EC_Sub_110.mat
2026-02-02 16:43:00,155 [INFO]  Sub 111 FC correlation: r = 0.804667475972551, p = 0.0
2026-02-02 16:43:00,156 [INFO] Calculating EC for Sub 111...
2026-02-02 16:43:01,611 [INFO] Sub 111 EC saved to F:\NPI_results\bs_50\EC_Sub_111.mat
2026-02-02 16:43:02,270 [INFO]  Sub 112 FC correlation: r = 0.8562454545383942, p = 0.0
2026-02-02 16:43:02,270 [INFO] Calculating EC for Sub 112...
2026-02-02 16:43:03,716 [INFO] Sub 112 EC saved to F:\NPI_results\bs_50\EC_Sub_112.mat
2026-02-02 16:43:04,400 [INFO]  Sub 113 FC correlation: r = 0.8407965616997602, p = 0.0
2026-02-02 16:43:04,401 [INFO] Calculating EC for Sub 113...
2026-02-02 16:43:05,875 [INFO] Sub 113 EC saved to F:\NPI_results\bs_50\EC_Sub_113.mat
2026-02-02 16:43:06,555 [INFO]  Sub 114 FC correlation: r = 0.6186061157775421, p = 0.0
2026-02-02 16:43:06,556 [INFO] Calculating EC for Sub 114...
2026-02-02 16:43:08,077 [INFO] Sub 114 EC saved to F:\NPI_results\bs_50\EC_Sub_114.mat
2026-02-02 16:43:08,745 [INFO]  Sub 115 FC correlation: r = 0.8324182246548909, p = 0.0
2026-02-02 16:43:08,745 [INFO] Calculating EC for Sub 115...
2026-02-02 16:43:10,198 [INFO] Sub 115 EC saved to F:\NPI_results\bs_50\EC_Sub_115.mat
2026-02-02 16:43:10,865 [INFO]  Sub 116 FC correlation: r = 0.8314394393636231, p = 0.0
2026-02-02 16:43:10,865 [INFO] Calculating EC for Sub 116...
2026-02-02 16:43:12,284 [INFO] Sub 116 EC saved to F:\NPI_results\bs_50\EC_Sub_116.mat
2026-02-02 16:43:12,927 [INFO]  Sub 117 FC correlation: r = 0.8102602338624783, p = 0.0
2026-02-02 16:43:12,928 [INFO] Calculating EC for Sub 117...
2026-02-02 16:43:14,321 [INFO] Sub 117 EC saved to F:\NPI_results\bs_50\EC_Sub_117.mat
2026-02-02 16:43:14,997 [INFO]  Sub 118 FC correlation: r = 0.7711708384028793, p = 0.0
2026-02-02 16:43:14,998 [INFO] Calculating EC for Sub 118...
2026-02-02 16:43:16,534 [INFO] Sub 118 EC saved to F:\NPI_results\bs_50\EC_Sub_118.mat
2026-02-02 16:43:17,222 [INFO]  Sub 119 FC correlation: r = 0.8407222428837295, p = 0.0
2026-02-02 16:43:17,223 [INFO] Calculating EC for Sub 119...
2026-02-02 16:43:18,637 [INFO] Sub 119 EC saved to F:\NPI_results\bs_50\EC_Sub_119.mat
2026-02-02 16:43:19,294 [INFO]  Sub 120 FC correlation: r = 0.8708773070258253, p = 0.0
2026-02-02 16:43:19,295 [INFO] Calculating EC for Sub 120...
2026-02-02 16:43:20,710 [INFO] Sub 120 EC saved to F:\NPI_results\bs_50\EC_Sub_120.mat
2026-02-02 16:43:21,371 [INFO]  Sub 121 FC correlation: r = 0.8588881652921643, p = 0.0
2026-02-02 16:43:21,372 [INFO] Calculating EC for Sub 121...
2026-02-02 16:43:22,797 [INFO] Sub 121 EC saved to F:\NPI_results\bs_50\EC_Sub_121.mat
2026-02-02 16:43:23,447 [INFO]  Sub 122 FC correlation: r = 0.8494676566237278, p = 0.0
2026-02-02 16:43:23,448 [INFO] Calculating EC for Sub 122...
2026-02-02 16:43:24,872 [INFO] Sub 122 EC saved to F:\NPI_results\bs_50\EC_Sub_122.mat
2026-02-02 16:43:25,537 [INFO]  Sub 123 FC correlation: r = 0.794021641202618, p = 0.0
2026-02-02 16:43:25,538 [INFO] Calculating EC for Sub 123...
2026-02-02 16:43:26,949 [INFO] Sub 123 EC saved to F:\NPI_results\bs_50\EC_Sub_123.mat
2026-02-02 16:43:27,607 [INFO]  Sub 124 FC correlation: r = 0.8313688009224482, p = 0.0
2026-02-02 16:43:27,608 [INFO] Calculating EC for Sub 124...
2026-02-02 16:43:29,013 [INFO] Sub 124 EC saved to F:\NPI_results\bs_50\EC_Sub_124.mat
2026-02-02 16:43:29,671 [INFO]  Sub 125 FC correlation: r = 0.8748237579072301, p = 0.0
2026-02-02 16:43:29,672 [INFO] Calculating EC for Sub 125...
2026-02-02 16:43:31,069 [INFO] Sub 125 EC saved to F:\NPI_results\bs_50\EC_Sub_125.mat
2026-02-02 16:43:31,715 [INFO]  Sub 126 FC correlation: r = 0.8813702777833846, p = 0.0
2026-02-02 16:43:31,715 [INFO] Calculating EC for Sub 126...
2026-02-02 16:43:33,315 [INFO] Sub 126 EC saved to F:\NPI_results\bs_50\EC_Sub_126.mat
2026-02-02 16:43:34,008 [INFO]  Sub 127 FC correlation: r = 0.7173715103787608, p = 0.0
2026-02-02 16:43:34,009 [INFO] Calculating EC for Sub 127...
2026-02-02 16:43:35,466 [INFO] Sub 127 EC saved to F:\NPI_results\bs_50\EC_Sub_127.mat
2026-02-02 16:43:36,130 [INFO]  Sub 128 FC correlation: r = 0.8840767291123236, p = 0.0
2026-02-02 16:43:36,131 [INFO] Calculating EC for Sub 128...
2026-02-02 16:43:37,552 [INFO] Sub 128 EC saved to F:\NPI_results\bs_50\EC_Sub_128.mat
2026-02-02 16:43:38,235 [INFO]  Sub 129 FC correlation: r = 0.8323090304189025, p = 0.0
2026-02-02 16:43:38,236 [INFO] Calculating EC for Sub 129...
2026-02-02 16:43:39,679 [INFO] Sub 129 EC saved to F:\NPI_results\bs_50\EC_Sub_129.mat
2026-02-02 16:43:40,423 [INFO]  Sub 130 FC correlation: r = 0.41956049105217363, p = 0.0
2026-02-02 16:43:40,424 [INFO] Calculating EC for Sub 130...
2026-02-02 16:43:41,942 [INFO] Sub 130 EC saved to F:\NPI_results\bs_50\EC_Sub_130.mat
2026-02-02 16:43:42,591 [INFO]  Sub 131 FC correlation: r = 0.7540749516028932, p = 0.0
2026-02-02 16:43:42,592 [INFO] Calculating EC for Sub 131...
2026-02-02 16:43:44,144 [INFO] Sub 131 EC saved to F:\NPI_results\bs_50\EC_Sub_131.mat
2026-02-02 16:43:44,814 [INFO]  Sub 132 FC correlation: r = 0.8539459567140851, p = 0.0
2026-02-02 16:43:44,815 [INFO] Calculating EC for Sub 132...
2026-02-02 16:43:46,257 [INFO] Sub 132 EC saved to F:\NPI_results\bs_50\EC_Sub_132.mat
2026-02-02 16:43:46,912 [INFO]  Sub 133 FC correlation: r = 0.8882231365757677, p = 0.0
2026-02-02 16:43:46,913 [INFO] Calculating EC for Sub 133...
2026-02-02 16:43:48,329 [INFO] Sub 133 EC saved to F:\NPI_results\bs_50\EC_Sub_133.mat
2026-02-02 16:43:48,992 [INFO]  Sub 134 FC correlation: r = 0.8533889310833405, p = 0.0
2026-02-02 16:43:48,992 [INFO] Calculating EC for Sub 134...
2026-02-02 16:43:50,390 [INFO] Sub 134 EC saved to F:\NPI_results\bs_50\EC_Sub_134.mat
2026-02-02 16:43:51,076 [INFO]  Sub 135 FC correlation: r = 0.8740832190286976, p = 0.0
2026-02-02 16:43:51,076 [INFO] Calculating EC for Sub 135...
2026-02-02 16:43:52,509 [INFO] Sub 135 EC saved to F:\NPI_results\bs_50\EC_Sub_135.mat
2026-02-02 16:43:53,157 [INFO]  Sub 136 FC correlation: r = 0.8809620696845539, p = 0.0
2026-02-02 16:43:53,158 [INFO] Calculating EC for Sub 136...
2026-02-02 16:43:54,560 [INFO] Sub 136 EC saved to F:\NPI_results\bs_50\EC_Sub_136.mat
2026-02-02 16:43:55,222 [INFO]  Sub 137 FC correlation: r = 0.8320261485198, p = 0.0
2026-02-02 16:43:55,223 [INFO] Calculating EC for Sub 137...
2026-02-02 16:43:56,616 [INFO] Sub 137 EC saved to F:\NPI_results\bs_50\EC_Sub_137.mat
2026-02-02 16:43:57,289 [INFO]  Sub 138 FC correlation: r = 0.8492177654262267, p = 0.0
2026-02-02 16:43:57,290 [INFO] Calculating EC for Sub 138...
2026-02-02 16:43:58,729 [INFO] Sub 138 EC saved to F:\NPI_results\bs_50\EC_Sub_138.mat
2026-02-02 16:43:59,388 [INFO]  Sub 139 FC correlation: r = 0.8504082858290134, p = 0.0
2026-02-02 16:43:59,389 [INFO] Calculating EC for Sub 139...
2026-02-02 16:44:00,849 [INFO] Sub 139 EC saved to F:\NPI_results\bs_50\EC_Sub_139.mat
2026-02-02 16:44:01,499 [INFO]  Sub 140 FC correlation: r = 0.7317890270038769, p = 0.0
2026-02-02 16:44:01,500 [INFO] Calculating EC for Sub 140...
2026-02-02 16:44:02,922 [INFO] Sub 140 EC saved to F:\NPI_results\bs_50\EC_Sub_140.mat
2026-02-02 16:44:03,584 [INFO]  Sub 141 FC correlation: r = 0.8171428188283325, p = 0.0
2026-02-02 16:44:03,585 [INFO] Calculating EC for Sub 141...
2026-02-02 16:44:05,016 [INFO] Sub 141 EC saved to F:\NPI_results\bs_50\EC_Sub_141.mat
2026-02-02 16:44:05,676 [INFO]  Sub 142 FC correlation: r = 0.8120471616937228, p = 0.0
2026-02-02 16:44:05,676 [INFO] Calculating EC for Sub 142...
2026-02-02 16:44:07,124 [INFO] Sub 142 EC saved to F:\NPI_results\bs_50\EC_Sub_142.mat
2026-02-02 16:44:07,801 [INFO]  Sub 143 FC correlation: r = 0.7451989858581629, p = 0.0
2026-02-02 16:44:07,801 [INFO] Calculating EC for Sub 143...
2026-02-02 16:44:09,217 [INFO] Sub 143 EC saved to F:\NPI_results\bs_50\EC_Sub_143.mat
2026-02-02 16:44:09,879 [INFO]  Sub 144 FC correlation: r = 0.822864802909309, p = 0.0
2026-02-02 16:44:09,879 [INFO] Calculating EC for Sub 144...
2026-02-02 16:44:11,384 [INFO] Sub 144 EC saved to F:\NPI_results\bs_50\EC_Sub_144.mat
2026-02-02 16:44:12,088 [INFO]  Sub 145 FC correlation: r = 0.8579315801519887, p = 0.0
2026-02-02 16:44:12,088 [INFO] Calculating EC for Sub 145...
2026-02-02 16:44:13,572 [INFO] Sub 145 EC saved to F:\NPI_results\bs_50\EC_Sub_145.mat
2026-02-02 16:44:14,232 [INFO]  Sub 146 FC correlation: r = 0.7509797466353433, p = 0.0
2026-02-02 16:44:14,233 [INFO] Calculating EC for Sub 146...
2026-02-02 16:44:15,691 [INFO] Sub 146 EC saved to F:\NPI_results\bs_50\EC_Sub_146.mat
2026-02-02 16:44:16,367 [INFO]  Sub 147 FC correlation: r = 0.7947045581003239, p = 0.0
2026-02-02 16:44:16,368 [INFO] Calculating EC for Sub 147...
2026-02-02 16:44:17,744 [INFO] Sub 147 EC saved to F:\NPI_results\bs_50\EC_Sub_147.mat
2026-02-02 16:44:18,405 [INFO]  Sub 148 FC correlation: r = 0.8188441085774256, p = 0.0
2026-02-02 16:44:18,406 [INFO] Calculating EC for Sub 148...
2026-02-02 16:44:19,837 [INFO] Sub 148 EC saved to F:\NPI_results\bs_50\EC_Sub_148.mat
2026-02-02 16:44:20,493 [INFO]  Sub 149 FC correlation: r = 0.8289505544368656, p = 0.0
2026-02-02 16:44:20,494 [INFO] Calculating EC for Sub 149...
2026-02-02 16:44:21,944 [INFO] Sub 149 EC saved to F:\NPI_results\bs_50\EC_Sub_149.mat
2026-02-02 16:44:22,609 [INFO]  Sub 150 FC correlation: r = 0.8413120598892603, p = 0.0
2026-02-02 16:44:22,610 [INFO] Calculating EC for Sub 150...
2026-02-02 16:44:24,108 [INFO] Sub 150 EC saved to F:\NPI_results\bs_50\EC_Sub_150.mat
2026-02-02 16:44:24,790 [INFO]  Sub 151 FC correlation: r = 0.8338113658072568, p = 0.0
2026-02-02 16:44:24,791 [INFO] Calculating EC for Sub 151...
2026-02-02 16:44:26,206 [INFO] Sub 151 EC saved to F:\NPI_results\bs_50\EC_Sub_151.mat
2026-02-02 16:44:26,869 [INFO]  Sub 152 FC correlation: r = 0.8091774165005311, p = 0.0
2026-02-02 16:44:26,869 [INFO] Calculating EC for Sub 152...
2026-02-02 16:44:28,310 [INFO] Sub 152 EC saved to F:\NPI_results\bs_50\EC_Sub_152.mat
2026-02-02 16:44:28,957 [INFO]  Sub 153 FC correlation: r = 0.795794606307086, p = 0.0
2026-02-02 16:44:28,958 [INFO] Calculating EC for Sub 153...
2026-02-02 16:44:30,407 [INFO] Sub 153 EC saved to F:\NPI_results\bs_50\EC_Sub_153.mat
2026-02-02 16:44:31,065 [INFO]  Sub 154 FC correlation: r = 0.8604189745593891, p = 0.0
2026-02-02 16:44:31,066 [INFO] Calculating EC for Sub 154...
2026-02-02 16:44:32,518 [INFO] Sub 154 EC saved to F:\NPI_results\bs_50\EC_Sub_154.mat
2026-02-02 16:44:33,200 [INFO]  Sub 155 FC correlation: r = 0.7104939597540416, p = 0.0
2026-02-02 16:44:33,200 [INFO] Calculating EC for Sub 155...
2026-02-02 16:44:34,618 [INFO] Sub 155 EC saved to F:\NPI_results\bs_50\EC_Sub_155.mat
2026-02-02 16:44:35,282 [INFO]  Sub 156 FC correlation: r = 0.8461927621364262, p = 0.0
2026-02-02 16:44:35,282 [INFO] Calculating EC for Sub 156...
2026-02-02 16:44:36,704 [INFO] Sub 156 EC saved to F:\NPI_results\bs_50\EC_Sub_156.mat
2026-02-02 16:44:37,349 [INFO]  Sub 157 FC correlation: r = 0.8434779959917333, p = 0.0
2026-02-02 16:44:37,350 [INFO] Calculating EC for Sub 157...
2026-02-02 16:44:38,754 [INFO] Sub 157 EC saved to F:\NPI_results\bs_50\EC_Sub_157.mat
2026-02-02 16:44:39,412 [INFO]  Sub 158 FC correlation: r = 0.8098395382084067, p = 0.0
2026-02-02 16:44:39,413 [INFO] Calculating EC for Sub 158...
2026-02-02 16:44:40,810 [INFO] Sub 158 EC saved to F:\NPI_results\bs_50\EC_Sub_158.mat
2026-02-02 16:44:41,465 [INFO]  Sub 159 FC correlation: r = 0.8027047115225083, p = 0.0
2026-02-02 16:44:41,465 [INFO] Calculating EC for Sub 159...
2026-02-02 16:44:42,871 [INFO] Sub 159 EC saved to F:\NPI_results\bs_50\EC_Sub_159.mat
2026-02-02 16:44:43,528 [INFO]  Sub 160 FC correlation: r = 0.8457830784278949, p = 0.0
2026-02-02 16:44:43,529 [INFO] Calculating EC for Sub 160...
2026-02-02 16:44:44,954 [INFO] Sub 160 EC saved to F:\NPI_results\bs_50\EC_Sub_160.mat
2026-02-02 16:44:45,617 [INFO]  Sub 161 FC correlation: r = 0.8221565173837945, p = 0.0
2026-02-02 16:44:45,619 [INFO] Calculating EC for Sub 161...
2026-02-02 16:44:47,056 [INFO] Sub 161 EC saved to F:\NPI_results\bs_50\EC_Sub_161.mat
2026-02-02 16:44:47,789 [INFO]  Sub 162 FC correlation: r = 0.8547516914256547, p = 0.0
2026-02-02 16:44:47,790 [INFO] Calculating EC for Sub 162...
2026-02-02 16:44:49,274 [INFO] Sub 162 EC saved to F:\NPI_results\bs_50\EC_Sub_162.mat
2026-02-02 16:44:50,031 [INFO]  Sub 163 FC correlation: r = 0.8175243427778298, p = 0.0
2026-02-02 16:44:50,032 [INFO] Calculating EC for Sub 163...
2026-02-02 16:44:51,616 [INFO] Sub 163 EC saved to F:\NPI_results\bs_50\EC_Sub_163.mat
2026-02-02 16:44:52,286 [INFO]  Sub 164 FC correlation: r = 0.7979107522871247, p = 0.0
2026-02-02 16:44:52,287 [INFO] Calculating EC for Sub 164...
2026-02-02 16:44:53,693 [INFO] Sub 164 EC saved to F:\NPI_results\bs_50\EC_Sub_164.mat
2026-02-02 16:44:54,357 [INFO]  Sub 165 FC correlation: r = 0.866247823295055, p = 0.0
2026-02-02 16:44:54,357 [INFO] Calculating EC for Sub 165...
2026-02-02 16:44:55,804 [INFO] Sub 165 EC saved to F:\NPI_results\bs_50\EC_Sub_165.mat
2026-02-02 16:44:56,462 [INFO]  Sub 166 FC correlation: r = 0.696172151024904, p = 0.0
2026-02-02 16:44:56,462 [INFO] Calculating EC for Sub 166...
2026-02-02 16:44:57,892 [INFO] Sub 166 EC saved to F:\NPI_results\bs_50\EC_Sub_166.mat
2026-02-02 16:44:58,545 [INFO]  Sub 167 FC correlation: r = 0.8745415020087592, p = 0.0
2026-02-02 16:44:58,546 [INFO] Calculating EC for Sub 167...
2026-02-02 16:44:59,959 [INFO] Sub 167 EC saved to F:\NPI_results\bs_50\EC_Sub_167.mat
2026-02-02 16:45:00,632 [INFO]  Sub 168 FC correlation: r = 0.8076079346848442, p = 0.0
2026-02-02 16:45:00,633 [INFO] Calculating EC for Sub 168...
2026-02-02 16:45:02,077 [INFO] Sub 168 EC saved to F:\NPI_results\bs_50\EC_Sub_168.mat
2026-02-02 16:45:02,730 [INFO]  Sub 169 FC correlation: r = 0.7752060590908422, p = 0.0
2026-02-02 16:45:02,731 [INFO] Calculating EC for Sub 169...
2026-02-02 16:45:04,148 [INFO] Sub 169 EC saved to F:\NPI_results\bs_50\EC_Sub_169.mat
2026-02-02 16:45:04,826 [INFO]  Sub 170 FC correlation: r = 0.8575232750948175, p = 0.0
2026-02-02 16:45:04,827 [INFO] Calculating EC for Sub 170...
2026-02-02 16:45:06,225 [INFO] Sub 170 EC saved to F:\NPI_results\bs_50\EC_Sub_170.mat
2026-02-02 16:45:06,882 [INFO]  Sub 171 FC correlation: r = 0.84078421438098, p = 0.0
2026-02-02 16:45:06,882 [INFO] Calculating EC for Sub 171...
2026-02-02 16:45:08,235 [INFO] Sub 171 EC saved to F:\NPI_results\bs_50\EC_Sub_171.mat
2026-02-02 16:45:08,878 [INFO]  Sub 172 FC correlation: r = 0.8768568048621455, p = 0.0
2026-02-02 16:45:08,878 [INFO] Calculating EC for Sub 172...
2026-02-02 16:45:10,242 [INFO] Sub 172 EC saved to F:\NPI_results\bs_50\EC_Sub_172.mat
2026-02-02 16:45:10,894 [INFO]  Sub 173 FC correlation: r = 0.8659196632596371, p = 0.0
2026-02-02 16:45:10,894 [INFO] Calculating EC for Sub 173...
2026-02-02 16:45:12,260 [INFO] Sub 173 EC saved to F:\NPI_results\bs_50\EC_Sub_173.mat
2026-02-02 16:45:12,907 [INFO]  Sub 174 FC correlation: r = 0.719244997138286, p = 0.0
2026-02-02 16:45:12,907 [INFO] Calculating EC for Sub 174...
2026-02-02 16:45:14,312 [INFO] Sub 174 EC saved to F:\NPI_results\bs_50\EC_Sub_174.mat
2026-02-02 16:45:14,985 [INFO]  Sub 175 FC correlation: r = 0.8075099112189639, p = 0.0
2026-02-02 16:45:14,986 [INFO] Calculating EC for Sub 175...
2026-02-02 16:45:16,422 [INFO] Sub 175 EC saved to F:\NPI_results\bs_50\EC_Sub_175.mat
2026-02-02 16:45:17,082 [INFO]  Sub 176 FC correlation: r = 0.7999384323034212, p = 0.0
2026-02-02 16:45:17,083 [INFO] Calculating EC for Sub 176...
2026-02-02 16:45:18,505 [INFO] Sub 176 EC saved to F:\NPI_results\bs_50\EC_Sub_176.mat
2026-02-02 16:45:18,510 [INFO] 
统计结果已保存至: F:\NPI_results\bs_50\NPI_Statistics_Summary_177_20260202_164518.csv
2026-02-03 11:18:01,698 [INFO] --- 筛选完成 ---
2026-02-03 11:18:01,699 [INFO] 筛除人数: 7
2026-02-03 11:18:01,700 [INFO] 筛除 ID 列表: [14, 20, 33, 36, 61, 62, 130]
2026-02-03 11:18:01,701 [INFO] 保留人数: 170
2026-02-03 11:28:31,258 [INFO] sub_0's net_EC done! 
2026-02-03 11:28:31,266 [INFO] sub_1's net_EC done! 
2026-02-03 11:28:31,275 [INFO] sub_2's net_EC done! 
2026-02-03 11:28:31,285 [INFO] sub_3's net_EC done! 
2026-02-03 11:28:31,294 [INFO] sub_4's net_EC done! 
2026-02-03 11:28:31,303 [INFO] sub_5's net_EC done! 
2026-02-03 11:28:31,311 [INFO] sub_6's net_EC done! 
2026-02-03 11:28:31,320 [INFO] sub_7's net_EC done! 
2026-02-03 11:28:31,329 [INFO] sub_8's net_EC done! 
2026-02-03 11:28:31,338 [INFO] sub_9's net_EC done! 
2026-02-03 11:28:31,357 [INFO] sub_10's net_EC done! 
2026-02-03 11:28:31,366 [INFO] sub_11's net_EC done! 
2026-02-03 11:28:31,376 [INFO] sub_12's net_EC done! 
2026-02-03 11:28:31,384 [INFO] sub_13's net_EC done! 
2026-02-03 11:28:31,393 [INFO] sub_15's net_EC done! 
2026-02-03 11:28:31,402 [INFO] sub_16's net_EC done! 
2026-02-03 11:28:31,411 [INFO] sub_17's net_EC done! 
2026-02-03 11:28:31,420 [INFO] sub_18's net_EC done! 
2026-02-03 11:28:31,429 [INFO] sub_19's net_EC done! 
2026-02-03 11:28:31,438 [INFO] sub_21's net_EC done! 
2026-02-03 11:28:31,446 [INFO] sub_22's net_EC done! 
2026-02-03 11:28:31,455 [INFO] sub_23's net_EC done! 
2026-02-03 11:28:31,464 [INFO] sub_24's net_EC done! 
2026-02-03 11:28:31,473 [INFO] sub_25's net_EC done! 
2026-02-03 11:28:31,482 [INFO] sub_26's net_EC done! 
2026-02-03 11:28:31,491 [INFO] sub_27's net_EC done! 
2026-02-03 11:28:31,500 [INFO] sub_28's net_EC done! 
2026-02-03 11:28:31,508 [INFO] sub_29's net_EC done! 
2026-02-03 11:28:31,527 [INFO] sub_30's net_EC done! 
2026-02-03 11:28:31,538 [INFO] sub_31's net_EC done! 
2026-02-03 11:28:31,547 [INFO] sub_32's net_EC done! 
2026-02-03 11:28:31,555 [INFO] sub_34's net_EC done! 
2026-02-03 11:28:31,563 [INFO] sub_35's net_EC done! 
2026-02-03 11:28:31,572 [INFO] sub_37's net_EC done! 
2026-02-03 11:28:31,580 [INFO] sub_38's net_EC done! 
2026-02-03 11:28:31,588 [INFO] sub_39's net_EC done! 
2026-02-03 11:28:31,597 [INFO] sub_40's net_EC done! 
2026-02-03 11:28:31,606 [INFO] sub_41's net_EC done! 
2026-02-03 11:28:31,614 [INFO] sub_42's net_EC done! 
2026-02-03 11:28:31,623 [INFO] sub_43's net_EC done! 
2026-02-03 11:28:31,632 [INFO] sub_44's net_EC done! 
2026-02-03 11:28:31,641 [INFO] sub_45's net_EC done! 
2026-02-03 11:28:31,649 [INFO] sub_46's net_EC done! 
2026-02-03 11:28:31,657 [INFO] sub_47's net_EC done! 
2026-02-03 11:28:31,666 [INFO] sub_48's net_EC done! 
2026-02-03 11:28:31,675 [INFO] sub_49's net_EC done! 
2026-02-03 11:28:31,684 [INFO] sub_50's net_EC done! 
2026-02-03 11:28:31,693 [INFO] sub_51's net_EC done! 
2026-02-03 11:28:31,711 [INFO] sub_52's net_EC done! 
2026-02-03 11:28:31,719 [INFO] sub_53's net_EC done! 
2026-02-03 11:28:31,728 [INFO] sub_54's net_EC done! 
2026-02-03 11:28:31,738 [INFO] sub_55's net_EC done! 
2026-02-03 11:28:31,758 [INFO] sub_56's net_EC done! 
2026-02-03 11:28:31,767 [INFO] sub_57's net_EC done! 
2026-02-03 11:28:31,775 [INFO] sub_58's net_EC done! 
2026-02-03 11:28:31,784 [INFO] sub_59's net_EC done! 
2026-02-03 11:28:31,793 [INFO] sub_60's net_EC done! 
2026-02-03 11:28:31,802 [INFO] sub_63's net_EC done! 
2026-02-03 11:28:31,811 [INFO] sub_64's net_EC done! 
2026-02-03 11:28:31,820 [INFO] sub_65's net_EC done! 
2026-02-03 11:28:31,829 [INFO] sub_66's net_EC done! 
2026-02-03 11:28:31,839 [INFO] sub_67's net_EC done! 
2026-02-03 11:28:31,848 [INFO] sub_68's net_EC done! 
2026-02-03 11:28:31,857 [INFO] sub_69's net_EC done! 
2026-02-03 11:28:31,865 [INFO] sub_70's net_EC done! 
2026-02-03 11:28:31,874 [INFO] sub_71's net_EC done! 
2026-02-03 11:28:31,883 [INFO] sub_72's net_EC done! 
2026-02-03 11:28:31,891 [INFO] sub_73's net_EC done! 
2026-02-03 11:28:31,900 [INFO] sub_74's net_EC done! 
2026-02-03 11:28:31,909 [INFO] sub_75's net_EC done! 
2026-02-03 11:28:31,918 [INFO] sub_76's net_EC done! 
2026-02-03 11:28:31,926 [INFO] sub_77's net_EC done! 
2026-02-03 11:28:31,934 [INFO] sub_78's net_EC done! 
2026-02-03 11:28:31,943 [INFO] sub_79's net_EC done! 
2026-02-03 11:28:31,951 [INFO] sub_80's net_EC done! 
2026-02-03 11:28:31,961 [INFO] sub_81's net_EC done! 
2026-02-03 11:28:31,970 [INFO] sub_82's net_EC done! 
2026-02-03 11:28:31,980 [INFO] sub_83's net_EC done! 
2026-02-03 11:28:31,989 [INFO] sub_84's net_EC done! 
2026-02-03 11:28:31,997 [INFO] sub_85's net_EC done! 
2026-02-03 11:28:32,007 [INFO] sub_86's net_EC done! 
2026-02-03 11:28:32,018 [INFO] sub_87's net_EC done! 
2026-02-03 11:28:32,030 [INFO] sub_88's net_EC done! 
2026-02-03 11:28:32,041 [INFO] sub_89's net_EC done! 
2026-02-03 11:28:32,051 [INFO] sub_90's net_EC done! 
2026-02-03 11:28:32,061 [INFO] sub_91's net_EC done! 
2026-02-03 11:28:32,070 [INFO] sub_92's net_EC done! 
2026-02-03 11:28:32,079 [INFO] sub_93's net_EC done! 
2026-02-03 11:28:32,091 [INFO] sub_94's net_EC done! 
2026-02-03 11:28:32,102 [INFO] sub_95's net_EC done! 
2026-02-03 11:28:32,110 [INFO] sub_96's net_EC done! 
2026-02-03 11:28:32,119 [INFO] sub_97's net_EC done! 
2026-02-03 11:28:32,127 [INFO] sub_98's net_EC done! 
2026-02-03 11:28:32,149 [INFO] sub_99's net_EC done! 
2026-02-03 11:28:32,175 [INFO] sub_100's net_EC done! 
2026-02-03 11:28:32,184 [INFO] sub_101's net_EC done! 
2026-02-03 11:28:32,192 [INFO] sub_102's net_EC done! 
2026-02-03 11:28:32,200 [INFO] sub_103's net_EC done! 
2026-02-03 11:28:32,209 [INFO] sub_104's net_EC done! 
2026-02-03 11:28:32,218 [INFO] sub_105's net_EC done! 
2026-02-03 11:28:32,226 [INFO] sub_106's net_EC done! 
2026-02-03 11:28:32,234 [INFO] sub_107's net_EC done! 
2026-02-03 11:28:32,243 [INFO] sub_108's net_EC done! 
2026-02-03 11:28:32,260 [INFO] sub_109's net_EC done! 
2026-02-03 11:28:32,269 [INFO] sub_110's net_EC done! 
2026-02-03 11:28:32,277 [INFO] sub_111's net_EC done! 
2026-02-03 11:28:32,286 [INFO] sub_112's net_EC done! 
2026-02-03 11:28:32,298 [INFO] sub_113's net_EC done! 
2026-02-03 11:28:32,307 [INFO] sub_114's net_EC done! 
2026-02-03 11:28:32,317 [INFO] sub_115's net_EC done! 
2026-02-03 11:28:32,325 [INFO] sub_116's net_EC done! 
2026-02-03 11:28:32,335 [INFO] sub_117's net_EC done! 
2026-02-03 11:28:32,341 [INFO] sub_118's net_EC done! 
2026-02-03 11:28:32,348 [INFO] sub_119's net_EC done! 
2026-02-03 11:28:32,355 [INFO] sub_120's net_EC done! 
2026-02-03 11:28:32,362 [INFO] sub_121's net_EC done! 
2026-02-03 11:28:32,369 [INFO] sub_122's net_EC done! 
2026-02-03 11:28:32,375 [INFO] sub_123's net_EC done! 
2026-02-03 11:28:32,383 [INFO] sub_124's net_EC done! 
2026-02-03 11:28:32,390 [INFO] sub_125's net_EC done! 
2026-02-03 11:28:32,396 [INFO] sub_126's net_EC done! 
2026-02-03 11:28:32,402 [INFO] sub_127's net_EC done! 
2026-02-03 11:28:32,409 [INFO] sub_128's net_EC done! 
2026-02-03 11:28:32,416 [INFO] sub_129's net_EC done! 
2026-02-03 11:28:32,422 [INFO] sub_131's net_EC done! 
2026-02-03 11:28:32,429 [INFO] sub_132's net_EC done! 
2026-02-03 11:28:32,436 [INFO] sub_133's net_EC done! 
2026-02-03 11:28:32,442 [INFO] sub_134's net_EC done! 
2026-02-03 11:28:32,449 [INFO] sub_135's net_EC done! 
2026-02-03 11:28:32,456 [INFO] sub_136's net_EC done! 
2026-02-03 11:28:32,462 [INFO] sub_137's net_EC done! 
2026-02-03 11:28:32,469 [INFO] sub_138's net_EC done! 
2026-02-03 11:28:32,475 [INFO] sub_139's net_EC done! 
2026-02-03 11:28:32,482 [INFO] sub_140's net_EC done! 
2026-02-03 11:28:32,489 [INFO] sub_141's net_EC done! 
2026-02-03 11:28:32,495 [INFO] sub_142's net_EC done! 
2026-02-03 11:28:32,502 [INFO] sub_143's net_EC done! 
2026-02-03 11:28:32,508 [INFO] sub_144's net_EC done! 
2026-02-03 11:28:32,515 [INFO] sub_145's net_EC done! 
2026-02-03 11:28:32,522 [INFO] sub_146's net_EC done! 
2026-02-03 11:28:32,528 [INFO] sub_147's net_EC done! 
2026-02-03 11:28:32,535 [INFO] sub_148's net_EC done! 
2026-02-03 11:28:32,541 [INFO] sub_149's net_EC done! 
2026-02-03 11:28:32,547 [INFO] sub_150's net_EC done! 
2026-02-03 11:28:32,554 [INFO] sub_151's net_EC done! 
2026-02-03 11:28:32,560 [INFO] sub_152's net_EC done! 
2026-02-03 11:28:32,568 [INFO] sub_153's net_EC done! 
2026-02-03 11:28:32,574 [INFO] sub_154's net_EC done! 
2026-02-03 11:28:32,581 [INFO] sub_155's net_EC done! 
2026-02-03 11:28:32,588 [INFO] sub_156's net_EC done! 
2026-02-03 11:28:32,595 [INFO] sub_157's net_EC done! 
2026-02-03 11:28:32,602 [INFO] sub_158's net_EC done! 
2026-02-03 11:28:32,609 [INFO] sub_159's net_EC done! 
2026-02-03 11:28:32,615 [INFO] sub_160's net_EC done! 
2026-02-03 11:28:32,622 [INFO] sub_161's net_EC done! 
2026-02-03 11:28:32,629 [INFO] sub_162's net_EC done! 
2026-02-03 11:28:32,636 [INFO] sub_163's net_EC done! 
2026-02-03 11:28:32,643 [INFO] sub_164's net_EC done! 
2026-02-03 11:28:32,649 [INFO] sub_165's net_EC done! 
2026-02-03 11:28:32,656 [INFO] sub_166's net_EC done! 
2026-02-03 11:28:32,663 [INFO] sub_167's net_EC done! 
2026-02-03 11:28:32,670 [INFO] sub_168's net_EC done! 
2026-02-03 11:28:32,677 [INFO] sub_169's net_EC done! 
2026-02-03 11:28:32,684 [INFO] sub_170's net_EC done! 
2026-02-03 11:28:32,691 [INFO] sub_171's net_EC done! 
2026-02-03 11:28:32,699 [INFO] sub_172's net_EC done! 
2026-02-03 11:28:32,707 [INFO] sub_173's net_EC done! 
2026-02-03 11:28:32,717 [INFO] sub_174's net_EC done! 
2026-02-03 11:28:32,725 [INFO] sub_175's net_EC done! 
2026-02-03 11:28:32,734 [INFO] sub_176's net_EC done! 
2026-02-03 11:28:32,735 [INFO] 
组平均 7x7 Network EC 计算完成。
2026-02-03 11:32:48,541 [INFO] --- 筛选完成 ---
2026-02-03 11:32:48,542 [INFO] 筛除人数: 7
2026-02-03 11:32:48,543 [INFO] 筛除 ID 列表: [14, 20, 33, 36, 61, 62, 130]
2026-02-03 11:32:48,544 [INFO] 保留人数: 170
2026-02-03 12:13:01,337 [INFO] ============================== NEW EXPERIMENT START ==============================
2026-02-03 12:13:01,338 [INFO] Current Hyperparameters Configuration:
2026-02-03 12:13:01,339 [INFO]  - ROI_num: 400
2026-02-03 12:13:01,340 [INFO]  - using_steps: 5
2026-02-03 12:13:01,341 [INFO]  - hidden_dim_factor: 2
2026-02-03 12:13:01,342 [INFO]  - latent_dim_factor: 0.8
2026-02-03 12:13:01,343 [INFO]  - batch_size: 50
2026-02-03 12:13:01,344 [INFO]  - train_set_proportion: 0.8
2026-02-03 12:13:01,345 [INFO]  - num_epochs: 100
2026-02-03 12:13:01,345 [INFO] ================================================================================
2026-02-03 12:13:01,347 [INFO] [001/177]Starting Subject 1...
2026-02-03 12:13:05,679 [INFO] 被试 1 训练完成并保存。Final Test Loss: 0.226394
2026-02-03 12:13:05,681 [INFO] [002/177]Starting Subject 2...
2026-02-03 12:13:07,466 [INFO] 被试 2 训练完成并保存。Final Test Loss: 2.709852
2026-02-03 12:13:07,468 [INFO] [003/177]Starting Subject 3...
2026-02-03 12:13:09,237 [INFO] 被试 3 训练完成并保存。Final Test Loss: 4.700358
2026-02-03 12:13:09,238 [INFO] [004/177]Starting Subject 4...
2026-02-03 12:13:11,025 [INFO] 被试 4 训练完成并保存。Final Test Loss: 3.773299
2026-02-03 12:13:11,027 [INFO] [005/177]Starting Subject 5...
2026-02-03 12:13:12,804 [INFO] 被试 5 训练完成并保存。Final Test Loss: 7.279510
2026-02-03 12:13:12,806 [INFO] [006/177]Starting Subject 6...
2026-02-03 12:13:14,561 [INFO] 被试 6 训练完成并保存。Final Test Loss: 0.380073
2026-02-03 12:13:14,563 [INFO] [007/177]Starting Subject 7...
2026-02-03 12:13:15,893 [INFO] 被试 7 训练完成并保存。Final Test Loss: 2.184921
2026-02-03 12:13:15,895 [INFO] [008/177]Starting Subject 8...
2026-02-03 12:13:17,242 [INFO] 被试 8 训练完成并保存。Final Test Loss: 2.411448
2026-02-03 12:13:17,244 [INFO] [009/177]Starting Subject 9...
2026-02-03 12:13:18,576 [INFO] 被试 9 训练完成并保存。Final Test Loss: 5.328976
2026-02-03 12:13:18,579 [INFO] [010/177]Starting Subject 10...
2026-02-03 12:13:19,917 [INFO] 被试 10 训练完成并保存。Final Test Loss: 3.423349
2026-02-03 12:13:19,919 [INFO] [011/177]Starting Subject 11...
2026-02-03 12:13:21,260 [INFO] 被试 11 训练完成并保存。Final Test Loss: 3.770915
2026-02-03 12:13:21,261 [INFO] [012/177]Starting Subject 12...
2026-02-03 12:13:22,625 [INFO] 被试 12 训练完成并保存。Final Test Loss: 3.317565
2026-02-03 12:13:22,627 [INFO] [013/177]Starting Subject 13...
2026-02-03 12:13:23,971 [INFO] 被试 13 训练完成并保存。Final Test Loss: 5.739709
2026-02-03 12:13:23,972 [INFO] [014/177]Starting Subject 14...
2026-02-03 12:13:25,305 [INFO] 被试 14 训练完成并保存。Final Test Loss: 4.402251
2026-02-03 12:13:25,306 [INFO] [015/177]Starting Subject 15...
2026-02-03 12:13:26,631 [INFO] 被试 15 训练完成并保存。Final Test Loss: 6.111096
2026-02-03 12:13:26,633 [INFO] [016/177]Starting Subject 16...
2026-02-03 12:13:27,956 [INFO] 被试 16 训练完成并保存。Final Test Loss: 5.842436
2026-02-03 12:13:27,958 [INFO] [017/177]Starting Subject 17...
2026-02-03 12:13:29,303 [INFO] 被试 17 训练完成并保存。Final Test Loss: 3.406204
2026-02-03 12:13:29,305 [INFO] [018/177]Starting Subject 18...
2026-02-03 12:13:30,662 [INFO] 被试 18 训练完成并保存。Final Test Loss: 6.147231
2026-02-03 12:13:30,663 [INFO] [019/177]Starting Subject 19...
2026-02-03 12:13:32,011 [INFO] 被试 19 训练完成并保存。Final Test Loss: 5.955512
2026-02-03 12:13:32,013 [INFO] [020/177]Starting Subject 20...
2026-02-03 12:13:33,381 [INFO] 被试 20 训练完成并保存。Final Test Loss: 13.482560
2026-02-03 12:13:33,383 [INFO] [021/177]Starting Subject 21...
2026-02-03 12:13:34,739 [INFO] 被试 21 训练完成并保存。Final Test Loss: 0.956997
2026-02-03 12:13:34,741 [INFO] [022/177]Starting Subject 22...
2026-02-03 12:13:36,088 [INFO] 被试 22 训练完成并保存。Final Test Loss: 4.358091
2026-02-03 12:13:36,090 [INFO] [023/177]Starting Subject 23...
2026-02-03 12:13:37,439 [INFO] 被试 23 训练完成并保存。Final Test Loss: 5.155107
2026-02-03 12:13:37,441 [INFO] [024/177]Starting Subject 24...
2026-02-03 12:13:38,778 [INFO] 被试 24 训练完成并保存。Final Test Loss: 6.638425
2026-02-03 12:13:38,780 [INFO] [025/177]Starting Subject 25...
2026-02-03 12:13:40,110 [INFO] 被试 25 训练完成并保存。Final Test Loss: 6.069875
2026-02-03 12:13:40,112 [INFO] [026/177]Starting Subject 26...
2026-02-03 12:13:41,449 [INFO] 被试 26 训练完成并保存。Final Test Loss: 6.301836
2026-02-03 12:13:41,451 [INFO] [027/177]Starting Subject 27...
2026-02-03 12:13:42,788 [INFO] 被试 27 训练完成并保存。Final Test Loss: 5.337297
2026-02-03 12:13:42,790 [INFO] [028/177]Starting Subject 28...
2026-02-03 12:13:44,109 [INFO] 被试 28 训练完成并保存。Final Test Loss: 4.421209
2026-02-03 12:13:44,110 [INFO] [029/177]Starting Subject 29...
2026-02-03 12:13:45,453 [INFO] 被试 29 训练完成并保存。Final Test Loss: 17.908297
2026-02-03 12:13:45,454 [INFO] [030/177]Starting Subject 30...
2026-02-03 12:13:46,805 [INFO] 被试 30 训练完成并保存。Final Test Loss: 10.519801
2026-02-03 12:13:46,807 [INFO] [031/177]Starting Subject 31...
2026-02-03 12:13:48,153 [INFO] 被试 31 训练完成并保存。Final Test Loss: 7.306795
2026-02-03 12:13:48,155 [INFO] [032/177]Starting Subject 32...
2026-02-03 12:13:49,498 [INFO] 被试 32 训练完成并保存。Final Test Loss: 6.113786
2026-02-03 12:13:49,500 [INFO] [033/177]Starting Subject 33...
2026-02-03 12:13:50,866 [INFO] 被试 33 训练完成并保存。Final Test Loss: 4.376156
2026-02-03 12:13:50,868 [INFO] [034/177]Starting Subject 34...
2026-02-03 12:13:52,228 [INFO] 被试 34 训练完成并保存。Final Test Loss: 6.892280
2026-02-03 12:13:52,230 [INFO] [035/177]Starting Subject 35...
2026-02-03 12:13:53,571 [INFO] 被试 35 训练完成并保存。Final Test Loss: 5.166310
2026-02-03 12:13:53,573 [INFO] [036/177]Starting Subject 36...
2026-02-03 12:13:54,922 [INFO] 被试 36 训练完成并保存。Final Test Loss: 6.308563
2026-02-03 12:13:54,924 [INFO] [037/177]Starting Subject 37...
2026-02-03 12:13:56,273 [INFO] 被试 37 训练完成并保存。Final Test Loss: 9.314752
2026-02-03 12:13:56,275 [INFO] [038/177]Starting Subject 38...
2026-02-03 12:13:57,667 [INFO] 被试 38 训练完成并保存。Final Test Loss: 8.345117
2026-02-03 12:13:57,669 [INFO] [039/177]Starting Subject 39...
2026-02-03 12:13:59,035 [INFO] 被试 39 训练完成并保存。Final Test Loss: 3.279999
2026-02-03 12:13:59,037 [INFO] [040/177]Starting Subject 40...
2026-02-03 12:14:00,396 [INFO] 被试 40 训练完成并保存。Final Test Loss: 4.723216
2026-02-03 12:14:00,398 [INFO] [041/177]Starting Subject 41...
2026-02-03 12:14:01,741 [INFO] 被试 41 训练完成并保存。Final Test Loss: 5.456190
2026-02-03 12:14:01,743 [INFO] [042/177]Starting Subject 42...
2026-02-03 12:14:03,110 [INFO] 被试 42 训练完成并保存。Final Test Loss: 7.553426
2026-02-03 12:14:03,112 [INFO] [043/177]Starting Subject 43...
2026-02-03 12:14:04,462 [INFO] 被试 43 训练完成并保存。Final Test Loss: 0.246914
2026-02-03 12:14:04,464 [INFO] [044/177]Starting Subject 44...
2026-02-03 12:14:05,818 [INFO] 被试 44 训练完成并保存。Final Test Loss: 4.353834
2026-02-03 12:14:05,820 [INFO] [045/177]Starting Subject 45...
2026-02-03 12:14:07,172 [INFO] 被试 45 训练完成并保存。Final Test Loss: 5.664157
2026-02-03 12:14:07,174 [INFO] [046/177]Starting Subject 46...
2026-02-03 12:14:08,518 [INFO] 被试 46 训练完成并保存。Final Test Loss: 9.167410
2026-02-03 12:14:08,519 [INFO] [047/177]Starting Subject 47...
2026-02-03 12:14:09,860 [INFO] 被试 47 训练完成并保存。Final Test Loss: 0.229535
2026-02-03 12:14:09,861 [INFO] [048/177]Starting Subject 48...
2026-02-03 12:14:11,154 [INFO] 被试 48 训练完成并保存。Final Test Loss: 6.261797
2026-02-03 12:14:11,156 [INFO] [049/177]Starting Subject 49...
2026-02-03 12:14:12,412 [INFO] 被试 49 训练完成并保存。Final Test Loss: 4.400774
2026-02-03 12:14:12,414 [INFO] [050/177]Starting Subject 50...
2026-02-03 12:14:13,668 [INFO] 被试 50 训练完成并保存。Final Test Loss: 4.934336
2026-02-03 12:14:13,670 [INFO] [051/177]Starting Subject 51...
2026-02-03 12:14:14,932 [INFO] 被试 51 训练完成并保存。Final Test Loss: 3.796392
2026-02-03 12:14:14,933 [INFO] [052/177]Starting Subject 52...
2026-02-03 12:14:16,189 [INFO] 被试 52 训练完成并保存。Final Test Loss: 6.081721
2026-02-03 12:14:16,190 [INFO] [053/177]Starting Subject 53...
2026-02-03 12:14:17,475 [INFO] 被试 53 训练完成并保存。Final Test Loss: 0.330354
2026-02-03 12:14:17,479 [INFO] [054/177]Starting Subject 54...
2026-02-03 12:14:18,746 [INFO] 被试 54 训练完成并保存。Final Test Loss: 8.342513
2026-02-03 12:14:18,748 [INFO] [055/177]Starting Subject 55...
2026-02-03 12:14:19,999 [INFO] 被试 55 训练完成并保存。Final Test Loss: 7.227206
2026-02-03 12:14:20,001 [INFO] [056/177]Starting Subject 56...
2026-02-03 12:14:21,252 [INFO] 被试 56 训练完成并保存。Final Test Loss: 4.615879
2026-02-03 12:14:21,254 [INFO] [057/177]Starting Subject 57...
2026-02-03 12:14:22,506 [INFO] 被试 57 训练完成并保存。Final Test Loss: 5.223583
2026-02-03 12:14:22,508 [INFO] [058/177]Starting Subject 58...
2026-02-03 12:14:23,759 [INFO] 被试 58 训练完成并保存。Final Test Loss: 10.446980
2026-02-03 12:14:23,761 [INFO] [059/177]Starting Subject 59...
2026-02-03 12:14:25,019 [INFO] 被试 59 训练完成并保存。Final Test Loss: 7.672588
2026-02-03 12:14:25,021 [INFO] [060/177]Starting Subject 60...
2026-02-03 12:14:26,272 [INFO] 被试 60 训练完成并保存。Final Test Loss: 4.109240
2026-02-03 12:14:26,273 [INFO] [061/177]Starting Subject 61...
2026-02-03 12:14:27,542 [INFO] 被试 61 训练完成并保存。Final Test Loss: 4.387136
2026-02-03 12:14:27,543 [INFO] [062/177]Starting Subject 62...
2026-02-03 12:14:28,799 [INFO] 被试 62 训练完成并保存。Final Test Loss: 5.079777
2026-02-03 12:14:28,800 [INFO] [063/177]Starting Subject 63...
2026-02-03 12:14:30,055 [INFO] 被试 63 训练完成并保存。Final Test Loss: 38.966934
2026-02-03 12:14:30,057 [INFO] [064/177]Starting Subject 64...
2026-02-03 12:14:31,307 [INFO] 被试 64 训练完成并保存。Final Test Loss: 3.137197
2026-02-03 12:14:31,309 [INFO] [065/177]Starting Subject 65...
2026-02-03 12:14:32,569 [INFO] 被试 65 训练完成并保存。Final Test Loss: 5.545135
2026-02-03 12:14:32,571 [INFO] [066/177]Starting Subject 66...
2026-02-03 12:14:33,821 [INFO] 被试 66 训练完成并保存。Final Test Loss: 5.008496
2026-02-03 12:14:33,822 [INFO] [067/177]Starting Subject 67...
2026-02-03 12:14:35,072 [INFO] 被试 67 训练完成并保存。Final Test Loss: 6.642986
2026-02-03 12:14:35,073 [INFO] [068/177]Starting Subject 68...
2026-02-03 12:14:36,322 [INFO] 被试 68 训练完成并保存。Final Test Loss: 10.844709
2026-02-03 12:14:36,323 [INFO] [069/177]Starting Subject 69...
2026-02-03 12:14:37,594 [INFO] 被试 69 训练完成并保存。Final Test Loss: 5.141383
2026-02-03 12:14:37,595 [INFO] [070/177]Starting Subject 70...
2026-02-03 12:14:38,847 [INFO] 被试 70 训练完成并保存。Final Test Loss: 6.356928
2026-02-03 12:14:38,849 [INFO] [071/177]Starting Subject 71...
2026-02-03 12:14:40,100 [INFO] 被试 71 训练完成并保存。Final Test Loss: 3.673934
2026-02-03 12:14:40,102 [INFO] [072/177]Starting Subject 72...
2026-02-03 12:14:41,354 [INFO] 被试 72 训练完成并保存。Final Test Loss: 5.586480
2026-02-03 12:14:41,355 [INFO] [073/177]Starting Subject 73...
2026-02-03 12:14:42,606 [INFO] 被试 73 训练完成并保存。Final Test Loss: 0.183678
2026-02-03 12:14:42,608 [INFO] [074/177]Starting Subject 74...
2026-02-03 12:14:43,857 [INFO] 被试 74 训练完成并保存。Final Test Loss: 4.580733
2026-02-03 12:14:43,859 [INFO] [075/177]Starting Subject 75...
2026-02-03 12:14:45,107 [INFO] 被试 75 训练完成并保存。Final Test Loss: 5.711522
2026-02-03 12:14:45,108 [INFO] [076/177]Starting Subject 76...
2026-02-03 12:14:46,362 [INFO] 被试 76 训练完成并保存。Final Test Loss: 0.238838
2026-02-03 12:14:46,364 [INFO] [077/177]Starting Subject 77...
2026-02-03 12:14:47,612 [INFO] 被试 77 训练完成并保存。Final Test Loss: 3.705159
2026-02-03 12:14:47,614 [INFO] [078/177]Starting Subject 78...
2026-02-03 12:14:48,878 [INFO] 被试 78 训练完成并保存。Final Test Loss: 17.769964
2026-02-03 12:14:48,880 [INFO] [079/177]Starting Subject 79...
2026-02-03 12:14:50,130 [INFO] 被试 79 训练完成并保存。Final Test Loss: 6.440444
2026-02-03 12:14:50,132 [INFO] [080/177]Starting Subject 80...
2026-02-03 12:14:51,381 [INFO] 被试 80 训练完成并保存。Final Test Loss: 3.127233
2026-02-03 12:14:51,383 [INFO] [081/177]Starting Subject 81...
2026-02-03 12:14:52,633 [INFO] 被试 81 训练完成并保存。Final Test Loss: 3.649187
2026-02-03 12:14:52,635 [INFO] [082/177]Starting Subject 82...
2026-02-03 12:14:53,885 [INFO] 被试 82 训练完成并保存。Final Test Loss: 6.185342
2026-02-03 12:14:53,887 [INFO] [083/177]Starting Subject 83...
2026-02-03 12:14:55,140 [INFO] 被试 83 训练完成并保存。Final Test Loss: 17.747055
2026-02-03 12:14:55,143 [INFO] [084/177]Starting Subject 84...
2026-02-03 12:14:56,394 [INFO] 被试 84 训练完成并保存。Final Test Loss: 5.832635
2026-02-03 12:14:56,395 [INFO] [085/177]Starting Subject 85...
2026-02-03 12:14:57,647 [INFO] 被试 85 训练完成并保存。Final Test Loss: 4.415459
2026-02-03 12:14:57,648 [INFO] [086/177]Starting Subject 86...
2026-02-03 12:14:58,901 [INFO] 被试 86 训练完成并保存。Final Test Loss: 5.062063
2026-02-03 12:14:58,902 [INFO] [087/177]Starting Subject 87...
2026-02-03 12:15:00,154 [INFO] 被试 87 训练完成并保存。Final Test Loss: 3.374930
2026-02-03 12:15:00,156 [INFO] [088/177]Starting Subject 88...
2026-02-03 12:15:01,408 [INFO] 被试 88 训练完成并保存。Final Test Loss: 2.653937
2026-02-03 12:15:01,409 [INFO] [089/177]Starting Subject 89...
2026-02-03 12:15:02,662 [INFO] 被试 89 训练完成并保存。Final Test Loss: 3.128188
2026-02-03 12:15:02,663 [INFO] [090/177]Starting Subject 90...
2026-02-03 12:15:03,918 [INFO] 被试 90 训练完成并保存。Final Test Loss: 4.257253
2026-02-03 12:15:03,920 [INFO] [091/177]Starting Subject 91...
2026-02-03 12:15:05,170 [INFO] 被试 91 训练完成并保存。Final Test Loss: 6.582233
2026-02-03 12:15:05,172 [INFO] [092/177]Starting Subject 92...
2026-02-03 12:15:06,575 [INFO] 被试 92 训练完成并保存。Final Test Loss: 4.612490
2026-02-03 12:15:06,576 [INFO] [093/177]Starting Subject 93...
2026-02-03 12:15:07,827 [INFO] 被试 93 训练完成并保存。Final Test Loss: 1.863213
2026-02-03 12:15:07,829 [INFO] [094/177]Starting Subject 94...
2026-02-03 12:15:09,067 [INFO] 被试 94 训练完成并保存。Final Test Loss: 3.630291
2026-02-03 12:15:09,069 [INFO] [095/177]Starting Subject 95...
2026-02-03 12:15:10,304 [INFO] 被试 95 训练完成并保存。Final Test Loss: 2.509370
2026-02-03 12:15:10,306 [INFO] [096/177]Starting Subject 96...
2026-02-03 12:15:11,655 [INFO] 被试 96 训练完成并保存。Final Test Loss: 6.929241
2026-02-03 12:15:11,657 [INFO] [097/177]Starting Subject 97...
2026-02-03 12:15:13,020 [INFO] 被试 97 训练完成并保存。Final Test Loss: 6.084530
2026-02-03 12:15:13,022 [INFO] [098/177]Starting Subject 98...
2026-02-03 12:15:14,374 [INFO] 被试 98 训练完成并保存。Final Test Loss: 7.999679
2026-02-03 12:15:14,376 [INFO] [099/177]Starting Subject 99...
2026-02-03 12:15:15,739 [INFO] 被试 99 训练完成并保存。Final Test Loss: 4.100334
2026-02-03 12:15:15,740 [INFO] [100/177]Starting Subject 100...
2026-02-03 12:15:17,098 [INFO] 被试 100 训练完成并保存。Final Test Loss: 6.244799
2026-02-03 12:15:17,101 [INFO] [101/177]Starting Subject 101...
2026-02-03 12:15:18,452 [INFO] 被试 101 训练完成并保存。Final Test Loss: 6.349995
2026-02-03 12:15:18,454 [INFO] [102/177]Starting Subject 102...
2026-02-03 12:15:19,818 [INFO] 被试 102 训练完成并保存。Final Test Loss: 6.236140
2026-02-03 12:15:19,821 [INFO] [103/177]Starting Subject 103...
2026-02-03 12:15:21,178 [INFO] 被试 103 训练完成并保存。Final Test Loss: 4.844388
2026-02-03 12:15:21,180 [INFO] [104/177]Starting Subject 104...
2026-02-03 12:15:22,538 [INFO] 被试 104 训练完成并保存。Final Test Loss: 6.083291
2026-02-03 12:15:22,540 [INFO] [105/177]Starting Subject 105...
2026-02-03 12:15:23,891 [INFO] 被试 105 训练完成并保存。Final Test Loss: 5.473960
2026-02-03 12:15:23,892 [INFO] [106/177]Starting Subject 106...
2026-02-03 12:15:25,249 [INFO] 被试 106 训练完成并保存。Final Test Loss: 7.081241
2026-02-03 12:15:25,251 [INFO] [107/177]Starting Subject 107...
2026-02-03 12:15:26,604 [INFO] 被试 107 训练完成并保存。Final Test Loss: 5.289098
2026-02-03 12:15:26,606 [INFO] [108/177]Starting Subject 108...
2026-02-03 12:15:27,964 [INFO] 被试 108 训练完成并保存。Final Test Loss: 4.075817
2026-02-03 12:15:27,965 [INFO] [109/177]Starting Subject 109...
2026-02-03 12:15:29,325 [INFO] 被试 109 训练完成并保存。Final Test Loss: 5.592168
2026-02-03 12:15:29,327 [INFO] [110/177]Starting Subject 110...
2026-02-03 12:15:30,686 [INFO] 被试 110 训练完成并保存。Final Test Loss: 5.563871
2026-02-03 12:15:30,688 [INFO] [111/177]Starting Subject 111...
2026-02-03 12:15:32,048 [INFO] 被试 111 训练完成并保存。Final Test Loss: 4.633189
2026-02-03 12:15:32,051 [INFO] [112/177]Starting Subject 112...
2026-02-03 12:15:33,419 [INFO] 被试 112 训练完成并保存。Final Test Loss: 6.204259
2026-02-03 12:15:33,421 [INFO] [113/177]Starting Subject 113...
2026-02-03 12:15:34,779 [INFO] 被试 113 训练完成并保存。Final Test Loss: 5.684680
2026-02-03 12:15:34,781 [INFO] [114/177]Starting Subject 114...
2026-02-03 12:15:36,142 [INFO] 被试 114 训练完成并保存。Final Test Loss: 5.666991
2026-02-03 12:15:36,144 [INFO] [115/177]Starting Subject 115...
2026-02-03 12:15:37,521 [INFO] 被试 115 训练完成并保存。Final Test Loss: 10.060360
2026-02-03 12:15:37,523 [INFO] [116/177]Starting Subject 116...
2026-02-03 12:15:38,877 [INFO] 被试 116 训练完成并保存。Final Test Loss: 5.793928
2026-02-03 12:15:38,879 [INFO] [117/177]Starting Subject 117...
2026-02-03 12:15:40,245 [INFO] 被试 117 训练完成并保存。Final Test Loss: 2.792624
2026-02-03 12:15:40,247 [INFO] [118/177]Starting Subject 118...
2026-02-03 12:15:41,608 [INFO] 被试 118 训练完成并保存。Final Test Loss: 9.548756
2026-02-03 12:15:41,610 [INFO] [119/177]Starting Subject 119...
2026-02-03 12:15:42,967 [INFO] 被试 119 训练完成并保存。Final Test Loss: 5.450974
2026-02-03 12:15:42,969 [INFO] [120/177]Starting Subject 120...
2026-02-03 12:15:44,320 [INFO] 被试 120 训练完成并保存。Final Test Loss: 2.292981
2026-02-03 12:15:44,321 [INFO] [121/177]Starting Subject 121...
2026-02-03 12:15:45,709 [INFO] 被试 121 训练完成并保存。Final Test Loss: 3.287308
2026-02-03 12:15:45,711 [INFO] [122/177]Starting Subject 122...
2026-02-03 12:15:47,084 [INFO] 被试 122 训练完成并保存。Final Test Loss: 3.201828
2026-02-03 12:15:47,086 [INFO] [123/177]Starting Subject 123...
2026-02-03 12:15:48,453 [INFO] 被试 123 训练完成并保存。Final Test Loss: 4.280900
2026-02-03 12:15:48,455 [INFO] [124/177]Starting Subject 124...
2026-02-03 12:15:49,825 [INFO] 被试 124 训练完成并保存。Final Test Loss: 5.326072
2026-02-03 12:15:49,827 [INFO] [125/177]Starting Subject 125...
2026-02-03 12:15:51,190 [INFO] 被试 125 训练完成并保存。Final Test Loss: 3.496708
2026-02-03 12:15:51,192 [INFO] [126/177]Starting Subject 126...
2026-02-03 12:15:52,553 [INFO] 被试 126 训练完成并保存。Final Test Loss: 5.239807
2026-02-03 12:15:52,555 [INFO] [127/177]Starting Subject 127...
2026-02-03 12:15:53,919 [INFO] 被试 127 训练完成并保存。Final Test Loss: 3.757730
2026-02-03 12:15:53,921 [INFO] [128/177]Starting Subject 128...
2026-02-03 12:15:55,286 [INFO] 被试 128 训练完成并保存。Final Test Loss: 5.704286
2026-02-03 12:15:55,288 [INFO] [129/177]Starting Subject 129...
2026-02-03 12:15:56,654 [INFO] 被试 129 训练完成并保存。Final Test Loss: 4.031701
2026-02-03 12:15:56,656 [INFO] [130/177]Starting Subject 130...
2026-02-03 12:15:58,030 [INFO] 被试 130 训练完成并保存。Final Test Loss: 3.283919
2026-02-03 12:15:58,032 [INFO] [131/177]Starting Subject 131...
2026-02-03 12:15:59,392 [INFO] 被试 131 训练完成并保存。Final Test Loss: 5.296955
2026-02-03 12:15:59,394 [INFO] [132/177]Starting Subject 132...
2026-02-03 12:16:00,766 [INFO] 被试 132 训练完成并保存。Final Test Loss: 5.988503
2026-02-03 12:16:00,769 [INFO] [133/177]Starting Subject 133...
2026-02-03 12:16:02,127 [INFO] 被试 133 训练完成并保存。Final Test Loss: 3.965918
2026-02-03 12:16:02,129 [INFO] [134/177]Starting Subject 134...
2026-02-03 12:16:03,495 [INFO] 被试 134 训练完成并保存。Final Test Loss: 6.982235
2026-02-03 12:16:03,497 [INFO] [135/177]Starting Subject 135...
2026-02-03 12:16:04,859 [INFO] 被试 135 训练完成并保存。Final Test Loss: 5.126519
2026-02-03 12:16:04,861 [INFO] [136/177]Starting Subject 136...
2026-02-03 12:16:06,235 [INFO] 被试 136 训练完成并保存。Final Test Loss: 4.699256
2026-02-03 12:16:06,237 [INFO] [137/177]Starting Subject 137...
2026-02-03 12:16:07,597 [INFO] 被试 137 训练完成并保存。Final Test Loss: 4.108573
2026-02-03 12:16:07,599 [INFO] [138/177]Starting Subject 138...
2026-02-03 12:16:08,976 [INFO] 被试 138 训练完成并保存。Final Test Loss: 4.562854
2026-02-03 12:16:08,977 [INFO] [139/177]Starting Subject 139...
2026-02-03 12:16:10,351 [INFO] 被试 139 训练完成并保存。Final Test Loss: 5.691121
2026-02-03 12:16:10,353 [INFO] [140/177]Starting Subject 140...
2026-02-03 12:16:11,717 [INFO] 被试 140 训练完成并保存。Final Test Loss: 4.677209
2026-02-03 12:16:11,719 [INFO] [141/177]Starting Subject 141...
2026-02-03 12:16:13,087 [INFO] 被试 141 训练完成并保存。Final Test Loss: 7.821449
2026-02-03 12:16:13,088 [INFO] [142/177]Starting Subject 142...
2026-02-03 12:16:14,445 [INFO] 被试 142 训练完成并保存。Final Test Loss: 11.861786
2026-02-03 12:16:14,447 [INFO] [143/177]Starting Subject 143...
2026-02-03 12:16:15,814 [INFO] 被试 143 训练完成并保存。Final Test Loss: 5.555155
2026-02-03 12:16:15,816 [INFO] [144/177]Starting Subject 144...
2026-02-03 12:16:17,185 [INFO] 被试 144 训练完成并保存。Final Test Loss: 8.276038
2026-02-03 12:16:17,187 [INFO] [145/177]Starting Subject 145...
2026-02-03 12:16:18,547 [INFO] 被试 145 训练完成并保存。Final Test Loss: 6.544613
2026-02-03 12:16:18,549 [INFO] [146/177]Starting Subject 146...
2026-02-03 12:16:19,918 [INFO] 被试 146 训练完成并保存。Final Test Loss: 6.968613
2026-02-03 12:16:19,919 [INFO] [147/177]Starting Subject 147...
2026-02-03 12:16:21,267 [INFO] 被试 147 训练完成并保存。Final Test Loss: 6.092124
2026-02-03 12:16:21,268 [INFO] [148/177]Starting Subject 148...
2026-02-03 12:16:22,661 [INFO] 被试 148 训练完成并保存。Final Test Loss: 2.138883
2026-02-03 12:16:22,663 [INFO] [149/177]Starting Subject 149...
2026-02-03 12:16:24,048 [INFO] 被试 149 训练完成并保存。Final Test Loss: 1.572377
2026-02-03 12:16:24,049 [INFO] [150/177]Starting Subject 150...
2026-02-03 12:16:25,419 [INFO] 被试 150 训练完成并保存。Final Test Loss: 4.081371
2026-02-03 12:16:25,421 [INFO] [151/177]Starting Subject 151...
2026-02-03 12:16:26,805 [INFO] 被试 151 训练完成并保存。Final Test Loss: 3.473861
2026-02-03 12:16:26,808 [INFO] [152/177]Starting Subject 152...
2026-02-03 12:16:28,188 [INFO] 被试 152 训练完成并保存。Final Test Loss: 5.382890
2026-02-03 12:16:28,189 [INFO] [153/177]Starting Subject 153...
2026-02-03 12:16:29,537 [INFO] 被试 153 训练完成并保存。Final Test Loss: 2.647938
2026-02-03 12:16:29,539 [INFO] [154/177]Starting Subject 154...
2026-02-03 12:16:30,898 [INFO] 被试 154 训练完成并保存。Final Test Loss: 5.967417
2026-02-03 12:16:30,900 [INFO] [155/177]Starting Subject 155...
2026-02-03 12:16:32,260 [INFO] 被试 155 训练完成并保存。Final Test Loss: 4.005227
2026-02-03 12:16:32,262 [INFO] [156/177]Starting Subject 156...
2026-02-03 12:16:33,630 [INFO] 被试 156 训练完成并保存。Final Test Loss: 4.435185
2026-02-03 12:16:33,631 [INFO] [157/177]Starting Subject 157...
2026-02-03 12:16:35,006 [INFO] 被试 157 训练完成并保存。Final Test Loss: 4.122603
2026-02-03 12:16:35,008 [INFO] [158/177]Starting Subject 158...
2026-02-03 12:16:36,365 [INFO] 被试 158 训练完成并保存。Final Test Loss: 6.627275
2026-02-03 12:16:36,367 [INFO] [159/177]Starting Subject 159...
2026-02-03 12:16:37,737 [INFO] 被试 159 训练完成并保存。Final Test Loss: 4.351963
2026-02-03 12:16:37,738 [INFO] [160/177]Starting Subject 160...
2026-02-03 12:16:39,113 [INFO] 被试 160 训练完成并保存。Final Test Loss: 4.194063
2026-02-03 12:16:39,115 [INFO] [161/177]Starting Subject 161...
2026-02-03 12:16:40,472 [INFO] 被试 161 训练完成并保存。Final Test Loss: 3.775029
2026-02-03 12:16:40,474 [INFO] [162/177]Starting Subject 162...
2026-02-03 12:16:41,846 [INFO] 被试 162 训练完成并保存。Final Test Loss: 8.088732
2026-02-03 12:16:41,848 [INFO] [163/177]Starting Subject 163...
2026-02-03 12:16:43,209 [INFO] 被试 163 训练完成并保存。Final Test Loss: 4.190489
2026-02-03 12:16:43,211 [INFO] [164/177]Starting Subject 164...
2026-02-03 12:16:44,574 [INFO] 被试 164 训练完成并保存。Final Test Loss: 4.584679
2026-02-03 12:16:44,576 [INFO] [165/177]Starting Subject 165...
2026-02-03 12:16:45,944 [INFO] 被试 165 训练完成并保存。Final Test Loss: 5.413535
2026-02-03 12:16:45,946 [INFO] [166/177]Starting Subject 166...
2026-02-03 12:16:47,314 [INFO] 被试 166 训练完成并保存。Final Test Loss: 6.170526
2026-02-03 12:16:47,316 [INFO] [167/177]Starting Subject 167...
2026-02-03 12:16:48,692 [INFO] 被试 167 训练完成并保存。Final Test Loss: 5.945638
2026-02-03 12:16:48,694 [INFO] [168/177]Starting Subject 168...
2026-02-03 12:16:50,073 [INFO] 被试 168 训练完成并保存。Final Test Loss: 3.558475
2026-02-03 12:16:50,075 [INFO] [169/177]Starting Subject 169...
2026-02-03 12:16:51,448 [INFO] 被试 169 训练完成并保存。Final Test Loss: 6.644653
2026-02-03 12:16:51,450 [INFO] [170/177]Starting Subject 170...
2026-02-03 12:16:52,817 [INFO] 被试 170 训练完成并保存。Final Test Loss: 5.874522
2026-02-03 12:16:52,819 [INFO] [171/177]Starting Subject 171...
2026-02-03 12:16:54,188 [INFO] 被试 171 训练完成并保存。Final Test Loss: 5.367188
2026-02-03 12:16:54,190 [INFO] [172/177]Starting Subject 172...
2026-02-03 12:16:55,561 [INFO] 被试 172 训练完成并保存。Final Test Loss: 11.629103
2026-02-03 12:16:55,563 [INFO] [173/177]Starting Subject 173...
2026-02-03 12:16:56,943 [INFO] 被试 173 训练完成并保存。Final Test Loss: 8.050302
2026-02-03 12:16:56,945 [INFO] [174/177]Starting Subject 174...
2026-02-03 12:16:58,312 [INFO] 被试 174 训练完成并保存。Final Test Loss: 9.788980
2026-02-03 12:16:58,314 [INFO] [175/177]Starting Subject 175...
2026-02-03 12:16:59,676 [INFO] 被试 175 训练完成并保存。Final Test Loss: 6.898326
2026-02-03 12:16:59,679 [INFO] [176/177]Starting Subject 176...
2026-02-03 12:17:01,058 [INFO] 被试 176 训练完成并保存。Final Test Loss: 5.696296
2026-02-03 12:17:01,059 [INFO] [177/177]Starting Subject 177...
2026-02-03 12:17:02,414 [INFO] 被试 177 训练完成并保存。Final Test Loss: 8.954958
2026-02-03 12:17:02,415 [INFO] 所有预定训练任务已结束。
2026-02-03 15:34:53,839 [INFO] ============================== FC and EC START ==============================
2026-02-03 15:34:53,840 [INFO] ================================================================================
2026-02-03 15:34:54,916 [INFO]  Sub 1 FC correlation: r = 0.7631166958301304, p = 0.0
2026-02-03 15:34:54,917 [INFO] Calculating EC for Sub 1...
2026-02-03 15:34:56,634 [INFO] Sub 1 EC saved to F:\NPI_results\bs_50\reidx\EC_Sub_1.mat
2026-02-03 15:34:57,291 [INFO]  Sub 2 FC correlation: r = 0.76095500558278, p = 0.0
2026-02-03 15:34:57,292 [INFO] Calculating EC for Sub 2...
2026-02-03 15:34:58,794 [INFO] Sub 2 EC saved to F:\NPI_results\bs_50\reidx\EC_Sub_2.mat
2026-02-03 15:34:59,438 [INFO]  Sub 3 FC correlation: r = 0.5710116733330578, p = 0.0
2026-02-03 15:34:59,439 [INFO] Calculating EC for Sub 3...
2026-02-03 15:35:00,983 [INFO] Sub 3 EC saved to F:\NPI_results\bs_50\reidx\EC_Sub_3.mat
2026-02-03 15:35:01,666 [INFO]  Sub 4 FC correlation: r = 0.8857668363784643, p = 0.0
2026-02-03 15:35:01,667 [INFO] Calculating EC for Sub 4...
2026-02-03 15:35:03,192 [INFO] Sub 4 EC saved to F:\NPI_results\bs_50\reidx\EC_Sub_4.mat
2026-02-03 15:35:03,852 [INFO]  Sub 5 FC correlation: r = 0.7752627505398983, p = 0.0
2026-02-03 15:35:03,854 [INFO] Calculating EC for Sub 5...
2026-02-03 15:35:05,363 [INFO] Sub 5 EC saved to F:\NPI_results\bs_50\reidx\EC_Sub_5.mat
2026-02-03 15:35:06,025 [INFO]  Sub 6 FC correlation: r = 0.733693713915303, p = 0.0
2026-02-03 15:35:06,026 [INFO] Calculating EC for Sub 6...
2026-02-03 15:35:07,571 [INFO] Sub 6 EC saved to F:\NPI_results\bs_50\reidx\EC_Sub_6.mat
2026-02-03 15:35:08,232 [INFO]  Sub 7 FC correlation: r = 0.8444661060773963, p = 0.0
2026-02-03 15:35:08,233 [INFO] Calculating EC for Sub 7...
2026-02-03 15:35:09,744 [INFO] Sub 7 EC saved to F:\NPI_results\bs_50\reidx\EC_Sub_7.mat
2026-02-03 15:35:10,407 [INFO]  Sub 8 FC correlation: r = 0.7601143002567088, p = 0.0
2026-02-03 15:35:10,408 [INFO] Calculating EC for Sub 8...
2026-02-03 15:35:11,894 [INFO] Sub 8 EC saved to F:\NPI_results\bs_50\reidx\EC_Sub_8.mat
2026-02-03 15:35:12,557 [INFO]  Sub 9 FC correlation: r = 0.7964028690090147, p = 0.0
2026-02-03 15:35:12,557 [INFO] Calculating EC for Sub 9...
2026-02-03 15:35:14,054 [INFO] Sub 9 EC saved to F:\NPI_results\bs_50\reidx\EC_Sub_9.mat
2026-02-03 15:35:14,719 [INFO]  Sub 10 FC correlation: r = 0.9034544998722628, p = 0.0
2026-02-03 15:35:14,720 [INFO] Calculating EC for Sub 10...
2026-02-03 15:35:16,220 [INFO] Sub 10 EC saved to F:\NPI_results\bs_50\reidx\EC_Sub_10.mat
2026-02-03 15:35:16,892 [INFO]  Sub 11 FC correlation: r = 0.6761119390661904, p = 0.0
2026-02-03 15:35:16,893 [INFO] Calculating EC for Sub 11...
2026-02-03 15:35:18,380 [INFO] Sub 11 EC saved to F:\NPI_results\bs_50\reidx\EC_Sub_11.mat
2026-02-03 15:35:19,030 [INFO]  Sub 12 FC correlation: r = 0.8705178544829515, p = 0.0
2026-02-03 15:35:19,030 [INFO] Calculating EC for Sub 12...
2026-02-03 15:35:20,508 [INFO] Sub 12 EC saved to F:\NPI_results\bs_50\reidx\EC_Sub_12.mat
2026-02-03 15:35:21,163 [INFO]  Sub 13 FC correlation: r = 0.8704096860594701, p = 0.0
2026-02-03 15:35:21,164 [INFO] Calculating EC for Sub 13...
2026-02-03 15:35:22,605 [INFO] Sub 13 EC saved to F:\NPI_results\bs_50\reidx\EC_Sub_13.mat
2026-02-03 15:35:23,269 [INFO]  Sub 14 FC correlation: r = 0.8628618712154507, p = 0.0
2026-02-03 15:35:23,269 [INFO] Calculating EC for Sub 14...
2026-02-03 15:35:24,715 [INFO] Sub 14 EC saved to F:\NPI_results\bs_50\reidx\EC_Sub_14.mat
2026-02-03 15:35:25,370 [INFO]  Sub 15 FC correlation: r = 0.7670582660066285, p = 0.0
2026-02-03 15:35:25,371 [INFO] Calculating EC for Sub 15...
2026-02-03 15:35:26,838 [INFO] Sub 15 EC saved to F:\NPI_results\bs_50\reidx\EC_Sub_15.mat
2026-02-03 15:35:27,492 [INFO]  Sub 16 FC correlation: r = 0.8339507964741778, p = 0.0
2026-02-03 15:35:27,493 [INFO] Calculating EC for Sub 16...
2026-02-03 15:35:28,951 [INFO] Sub 16 EC saved to F:\NPI_results\bs_50\reidx\EC_Sub_16.mat
2026-02-03 15:35:29,601 [INFO]  Sub 17 FC correlation: r = 0.885072725568939, p = 0.0
2026-02-03 15:35:29,602 [INFO] Calculating EC for Sub 17...
2026-02-03 15:35:31,050 [INFO] Sub 17 EC saved to F:\NPI_results\bs_50\reidx\EC_Sub_17.mat
2026-02-03 15:35:31,707 [INFO]  Sub 18 FC correlation: r = 0.7887672658616848, p = 0.0
2026-02-03 15:35:31,708 [INFO] Calculating EC for Sub 18...
2026-02-03 15:35:33,167 [INFO] Sub 18 EC saved to F:\NPI_results\bs_50\reidx\EC_Sub_18.mat
2026-02-03 15:35:33,832 [INFO]  Sub 19 FC correlation: r = 0.8254370922450028, p = 0.0
2026-02-03 15:35:33,832 [INFO] Calculating EC for Sub 19...
2026-02-03 15:35:35,303 [INFO] Sub 19 EC saved to F:\NPI_results\bs_50\reidx\EC_Sub_19.mat
2026-02-03 15:35:35,961 [INFO]  Sub 20 FC correlation: r = 0.7154801470176472, p = 0.0
2026-02-03 15:35:35,962 [INFO] Calculating EC for Sub 20...
2026-02-03 15:35:37,429 [INFO] Sub 20 EC saved to F:\NPI_results\bs_50\reidx\EC_Sub_20.mat
2026-02-03 15:35:38,100 [INFO]  Sub 21 FC correlation: r = 0.4970345708059362, p = 0.0
2026-02-03 15:35:38,100 [INFO] Calculating EC for Sub 21...
2026-02-03 15:35:39,613 [INFO] Sub 21 EC saved to F:\NPI_results\bs_50\reidx\EC_Sub_21.mat
2026-02-03 15:35:40,281 [INFO]  Sub 22 FC correlation: r = 0.8761794563593226, p = 0.0
2026-02-03 15:35:40,281 [INFO] Calculating EC for Sub 22...
2026-02-03 15:35:41,791 [INFO] Sub 22 EC saved to F:\NPI_results\bs_50\reidx\EC_Sub_22.mat
2026-02-03 15:35:42,441 [INFO]  Sub 23 FC correlation: r = 0.8379324336760388, p = 0.0
2026-02-03 15:35:42,442 [INFO] Calculating EC for Sub 23...
2026-02-03 15:35:43,859 [INFO] Sub 23 EC saved to F:\NPI_results\bs_50\reidx\EC_Sub_23.mat
2026-02-03 15:35:44,521 [INFO]  Sub 24 FC correlation: r = 0.7463167231226668, p = 0.0
2026-02-03 15:35:44,522 [INFO] Calculating EC for Sub 24...
2026-02-03 15:35:45,953 [INFO] Sub 24 EC saved to F:\NPI_results\bs_50\reidx\EC_Sub_24.mat
2026-02-03 15:35:46,620 [INFO]  Sub 25 FC correlation: r = 0.7909383781124429, p = 0.0
2026-02-03 15:35:46,621 [INFO] Calculating EC for Sub 25...
2026-02-03 15:35:48,071 [INFO] Sub 25 EC saved to F:\NPI_results\bs_50\reidx\EC_Sub_25.mat
2026-02-03 15:35:48,726 [INFO]  Sub 26 FC correlation: r = 0.7804624396589076, p = 0.0
2026-02-03 15:35:48,727 [INFO] Calculating EC for Sub 26...
2026-02-03 15:35:50,198 [INFO] Sub 26 EC saved to F:\NPI_results\bs_50\reidx\EC_Sub_26.mat
2026-02-03 15:35:50,854 [INFO]  Sub 27 FC correlation: r = 0.8231643185277125, p = 0.0
2026-02-03 15:35:50,855 [INFO] Calculating EC for Sub 27...
2026-02-03 15:35:52,308 [INFO] Sub 27 EC saved to F:\NPI_results\bs_50\reidx\EC_Sub_27.mat
2026-02-03 15:35:52,974 [INFO]  Sub 28 FC correlation: r = 0.9084249381620937, p = 0.0
2026-02-03 15:35:52,974 [INFO] Calculating EC for Sub 28...
2026-02-03 15:35:54,437 [INFO] Sub 28 EC saved to F:\NPI_results\bs_50\reidx\EC_Sub_28.mat
2026-02-03 15:35:55,107 [INFO]  Sub 29 FC correlation: r = 0.7161276665934777, p = 0.0
2026-02-03 15:35:55,108 [INFO] Calculating EC for Sub 29...
2026-02-03 15:35:56,574 [INFO] Sub 29 EC saved to F:\NPI_results\bs_50\reidx\EC_Sub_29.mat
2026-02-03 15:35:57,248 [INFO]  Sub 30 FC correlation: r = 0.8547146540532803, p = 0.0
2026-02-03 15:35:57,249 [INFO] Calculating EC for Sub 30...
2026-02-03 15:35:58,811 [INFO] Sub 30 EC saved to F:\NPI_results\bs_50\reidx\EC_Sub_30.mat
2026-02-03 15:35:59,469 [INFO]  Sub 31 FC correlation: r = 0.917339707861666, p = 0.0
2026-02-03 15:35:59,470 [INFO] Calculating EC for Sub 31...
2026-02-03 15:36:00,966 [INFO] Sub 31 EC saved to F:\NPI_results\bs_50\reidx\EC_Sub_31.mat
2026-02-03 15:36:01,626 [INFO]  Sub 32 FC correlation: r = 0.8616540021193936, p = 0.0
2026-02-03 15:36:01,627 [INFO] Calculating EC for Sub 32...
2026-02-03 15:36:03,229 [INFO] Sub 32 EC saved to F:\NPI_results\bs_50\reidx\EC_Sub_32.mat
2026-02-03 15:36:03,892 [INFO]  Sub 33 FC correlation: r = 0.7814874914605893, p = 0.0
2026-02-03 15:36:03,893 [INFO] Calculating EC for Sub 33...
2026-02-03 15:36:05,374 [INFO] Sub 33 EC saved to F:\NPI_results\bs_50\reidx\EC_Sub_33.mat
2026-02-03 15:36:06,031 [INFO]  Sub 34 FC correlation: r = 0.5615269167182068, p = 0.0
2026-02-03 15:36:06,031 [INFO] Calculating EC for Sub 34...
2026-02-03 15:36:07,475 [INFO] Sub 34 EC saved to F:\NPI_results\bs_50\reidx\EC_Sub_34.mat
2026-02-03 15:36:08,134 [INFO]  Sub 35 FC correlation: r = 0.8572998287244831, p = 0.0
2026-02-03 15:36:08,135 [INFO] Calculating EC for Sub 35...
2026-02-03 15:36:09,649 [INFO] Sub 35 EC saved to F:\NPI_results\bs_50\reidx\EC_Sub_35.mat
2026-02-03 15:36:10,318 [INFO]  Sub 36 FC correlation: r = 0.8048352906449574, p = 0.0
2026-02-03 15:36:10,319 [INFO] Calculating EC for Sub 36...
2026-02-03 15:36:11,789 [INFO] Sub 36 EC saved to F:\NPI_results\bs_50\reidx\EC_Sub_36.mat
2026-02-03 15:36:12,433 [ERROR] !!! Sub 37 发生毁灭性错误: array must not contain infs or NaNs
2026-02-03 15:36:13,101 [INFO]  Sub 38 FC correlation: r = 0.8458928920578641, p = 0.0
2026-02-03 15:36:13,101 [INFO] Calculating EC for Sub 38...
2026-02-03 15:36:14,565 [INFO] Sub 38 EC saved to F:\NPI_results\bs_50\reidx\EC_Sub_38.mat
2026-02-03 15:36:15,235 [INFO]  Sub 39 FC correlation: r = 0.8875289295930803, p = 0.0
2026-02-03 15:36:15,235 [INFO] Calculating EC for Sub 39...
2026-02-03 15:36:16,688 [INFO] Sub 39 EC saved to F:\NPI_results\bs_50\reidx\EC_Sub_39.mat
2026-02-03 15:36:17,353 [INFO]  Sub 40 FC correlation: r = 0.7964668252415387, p = 0.0
2026-02-03 15:36:17,353 [INFO] Calculating EC for Sub 40...
2026-02-03 15:36:18,811 [INFO] Sub 40 EC saved to F:\NPI_results\bs_50\reidx\EC_Sub_40.mat
2026-02-03 15:36:19,457 [INFO]  Sub 41 FC correlation: r = 0.8659412199586687, p = 0.0
2026-02-03 15:36:19,458 [INFO] Calculating EC for Sub 41...
2026-02-03 15:36:20,927 [INFO] Sub 41 EC saved to F:\NPI_results\bs_50\reidx\EC_Sub_41.mat
2026-02-03 15:36:21,585 [INFO]  Sub 42 FC correlation: r = 0.8216232692632518, p = 0.0
2026-02-03 15:36:21,586 [INFO] Calculating EC for Sub 42...
2026-02-03 15:36:23,069 [INFO] Sub 42 EC saved to F:\NPI_results\bs_50\reidx\EC_Sub_42.mat
2026-02-03 15:36:23,729 [INFO]  Sub 43 FC correlation: r = 0.7980668808761844, p = 0.0
2026-02-03 15:36:23,730 [INFO] Calculating EC for Sub 43...
2026-02-03 15:36:25,194 [INFO] Sub 43 EC saved to F:\NPI_results\bs_50\reidx\EC_Sub_43.mat
2026-02-03 15:36:25,866 [INFO]  Sub 44 FC correlation: r = 0.8932959440910154, p = 0.0
2026-02-03 15:36:25,866 [INFO] Calculating EC for Sub 44...
2026-02-03 15:36:27,368 [INFO] Sub 44 EC saved to F:\NPI_results\bs_50\reidx\EC_Sub_44.mat
2026-02-03 15:36:28,032 [INFO]  Sub 45 FC correlation: r = 0.8268324107368238, p = 0.0
2026-02-03 15:36:28,033 [INFO] Calculating EC for Sub 45...
2026-02-03 15:36:29,558 [INFO] Sub 45 EC saved to F:\NPI_results\bs_50\reidx\EC_Sub_45.mat
2026-02-03 15:36:30,229 [INFO]  Sub 46 FC correlation: r = 0.7199553124117071, p = 0.0
2026-02-03 15:36:30,230 [INFO] Calculating EC for Sub 46...
2026-02-03 15:36:31,717 [INFO] Sub 46 EC saved to F:\NPI_results\bs_50\reidx\EC_Sub_46.mat
2026-02-03 15:36:32,360 [INFO]  Sub 47 FC correlation: r = 0.8984884796560999, p = 0.0
2026-02-03 15:36:32,361 [INFO] Calculating EC for Sub 47...
2026-02-03 15:36:33,844 [INFO] Sub 47 EC saved to F:\NPI_results\bs_50\reidx\EC_Sub_47.mat
2026-02-03 15:36:34,495 [INFO]  Sub 48 FC correlation: r = 0.7382969640175879, p = 0.0
2026-02-03 15:36:34,496 [INFO] Calculating EC for Sub 48...
2026-02-03 15:36:35,975 [INFO] Sub 48 EC saved to F:\NPI_results\bs_50\reidx\EC_Sub_48.mat
2026-02-03 15:36:36,619 [INFO]  Sub 49 FC correlation: r = 0.8210728162845109, p = 0.0
2026-02-03 15:36:36,620 [INFO] Calculating EC for Sub 49...
2026-02-03 15:36:38,140 [INFO] Sub 49 EC saved to F:\NPI_results\bs_50\reidx\EC_Sub_49.mat
2026-02-03 15:36:38,804 [INFO]  Sub 50 FC correlation: r = 0.7583816784154992, p = 0.0
2026-02-03 15:36:38,804 [INFO] Calculating EC for Sub 50...
2026-02-03 15:36:40,257 [INFO] Sub 50 EC saved to F:\NPI_results\bs_50\reidx\EC_Sub_50.mat
2026-02-03 15:36:40,916 [INFO]  Sub 51 FC correlation: r = 0.6450178575955154, p = 0.0
2026-02-03 15:36:40,917 [INFO] Calculating EC for Sub 51...
2026-02-03 15:36:42,380 [INFO] Sub 51 EC saved to F:\NPI_results\bs_50\reidx\EC_Sub_51.mat
2026-02-03 15:36:43,043 [INFO]  Sub 52 FC correlation: r = 0.8056933222757983, p = 0.0
2026-02-03 15:36:43,044 [INFO] Calculating EC for Sub 52...
2026-02-03 15:36:44,556 [INFO] Sub 52 EC saved to F:\NPI_results\bs_50\reidx\EC_Sub_52.mat
2026-02-03 15:36:45,221 [INFO]  Sub 53 FC correlation: r = 0.8483645244518495, p = 0.0
2026-02-03 15:36:45,221 [INFO] Calculating EC for Sub 53...
2026-02-03 15:36:46,733 [INFO] Sub 53 EC saved to F:\NPI_results\bs_50\reidx\EC_Sub_53.mat
2026-02-03 15:36:47,402 [INFO]  Sub 54 FC correlation: r = 0.793368401068168, p = 0.0
2026-02-03 15:36:47,403 [INFO] Calculating EC for Sub 54...
2026-02-03 15:36:48,887 [INFO] Sub 54 EC saved to F:\NPI_results\bs_50\reidx\EC_Sub_54.mat
2026-02-03 15:36:49,550 [INFO]  Sub 55 FC correlation: r = 0.8728050893236524, p = 0.0
2026-02-03 15:36:49,550 [INFO] Calculating EC for Sub 55...
2026-02-03 15:36:51,049 [INFO] Sub 55 EC saved to F:\NPI_results\bs_50\reidx\EC_Sub_55.mat
2026-02-03 15:36:51,715 [INFO]  Sub 56 FC correlation: r = 0.842460376655531, p = 0.0
2026-02-03 15:36:51,716 [INFO] Calculating EC for Sub 56...
2026-02-03 15:36:53,182 [INFO] Sub 56 EC saved to F:\NPI_results\bs_50\reidx\EC_Sub_56.mat
2026-02-03 15:36:53,831 [INFO]  Sub 57 FC correlation: r = 0.8860002994612641, p = 0.0
2026-02-03 15:36:53,831 [INFO] Calculating EC for Sub 57...
2026-02-03 15:36:55,295 [INFO] Sub 57 EC saved to F:\NPI_results\bs_50\reidx\EC_Sub_57.mat
2026-02-03 15:36:55,958 [INFO]  Sub 58 FC correlation: r = 0.8685281843598854, p = 0.0
2026-02-03 15:36:55,959 [INFO] Calculating EC for Sub 58...
2026-02-03 15:36:57,461 [INFO] Sub 58 EC saved to F:\NPI_results\bs_50\reidx\EC_Sub_58.mat
2026-02-03 15:36:58,132 [INFO]  Sub 59 FC correlation: r = 0.8381918664083771, p = 0.0
2026-02-03 15:36:58,132 [INFO] Calculating EC for Sub 59...
2026-02-03 15:36:59,652 [INFO] Sub 59 EC saved to F:\NPI_results\bs_50\reidx\EC_Sub_59.mat
2026-02-03 15:37:00,310 [INFO]  Sub 60 FC correlation: r = 0.8808794127668854, p = 0.0
2026-02-03 15:37:00,310 [INFO] Calculating EC for Sub 60...
2026-02-03 15:37:01,776 [INFO] Sub 60 EC saved to F:\NPI_results\bs_50\reidx\EC_Sub_60.mat
2026-02-03 15:37:02,434 [INFO]  Sub 61 FC correlation: r = 0.8754137408068193, p = 0.0
2026-02-03 15:37:02,435 [INFO] Calculating EC for Sub 61...
2026-02-03 15:37:03,904 [INFO] Sub 61 EC saved to F:\NPI_results\bs_50\reidx\EC_Sub_61.mat
2026-02-03 15:37:04,562 [INFO]  Sub 62 FC correlation: r = 0.6075103565418946, p = 0.0
2026-02-03 15:37:04,563 [INFO] Calculating EC for Sub 62...
2026-02-03 15:37:06,032 [INFO] Sub 62 EC saved to F:\NPI_results\bs_50\reidx\EC_Sub_62.mat
2026-02-03 15:37:06,693 [INFO]  Sub 63 FC correlation: r = 0.6346533460626078, p = 0.0
2026-02-03 15:37:06,694 [INFO] Calculating EC for Sub 63...
2026-02-03 15:37:08,147 [INFO] Sub 63 EC saved to F:\NPI_results\bs_50\reidx\EC_Sub_63.mat
2026-02-03 15:37:08,807 [INFO]  Sub 64 FC correlation: r = 0.6972671808456006, p = 0.0
2026-02-03 15:37:08,808 [INFO] Calculating EC for Sub 64...
2026-02-03 15:37:10,320 [INFO] Sub 64 EC saved to F:\NPI_results\bs_50\reidx\EC_Sub_64.mat
2026-02-03 15:37:10,966 [INFO]  Sub 65 FC correlation: r = 0.8226769713387199, p = 0.0
2026-02-03 15:37:10,967 [INFO] Calculating EC for Sub 65...
2026-02-03 15:37:12,462 [INFO] Sub 65 EC saved to F:\NPI_results\bs_50\reidx\EC_Sub_65.mat
2026-02-03 15:37:13,116 [INFO]  Sub 66 FC correlation: r = 0.8548458989938333, p = 0.0
2026-02-03 15:37:13,117 [INFO] Calculating EC for Sub 66...
2026-02-03 15:37:14,590 [INFO] Sub 66 EC saved to F:\NPI_results\bs_50\reidx\EC_Sub_66.mat
2026-02-03 15:37:15,236 [INFO]  Sub 67 FC correlation: r = 0.8561491310618236, p = 0.0
2026-02-03 15:37:15,236 [INFO] Calculating EC for Sub 67...
2026-02-03 15:37:16,695 [INFO] Sub 67 EC saved to F:\NPI_results\bs_50\reidx\EC_Sub_67.mat
2026-02-03 15:37:17,348 [INFO]  Sub 68 FC correlation: r = 0.8447131646032967, p = 0.0
2026-02-03 15:37:17,348 [INFO] Calculating EC for Sub 68...
2026-02-03 15:37:18,821 [INFO] Sub 68 EC saved to F:\NPI_results\bs_50\reidx\EC_Sub_68.mat
2026-02-03 15:37:19,471 [INFO]  Sub 69 FC correlation: r = 0.8410930528868639, p = 0.0
2026-02-03 15:37:19,472 [INFO] Calculating EC for Sub 69...
2026-02-03 15:37:20,941 [INFO] Sub 69 EC saved to F:\NPI_results\bs_50\reidx\EC_Sub_69.mat
2026-02-03 15:37:21,595 [INFO]  Sub 70 FC correlation: r = 0.8205704525116467, p = 0.0
2026-02-03 15:37:21,595 [INFO] Calculating EC for Sub 70...
2026-02-03 15:37:23,045 [INFO] Sub 70 EC saved to F:\NPI_results\bs_50\reidx\EC_Sub_70.mat
2026-02-03 15:37:23,707 [INFO]  Sub 71 FC correlation: r = 0.8983307200179418, p = 0.0
2026-02-03 15:37:23,708 [INFO] Calculating EC for Sub 71...
2026-02-03 15:37:25,215 [INFO] Sub 71 EC saved to F:\NPI_results\bs_50\reidx\EC_Sub_71.mat
2026-02-03 15:37:25,872 [INFO]  Sub 72 FC correlation: r = 0.8384075341325775, p = 0.0
2026-02-03 15:37:25,873 [INFO] Calculating EC for Sub 72...
2026-02-03 15:37:27,324 [INFO] Sub 72 EC saved to F:\NPI_results\bs_50\reidx\EC_Sub_72.mat
2026-02-03 15:37:27,985 [INFO]  Sub 73 FC correlation: r = 0.8155970517112437, p = 0.0
2026-02-03 15:37:27,986 [INFO] Calculating EC for Sub 73...
2026-02-03 15:37:29,454 [INFO] Sub 73 EC saved to F:\NPI_results\bs_50\reidx\EC_Sub_73.mat
2026-02-03 15:37:30,113 [INFO]  Sub 74 FC correlation: r = 0.800701856297888, p = 0.0
2026-02-03 15:37:30,113 [INFO] Calculating EC for Sub 74...
2026-02-03 15:37:31,578 [INFO] Sub 74 EC saved to F:\NPI_results\bs_50\reidx\EC_Sub_74.mat
2026-02-03 15:37:32,229 [INFO]  Sub 75 FC correlation: r = 0.8769036585626431, p = 0.0
2026-02-03 15:37:32,230 [INFO] Calculating EC for Sub 75...
2026-02-03 15:37:33,691 [INFO] Sub 75 EC saved to F:\NPI_results\bs_50\reidx\EC_Sub_75.mat
2026-02-03 15:37:34,361 [INFO]  Sub 76 FC correlation: r = 0.7703810017582202, p = 0.0
2026-02-03 15:37:34,361 [INFO] Calculating EC for Sub 76...
2026-02-03 15:37:35,836 [INFO] Sub 76 EC saved to F:\NPI_results\bs_50\reidx\EC_Sub_76.mat
2026-02-03 15:37:36,479 [INFO]  Sub 77 FC correlation: r = 0.693931209573835, p = 0.0
2026-02-03 15:37:36,480 [INFO] Calculating EC for Sub 77...
2026-02-03 15:37:37,943 [INFO] Sub 77 EC saved to F:\NPI_results\bs_50\reidx\EC_Sub_77.mat
2026-02-03 15:37:38,602 [INFO]  Sub 78 FC correlation: r = 0.5416336873299149, p = 0.0
2026-02-03 15:37:38,603 [INFO] Calculating EC for Sub 78...
2026-02-03 15:37:40,070 [INFO] Sub 78 EC saved to F:\NPI_results\bs_50\reidx\EC_Sub_78.mat
2026-02-03 15:37:40,716 [INFO]  Sub 79 FC correlation: r = 0.8445713534624231, p = 0.0
2026-02-03 15:37:40,717 [INFO] Calculating EC for Sub 79...
2026-02-03 15:37:42,187 [INFO] Sub 79 EC saved to F:\NPI_results\bs_50\reidx\EC_Sub_79.mat
2026-02-03 15:37:42,826 [INFO]  Sub 80 FC correlation: r = 0.8727655317856085, p = 0.0
2026-02-03 15:37:42,826 [INFO] Calculating EC for Sub 80...
2026-02-03 15:37:44,255 [INFO] Sub 80 EC saved to F:\NPI_results\bs_50\reidx\EC_Sub_80.mat
2026-02-03 15:37:44,918 [INFO]  Sub 81 FC correlation: r = 0.874217933669229, p = 0.0
2026-02-03 15:37:44,919 [INFO] Calculating EC for Sub 81...
2026-02-03 15:37:46,395 [INFO] Sub 81 EC saved to F:\NPI_results\bs_50\reidx\EC_Sub_81.mat
2026-02-03 15:37:47,045 [INFO]  Sub 82 FC correlation: r = 0.856766638907341, p = 0.0
2026-02-03 15:37:47,046 [INFO] Calculating EC for Sub 82...
2026-02-03 15:37:48,480 [INFO] Sub 82 EC saved to F:\NPI_results\bs_50\reidx\EC_Sub_82.mat
2026-02-03 15:37:49,141 [INFO]  Sub 83 FC correlation: r = 0.6857147550803201, p = 0.0
2026-02-03 15:37:49,142 [INFO] Calculating EC for Sub 83...
2026-02-03 15:37:50,628 [INFO] Sub 83 EC saved to F:\NPI_results\bs_50\reidx\EC_Sub_83.mat
2026-02-03 15:37:51,281 [INFO]  Sub 84 FC correlation: r = 0.9116094431549638, p = 0.0
2026-02-03 15:37:51,281 [INFO] Calculating EC for Sub 84...
2026-02-03 15:37:52,856 [INFO] Sub 84 EC saved to F:\NPI_results\bs_50\reidx\EC_Sub_84.mat
2026-02-03 15:37:53,509 [INFO]  Sub 85 FC correlation: r = 0.9097650517962598, p = 0.0
2026-02-03 15:37:53,509 [INFO] Calculating EC for Sub 85...
2026-02-03 15:37:54,985 [INFO] Sub 85 EC saved to F:\NPI_results\bs_50\reidx\EC_Sub_85.mat
2026-02-03 15:37:55,627 [INFO]  Sub 86 FC correlation: r = 0.8026142760573176, p = 0.0
2026-02-03 15:37:55,628 [INFO] Calculating EC for Sub 86...
2026-02-03 15:37:57,099 [INFO] Sub 86 EC saved to F:\NPI_results\bs_50\reidx\EC_Sub_86.mat
2026-02-03 15:37:57,747 [INFO]  Sub 87 FC correlation: r = 0.8755638636019394, p = 0.0
2026-02-03 15:37:57,748 [INFO] Calculating EC for Sub 87...
2026-02-03 15:37:59,226 [INFO] Sub 87 EC saved to F:\NPI_results\bs_50\reidx\EC_Sub_87.mat
2026-02-03 15:37:59,883 [INFO]  Sub 88 FC correlation: r = 0.6215113900288933, p = 0.0
2026-02-03 15:37:59,884 [INFO] Calculating EC for Sub 88...
2026-02-03 15:38:01,417 [INFO] Sub 88 EC saved to F:\NPI_results\bs_50\reidx\EC_Sub_88.mat
2026-02-03 15:38:02,068 [INFO]  Sub 89 FC correlation: r = 0.6004307995569262, p = 0.0
2026-02-03 15:38:02,068 [INFO] Calculating EC for Sub 89...
2026-02-03 15:38:03,616 [INFO] Sub 89 EC saved to F:\NPI_results\bs_50\reidx\EC_Sub_89.mat
2026-02-03 15:38:04,309 [INFO]  Sub 90 FC correlation: r = 0.8532641580592834, p = 0.0
2026-02-03 15:38:04,310 [INFO] Calculating EC for Sub 90...
2026-02-03 15:38:05,822 [INFO] Sub 90 EC saved to F:\NPI_results\bs_50\reidx\EC_Sub_90.mat
2026-02-03 15:38:06,478 [INFO]  Sub 91 FC correlation: r = 0.800129605442196, p = 0.0
2026-02-03 15:38:06,479 [INFO] Calculating EC for Sub 91...
2026-02-03 15:38:07,985 [INFO] Sub 91 EC saved to F:\NPI_results\bs_50\reidx\EC_Sub_91.mat
2026-02-03 15:38:08,639 [INFO]  Sub 92 FC correlation: r = 0.781979657964304, p = 0.0
2026-02-03 15:38:08,640 [INFO] Calculating EC for Sub 92...
2026-02-03 15:38:10,078 [INFO] Sub 92 EC saved to F:\NPI_results\bs_50\reidx\EC_Sub_92.mat
2026-02-03 15:38:10,725 [INFO]  Sub 93 FC correlation: r = 0.8309424763759715, p = 0.0
2026-02-03 15:38:10,726 [INFO] Calculating EC for Sub 93...
2026-02-03 15:38:12,178 [INFO] Sub 93 EC saved to F:\NPI_results\bs_50\reidx\EC_Sub_93.mat
2026-02-03 15:38:12,817 [INFO]  Sub 94 FC correlation: r = 0.8890553604846207, p = 0.0
2026-02-03 15:38:12,819 [INFO] Calculating EC for Sub 94...
2026-02-03 15:38:14,267 [INFO] Sub 94 EC saved to F:\NPI_results\bs_50\reidx\EC_Sub_94.mat
2026-02-03 15:38:14,917 [INFO]  Sub 95 FC correlation: r = 0.8331422079992933, p = 0.0
2026-02-03 15:38:14,918 [INFO] Calculating EC for Sub 95...
2026-02-03 15:38:16,360 [INFO] Sub 95 EC saved to F:\NPI_results\bs_50\reidx\EC_Sub_95.mat
2026-02-03 15:38:17,028 [INFO]  Sub 96 FC correlation: r = 0.852439429805174, p = 0.0
2026-02-03 15:38:17,028 [INFO] Calculating EC for Sub 96...
2026-02-03 15:38:18,457 [INFO] Sub 96 EC saved to F:\NPI_results\bs_50\reidx\EC_Sub_96.mat
2026-02-03 15:38:19,127 [INFO]  Sub 97 FC correlation: r = 0.8261483147233674, p = 0.0
2026-02-03 15:38:19,128 [INFO] Calculating EC for Sub 97...
2026-02-03 15:38:20,632 [INFO] Sub 97 EC saved to F:\NPI_results\bs_50\reidx\EC_Sub_97.mat
2026-02-03 15:38:21,289 [INFO]  Sub 98 FC correlation: r = 0.6579098234717429, p = 0.0
2026-02-03 15:38:21,290 [INFO] Calculating EC for Sub 98...
2026-02-03 15:38:22,714 [INFO] Sub 98 EC saved to F:\NPI_results\bs_50\reidx\EC_Sub_98.mat
2026-02-03 15:38:23,422 [INFO]  Sub 99 FC correlation: r = 0.8752299980862475, p = 0.0
2026-02-03 15:38:23,423 [INFO] Calculating EC for Sub 99...
2026-02-03 15:38:25,202 [INFO] Sub 99 EC saved to F:\NPI_results\bs_50\reidx\EC_Sub_99.mat
2026-02-03 15:38:25,957 [INFO]  Sub 100 FC correlation: r = 0.5723681012394443, p = 0.0
2026-02-03 15:38:25,958 [INFO] Calculating EC for Sub 100...
2026-02-03 15:38:27,545 [INFO] Sub 100 EC saved to F:\NPI_results\bs_50\reidx\EC_Sub_100.mat
2026-02-03 15:38:28,200 [INFO]  Sub 101 FC correlation: r = 0.7152768721496325, p = 0.0
2026-02-03 15:38:28,201 [INFO] Calculating EC for Sub 101...
2026-02-03 15:38:29,720 [INFO] Sub 101 EC saved to F:\NPI_results\bs_50\reidx\EC_Sub_101.mat
2026-02-03 15:38:30,379 [INFO]  Sub 102 FC correlation: r = 0.7371241176691362, p = 0.0
2026-02-03 15:38:30,380 [INFO] Calculating EC for Sub 102...
2026-02-03 15:38:31,859 [INFO] Sub 102 EC saved to F:\NPI_results\bs_50\reidx\EC_Sub_102.mat
2026-02-03 15:38:32,508 [INFO]  Sub 103 FC correlation: r = 0.8892551695509645, p = 0.0
2026-02-03 15:38:32,508 [INFO] Calculating EC for Sub 103...
2026-02-03 15:38:34,032 [INFO] Sub 103 EC saved to F:\NPI_results\bs_50\reidx\EC_Sub_103.mat
2026-02-03 15:38:34,708 [INFO]  Sub 104 FC correlation: r = 0.8540901184422748, p = 0.0
2026-02-03 15:38:34,708 [INFO] Calculating EC for Sub 104...
2026-02-03 15:38:36,270 [INFO] Sub 104 EC saved to F:\NPI_results\bs_50\reidx\EC_Sub_104.mat
2026-02-03 15:38:36,958 [INFO]  Sub 105 FC correlation: r = 0.825390081171856, p = 0.0
2026-02-03 15:38:36,958 [INFO] Calculating EC for Sub 105...
2026-02-03 15:38:38,473 [INFO] Sub 105 EC saved to F:\NPI_results\bs_50\reidx\EC_Sub_105.mat
2026-02-03 15:38:39,128 [INFO]  Sub 106 FC correlation: r = 0.8695861663747502, p = 0.0
2026-02-03 15:38:39,128 [INFO] Calculating EC for Sub 106...
2026-02-03 15:38:40,693 [INFO] Sub 106 EC saved to F:\NPI_results\bs_50\reidx\EC_Sub_106.mat
2026-02-03 15:38:41,363 [INFO]  Sub 107 FC correlation: r = 0.8735539814149328, p = 0.0
2026-02-03 15:38:41,364 [INFO] Calculating EC for Sub 107...
2026-02-03 15:38:42,822 [INFO] Sub 107 EC saved to F:\NPI_results\bs_50\reidx\EC_Sub_107.mat
2026-02-03 15:38:43,507 [INFO]  Sub 108 FC correlation: r = 0.8581671373603317, p = 0.0
2026-02-03 15:38:43,508 [INFO] Calculating EC for Sub 108...
2026-02-03 15:38:45,029 [INFO] Sub 108 EC saved to F:\NPI_results\bs_50\reidx\EC_Sub_108.mat
2026-02-03 15:38:45,721 [INFO]  Sub 109 FC correlation: r = 0.8704344159174985, p = 0.0
2026-02-03 15:38:45,722 [INFO] Calculating EC for Sub 109...
2026-02-03 15:38:47,261 [INFO] Sub 109 EC saved to F:\NPI_results\bs_50\reidx\EC_Sub_109.mat
2026-02-03 15:38:47,932 [INFO]  Sub 110 FC correlation: r = 0.876893890933643, p = 0.0
2026-02-03 15:38:47,933 [INFO] Calculating EC for Sub 110...
2026-02-03 15:38:49,445 [INFO] Sub 110 EC saved to F:\NPI_results\bs_50\reidx\EC_Sub_110.mat
2026-02-03 15:38:50,137 [INFO]  Sub 111 FC correlation: r = 0.8878395704422329, p = 0.0
2026-02-03 15:38:50,137 [INFO] Calculating EC for Sub 111...
2026-02-03 15:38:51,626 [INFO] Sub 111 EC saved to F:\NPI_results\bs_50\reidx\EC_Sub_111.mat
2026-02-03 15:38:52,274 [INFO]  Sub 112 FC correlation: r = 0.7967727361750377, p = 0.0
2026-02-03 15:38:52,275 [INFO] Calculating EC for Sub 112...
2026-02-03 15:38:53,748 [INFO] Sub 112 EC saved to F:\NPI_results\bs_50\reidx\EC_Sub_112.mat
2026-02-03 15:38:54,388 [INFO]  Sub 113 FC correlation: r = 0.8555074403854928, p = 0.0
2026-02-03 15:38:54,389 [INFO] Calculating EC for Sub 113...
2026-02-03 15:38:55,858 [INFO] Sub 113 EC saved to F:\NPI_results\bs_50\reidx\EC_Sub_113.mat
2026-02-03 15:38:56,527 [INFO]  Sub 114 FC correlation: r = 0.8386131008954045, p = 0.0
2026-02-03 15:38:56,528 [INFO] Calculating EC for Sub 114...
2026-02-03 15:38:58,072 [INFO] Sub 114 EC saved to F:\NPI_results\bs_50\reidx\EC_Sub_114.mat
2026-02-03 15:38:58,747 [INFO]  Sub 115 FC correlation: r = 0.7836898280635951, p = 0.0
2026-02-03 15:38:58,748 [INFO] Calculating EC for Sub 115...
2026-02-03 15:39:00,345 [INFO] Sub 115 EC saved to F:\NPI_results\bs_50\reidx\EC_Sub_115.mat
2026-02-03 15:39:01,018 [INFO]  Sub 116 FC correlation: r = 0.8705141108589982, p = 0.0
2026-02-03 15:39:01,019 [INFO] Calculating EC for Sub 116...
2026-02-03 15:39:02,620 [INFO] Sub 116 EC saved to F:\NPI_results\bs_50\reidx\EC_Sub_116.mat
2026-02-03 15:39:03,309 [INFO]  Sub 117 FC correlation: r = 0.8599935646413368, p = 0.0
2026-02-03 15:39:03,309 [INFO] Calculating EC for Sub 117...
2026-02-03 15:39:04,773 [INFO] Sub 117 EC saved to F:\NPI_results\bs_50\reidx\EC_Sub_117.mat
2026-02-03 15:39:05,422 [INFO]  Sub 118 FC correlation: r = 0.8586071417185178, p = 0.0
2026-02-03 15:39:05,423 [INFO] Calculating EC for Sub 118...
2026-02-03 15:39:06,908 [INFO] Sub 118 EC saved to F:\NPI_results\bs_50\reidx\EC_Sub_118.mat
2026-02-03 15:39:07,557 [INFO]  Sub 119 FC correlation: r = 0.7535047141364071, p = 0.0
2026-02-03 15:39:07,558 [INFO] Calculating EC for Sub 119...
2026-02-03 15:39:09,064 [INFO] Sub 119 EC saved to F:\NPI_results\bs_50\reidx\EC_Sub_119.mat
2026-02-03 15:39:09,727 [INFO]  Sub 120 FC correlation: r = 0.8652622590219587, p = 0.0
2026-02-03 15:39:09,728 [INFO] Calculating EC for Sub 120...
2026-02-03 15:39:11,247 [INFO] Sub 120 EC saved to F:\NPI_results\bs_50\reidx\EC_Sub_120.mat
2026-02-03 15:39:11,894 [INFO]  Sub 121 FC correlation: r = 0.8342818535306634, p = 0.0
2026-02-03 15:39:11,895 [INFO] Calculating EC for Sub 121...
2026-02-03 15:39:13,384 [INFO] Sub 121 EC saved to F:\NPI_results\bs_50\reidx\EC_Sub_121.mat
2026-02-03 15:39:14,048 [INFO]  Sub 122 FC correlation: r = 0.8614565372099353, p = 0.0
2026-02-03 15:39:14,048 [INFO] Calculating EC for Sub 122...
2026-02-03 15:39:15,495 [INFO] Sub 122 EC saved to F:\NPI_results\bs_50\reidx\EC_Sub_122.mat
2026-02-03 15:39:16,139 [INFO]  Sub 123 FC correlation: r = 0.871054541208546, p = 0.0
2026-02-03 15:39:16,140 [INFO] Calculating EC for Sub 123...
2026-02-03 15:39:17,664 [INFO] Sub 123 EC saved to F:\NPI_results\bs_50\reidx\EC_Sub_123.mat
2026-02-03 15:39:18,317 [INFO]  Sub 124 FC correlation: r = 0.8004333466806077, p = 0.0
2026-02-03 15:39:18,318 [INFO] Calculating EC for Sub 124...
2026-02-03 15:39:19,876 [INFO] Sub 124 EC saved to F:\NPI_results\bs_50\reidx\EC_Sub_124.mat
2026-02-03 15:39:20,539 [INFO]  Sub 125 FC correlation: r = 0.8285026125029833, p = 0.0
2026-02-03 15:39:20,540 [INFO] Calculating EC for Sub 125...
2026-02-03 15:39:22,024 [INFO] Sub 125 EC saved to F:\NPI_results\bs_50\reidx\EC_Sub_125.mat
2026-02-03 15:39:22,702 [INFO]  Sub 126 FC correlation: r = 0.8634517938824984, p = 0.0
2026-02-03 15:39:22,702 [INFO] Calculating EC for Sub 126...
2026-02-03 15:39:24,194 [INFO] Sub 126 EC saved to F:\NPI_results\bs_50\reidx\EC_Sub_126.mat
2026-02-03 15:39:24,853 [INFO]  Sub 127 FC correlation: r = 0.8820204472470874, p = 0.0
2026-02-03 15:39:24,853 [INFO] Calculating EC for Sub 127...
2026-02-03 15:39:26,310 [INFO] Sub 127 EC saved to F:\NPI_results\bs_50\reidx\EC_Sub_127.mat
2026-02-03 15:39:26,958 [INFO]  Sub 128 FC correlation: r = 0.7794843395447435, p = 0.0
2026-02-03 15:39:26,958 [INFO] Calculating EC for Sub 128...
2026-02-03 15:39:28,445 [INFO] Sub 128 EC saved to F:\NPI_results\bs_50\reidx\EC_Sub_128.mat
2026-02-03 15:39:29,104 [INFO]  Sub 129 FC correlation: r = 0.8782120464082315, p = 0.0
2026-02-03 15:39:29,105 [INFO] Calculating EC for Sub 129...
2026-02-03 15:39:30,539 [INFO] Sub 129 EC saved to F:\NPI_results\bs_50\reidx\EC_Sub_129.mat
2026-02-03 15:39:31,192 [INFO]  Sub 130 FC correlation: r = 0.8485299982861628, p = 0.0
2026-02-03 15:39:31,193 [INFO] Calculating EC for Sub 130...
2026-02-03 15:39:32,667 [INFO] Sub 130 EC saved to F:\NPI_results\bs_50\reidx\EC_Sub_130.mat
2026-02-03 15:39:33,348 [INFO]  Sub 131 FC correlation: r = 0.4502697259031222, p = 0.0
2026-02-03 15:39:33,349 [INFO] Calculating EC for Sub 131...
2026-02-03 15:39:34,884 [INFO] Sub 131 EC saved to F:\NPI_results\bs_50\reidx\EC_Sub_131.mat
2026-02-03 15:39:35,610 [INFO]  Sub 132 FC correlation: r = 0.7910126089877185, p = 0.0
2026-02-03 15:39:35,611 [INFO] Calculating EC for Sub 132...
2026-02-03 15:39:37,237 [INFO] Sub 132 EC saved to F:\NPI_results\bs_50\reidx\EC_Sub_132.mat
2026-02-03 15:39:37,888 [INFO]  Sub 133 FC correlation: r = 0.818421879586885, p = 0.0
2026-02-03 15:39:37,889 [INFO] Calculating EC for Sub 133...
2026-02-03 15:39:39,548 [INFO] Sub 133 EC saved to F:\NPI_results\bs_50\reidx\EC_Sub_133.mat
2026-02-03 15:39:40,221 [INFO]  Sub 134 FC correlation: r = 0.8807678467197654, p = 0.0
2026-02-03 15:39:40,222 [INFO] Calculating EC for Sub 134...
2026-02-03 15:39:41,743 [INFO] Sub 134 EC saved to F:\NPI_results\bs_50\reidx\EC_Sub_134.mat
2026-02-03 15:39:42,419 [INFO]  Sub 135 FC correlation: r = 0.856601946795958, p = 0.0
2026-02-03 15:39:42,420 [INFO] Calculating EC for Sub 135...
2026-02-03 15:39:43,929 [INFO] Sub 135 EC saved to F:\NPI_results\bs_50\reidx\EC_Sub_135.mat
2026-02-03 15:39:44,585 [INFO]  Sub 136 FC correlation: r = 0.8075208970919318, p = 0.0
2026-02-03 15:39:44,586 [INFO] Calculating EC for Sub 136...
2026-02-03 15:39:46,068 [INFO] Sub 136 EC saved to F:\NPI_results\bs_50\reidx\EC_Sub_136.mat
2026-02-03 15:39:46,715 [INFO]  Sub 137 FC correlation: r = 0.8971215739851827, p = 0.0
2026-02-03 15:39:46,715 [INFO] Calculating EC for Sub 137...
2026-02-03 15:39:48,152 [INFO] Sub 137 EC saved to F:\NPI_results\bs_50\reidx\EC_Sub_137.mat
2026-02-03 15:39:48,843 [INFO]  Sub 138 FC correlation: r = 0.8448926774875996, p = 0.0
2026-02-03 15:39:48,844 [INFO] Calculating EC for Sub 138...
2026-02-03 15:39:50,363 [INFO] Sub 138 EC saved to F:\NPI_results\bs_50\reidx\EC_Sub_138.mat
2026-02-03 15:39:51,028 [INFO]  Sub 139 FC correlation: r = 0.8960013429556646, p = 0.0
2026-02-03 15:39:51,028 [INFO] Calculating EC for Sub 139...
2026-02-03 15:39:52,584 [INFO] Sub 139 EC saved to F:\NPI_results\bs_50\reidx\EC_Sub_139.mat
2026-02-03 15:39:53,285 [INFO]  Sub 140 FC correlation: r = 0.8823985367591659, p = 0.0
2026-02-03 15:39:53,285 [INFO] Calculating EC for Sub 140...
2026-02-03 15:39:54,797 [INFO] Sub 140 EC saved to F:\NPI_results\bs_50\reidx\EC_Sub_140.mat
2026-02-03 15:39:55,457 [INFO]  Sub 141 FC correlation: r = 0.7902752034848775, p = 0.0
2026-02-03 15:39:55,458 [INFO] Calculating EC for Sub 141...
2026-02-03 15:39:56,970 [INFO] Sub 141 EC saved to F:\NPI_results\bs_50\reidx\EC_Sub_141.mat
2026-02-03 15:39:57,633 [INFO]  Sub 142 FC correlation: r = 0.8469668511191889, p = 0.0
2026-02-03 15:39:57,634 [INFO] Calculating EC for Sub 142...
2026-02-03 15:39:59,099 [INFO] Sub 142 EC saved to F:\NPI_results\bs_50\reidx\EC_Sub_142.mat
2026-02-03 15:39:59,758 [INFO]  Sub 143 FC correlation: r = 0.8146843712762903, p = 0.0
2026-02-03 15:39:59,759 [INFO] Calculating EC for Sub 143...
2026-02-03 15:40:01,186 [INFO] Sub 143 EC saved to F:\NPI_results\bs_50\reidx\EC_Sub_143.mat
2026-02-03 15:40:01,819 [INFO]  Sub 144 FC correlation: r = 0.8447882718682622, p = 0.0
2026-02-03 15:40:01,819 [INFO] Calculating EC for Sub 144...
2026-02-03 15:40:03,265 [INFO] Sub 144 EC saved to F:\NPI_results\bs_50\reidx\EC_Sub_144.mat
2026-02-03 15:40:03,939 [INFO]  Sub 145 FC correlation: r = 0.8348821116934552, p = 0.0
2026-02-03 15:40:03,940 [INFO] Calculating EC for Sub 145...
2026-02-03 15:40:05,409 [INFO] Sub 145 EC saved to F:\NPI_results\bs_50\reidx\EC_Sub_145.mat
2026-02-03 15:40:06,059 [INFO]  Sub 146 FC correlation: r = 0.8572719439361522, p = 0.0
2026-02-03 15:40:06,059 [INFO] Calculating EC for Sub 146...
2026-02-03 15:40:07,544 [INFO] Sub 146 EC saved to F:\NPI_results\bs_50\reidx\EC_Sub_146.mat
2026-02-03 15:40:08,218 [INFO]  Sub 147 FC correlation: r = 0.7780692889496562, p = 0.0
2026-02-03 15:40:08,219 [INFO] Calculating EC for Sub 147...
2026-02-03 15:40:09,720 [INFO] Sub 147 EC saved to F:\NPI_results\bs_50\reidx\EC_Sub_147.mat
2026-02-03 15:40:10,402 [INFO]  Sub 148 FC correlation: r = 0.9323419045867204, p = 0.0
2026-02-03 15:40:10,403 [INFO] Calculating EC for Sub 148...
2026-02-03 15:40:11,915 [INFO] Sub 148 EC saved to F:\NPI_results\bs_50\reidx\EC_Sub_148.mat
2026-02-03 15:40:12,559 [INFO]  Sub 149 FC correlation: r = 0.8012839925120161, p = 0.0
2026-02-03 15:40:12,559 [INFO] Calculating EC for Sub 149...
2026-02-03 15:40:14,047 [INFO] Sub 149 EC saved to F:\NPI_results\bs_50\reidx\EC_Sub_149.mat
2026-02-03 15:40:14,703 [INFO]  Sub 150 FC correlation: r = 0.8193724191542657, p = 0.0
2026-02-03 15:40:14,703 [INFO] Calculating EC for Sub 150...
2026-02-03 15:40:16,148 [INFO] Sub 150 EC saved to F:\NPI_results\bs_50\reidx\EC_Sub_150.mat
2026-02-03 15:40:16,799 [INFO]  Sub 151 FC correlation: r = 0.7453540567241169, p = 0.0
2026-02-03 15:40:16,800 [INFO] Calculating EC for Sub 151...
2026-02-03 15:40:18,251 [INFO] Sub 151 EC saved to F:\NPI_results\bs_50\reidx\EC_Sub_151.mat
2026-02-03 15:40:18,920 [INFO]  Sub 152 FC correlation: r = 0.7686296320605098, p = 0.0
2026-02-03 15:40:18,921 [INFO] Calculating EC for Sub 152...
2026-02-03 15:40:20,429 [INFO] Sub 152 EC saved to F:\NPI_results\bs_50\reidx\EC_Sub_152.mat
2026-02-03 15:40:21,105 [INFO]  Sub 153 FC correlation: r = 0.8444890634601417, p = 0.0
2026-02-03 15:40:21,106 [INFO] Calculating EC for Sub 153...
2026-02-03 15:40:22,678 [INFO] Sub 153 EC saved to F:\NPI_results\bs_50\reidx\EC_Sub_153.mat
2026-02-03 15:40:23,380 [INFO]  Sub 154 FC correlation: r = 0.8262416854599999, p = 0.0
2026-02-03 15:40:23,380 [INFO] Calculating EC for Sub 154...
2026-02-03 15:40:24,890 [INFO] Sub 154 EC saved to F:\NPI_results\bs_50\reidx\EC_Sub_154.mat
2026-02-03 15:40:25,542 [INFO]  Sub 155 FC correlation: r = 0.8867602044655912, p = 0.0
2026-02-03 15:40:25,543 [INFO] Calculating EC for Sub 155...
2026-02-03 15:40:27,105 [INFO] Sub 155 EC saved to F:\NPI_results\bs_50\reidx\EC_Sub_155.mat
2026-02-03 15:40:27,779 [INFO]  Sub 156 FC correlation: r = 0.7813193672026947, p = 0.0
2026-02-03 15:40:27,780 [INFO] Calculating EC for Sub 156...
2026-02-03 15:40:29,255 [INFO] Sub 156 EC saved to F:\NPI_results\bs_50\reidx\EC_Sub_156.mat
2026-02-03 15:40:29,928 [INFO]  Sub 157 FC correlation: r = 0.8509413216898496, p = 0.0
2026-02-03 15:40:29,929 [INFO] Calculating EC for Sub 157...
2026-02-03 15:40:31,432 [INFO] Sub 157 EC saved to F:\NPI_results\bs_50\reidx\EC_Sub_157.mat
2026-02-03 15:40:32,097 [INFO]  Sub 158 FC correlation: r = 0.8916687881896882, p = 0.0
2026-02-03 15:40:32,098 [INFO] Calculating EC for Sub 158...
2026-02-03 15:40:33,561 [INFO] Sub 158 EC saved to F:\NPI_results\bs_50\reidx\EC_Sub_158.mat
2026-02-03 15:40:34,215 [INFO]  Sub 159 FC correlation: r = 0.7754600008260659, p = 0.0
2026-02-03 15:40:34,215 [INFO] Calculating EC for Sub 159...
2026-02-03 15:40:35,656 [INFO] Sub 159 EC saved to F:\NPI_results\bs_50\reidx\EC_Sub_159.mat
2026-02-03 15:40:36,320 [INFO]  Sub 160 FC correlation: r = 0.8201872330655327, p = 0.0
2026-02-03 15:40:36,321 [INFO] Calculating EC for Sub 160...
2026-02-03 15:40:37,780 [INFO] Sub 160 EC saved to F:\NPI_results\bs_50\reidx\EC_Sub_160.mat
2026-02-03 15:40:38,435 [INFO]  Sub 161 FC correlation: r = 0.9070108030750588, p = 0.0
2026-02-03 15:40:38,436 [INFO] Calculating EC for Sub 161...
2026-02-03 15:40:39,897 [INFO] Sub 161 EC saved to F:\NPI_results\bs_50\reidx\EC_Sub_161.mat
2026-02-03 15:40:40,552 [INFO]  Sub 162 FC correlation: r = 0.8043343160662777, p = 0.0
2026-02-03 15:40:40,552 [INFO] Calculating EC for Sub 162...
2026-02-03 15:40:42,028 [INFO] Sub 162 EC saved to F:\NPI_results\bs_50\reidx\EC_Sub_162.mat
2026-02-03 15:40:42,710 [INFO]  Sub 163 FC correlation: r = 0.8664945971450596, p = 0.0
2026-02-03 15:40:42,711 [INFO] Calculating EC for Sub 163...
2026-02-03 15:40:44,222 [INFO] Sub 163 EC saved to F:\NPI_results\bs_50\reidx\EC_Sub_163.mat
2026-02-03 15:40:44,881 [INFO]  Sub 164 FC correlation: r = 0.8525994270325538, p = 0.0
2026-02-03 15:40:44,883 [INFO] Calculating EC for Sub 164...
2026-02-03 15:40:46,382 [INFO] Sub 164 EC saved to F:\NPI_results\bs_50\reidx\EC_Sub_164.mat
2026-02-03 15:40:47,041 [INFO]  Sub 165 FC correlation: r = 0.8131617942318795, p = 0.0
2026-02-03 15:40:47,041 [INFO] Calculating EC for Sub 165...
2026-02-03 15:40:48,504 [INFO] Sub 165 EC saved to F:\NPI_results\bs_50\reidx\EC_Sub_165.mat
2026-02-03 15:40:49,154 [INFO]  Sub 166 FC correlation: r = 0.8826044666919405, p = 0.0
2026-02-03 15:40:49,155 [INFO] Calculating EC for Sub 166...
2026-02-03 15:40:50,639 [INFO] Sub 166 EC saved to F:\NPI_results\bs_50\reidx\EC_Sub_166.mat
2026-02-03 15:40:51,290 [INFO]  Sub 167 FC correlation: r = 0.6761145987932485, p = 0.0
2026-02-03 15:40:51,291 [INFO] Calculating EC for Sub 167...
2026-02-03 15:40:52,746 [INFO] Sub 167 EC saved to F:\NPI_results\bs_50\reidx\EC_Sub_167.mat
2026-02-03 15:40:53,405 [INFO]  Sub 168 FC correlation: r = 0.8869216569508376, p = 0.0
2026-02-03 15:40:53,406 [INFO] Calculating EC for Sub 168...
2026-02-03 15:40:54,886 [INFO] Sub 168 EC saved to F:\NPI_results\bs_50\reidx\EC_Sub_168.mat
2026-02-03 15:40:55,531 [INFO]  Sub 169 FC correlation: r = 0.8431160724715576, p = 0.0
2026-02-03 15:40:55,532 [INFO] Calculating EC for Sub 169...
2026-02-03 15:40:57,040 [INFO] Sub 169 EC saved to F:\NPI_results\bs_50\reidx\EC_Sub_169.mat
2026-02-03 15:40:57,697 [INFO]  Sub 170 FC correlation: r = 0.7797988369773488, p = 0.0
2026-02-03 15:40:57,698 [INFO] Calculating EC for Sub 170...
2026-02-03 15:40:59,170 [INFO] Sub 170 EC saved to F:\NPI_results\bs_50\reidx\EC_Sub_170.mat
2026-02-03 15:40:59,820 [INFO]  Sub 171 FC correlation: r = 0.8605839312438, p = 0.0
2026-02-03 15:40:59,821 [INFO] Calculating EC for Sub 171...
2026-02-03 15:41:01,264 [INFO] Sub 171 EC saved to F:\NPI_results\bs_50\reidx\EC_Sub_171.mat
2026-02-03 15:41:01,920 [INFO]  Sub 172 FC correlation: r = 0.8174490465656591, p = 0.0
2026-02-03 15:41:01,921 [INFO] Calculating EC for Sub 172...
2026-02-03 15:41:03,401 [INFO] Sub 172 EC saved to F:\NPI_results\bs_50\reidx\EC_Sub_172.mat
2026-02-03 15:41:04,055 [INFO]  Sub 173 FC correlation: r = 0.849847916726748, p = 0.0
2026-02-03 15:41:04,056 [INFO] Calculating EC for Sub 173...
2026-02-03 15:41:05,541 [INFO] Sub 173 EC saved to F:\NPI_results\bs_50\reidx\EC_Sub_173.mat
2026-02-03 15:41:06,199 [INFO]  Sub 174 FC correlation: r = 0.8720776910099614, p = 0.0
2026-02-03 15:41:06,200 [INFO] Calculating EC for Sub 174...
2026-02-03 15:41:07,703 [INFO] Sub 174 EC saved to F:\NPI_results\bs_50\reidx\EC_Sub_174.mat
2026-02-03 15:41:08,352 [INFO]  Sub 175 FC correlation: r = 0.7752408512350126, p = 0.0
2026-02-03 15:41:08,353 [INFO] Calculating EC for Sub 175...
2026-02-03 15:41:09,827 [INFO] Sub 175 EC saved to F:\NPI_results\bs_50\reidx\EC_Sub_175.mat
2026-02-03 15:41:10,467 [INFO]  Sub 176 FC correlation: r = 0.8524780943261, p = 0.0
2026-02-03 15:41:10,468 [INFO] Calculating EC for Sub 176...
2026-02-03 15:41:11,969 [INFO] Sub 176 EC saved to F:\NPI_results\bs_50\reidx\EC_Sub_176.mat
2026-02-03 15:41:12,629 [INFO]  Sub 177 FC correlation: r = 0.8420330097172815, p = 0.0
2026-02-03 15:41:12,630 [INFO] Calculating EC for Sub 177...
2026-02-03 15:41:14,081 [INFO] Sub 177 EC saved to F:\NPI_results\bs_50\reidx\EC_Sub_177.mat
2026-02-03 15:41:14,088 [INFO] 
统计结果已保存至: F:\NPI_results\bs_50\reidx\NPI_Statistics_Summary_177_20260203_154114.csv
2026-02-03 15:43:05,059 [INFO] --- 筛选完成 ---
2026-02-03 15:43:05,060 [INFO] 筛除人数: 7
2026-02-03 15:43:05,061 [INFO] 筛除 ID 列表: [14, 20, 33, 36, 61, 62, 130]
2026-02-03 15:43:05,062 [INFO] 保留人数: 170
2026-02-03 16:48:12,347 [INFO] 有效被试总数: 170
2026-02-03 16:48:12,348 [INFO] EOS 有效人数: 81 / 86
2026-02-03 16:48:12,349 [INFO] TD  有效人数: 89 / 91
2026-02-03 16:48:12,350 [INFO] 缺失文件: Sub 1
2026-02-03 16:48:12,352 [INFO] 缺失文件: Sub 4
2026-02-03 16:48:12,357 [INFO] 缺失文件: Sub 22
2026-02-03 16:48:12,361 [INFO] 缺失文件: Sub 35
2026-02-03 16:48:12,363 [INFO] 缺失文件: Sub 38
2026-02-03 16:48:12,376 [INFO] 缺失文件: Sub 79
2026-02-03 16:48:12,379 [INFO] 成功保存 EOS 组平均矩阵，包含 75 人。
2026-02-03 16:48:12,384 [INFO] 缺失文件: Sub 101
2026-02-03 16:48:12,393 [INFO] 缺失文件: Sub 132
2026-02-03 16:48:12,408 [INFO] 成功保存 TD 组平均矩阵，包含 87 人。
2026-02-03 16:48:12,409 [INFO] 差异矩阵 (EOS - TD) 已生成。
2026-02-03 21:30:36,251 [INFO] --- 筛选完成 ---
2026-02-03 21:30:36,252 [INFO] 筛除人数: 7
2026-02-03 21:30:36,253 [INFO] 筛除 ID 列表: [3, 21, 34, 37, 78, 100, 131]
2026-02-03 21:30:36,254 [INFO] 保留人数: 170
2026-02-03 21:35:11,946 [INFO] ss
2026-02-03 21:35:41,716 [INFO] ss
2026-02-03 21:39:24,305 [INFO] start
2026-02-03 21:39:52,250 [INFO] --- 筛选完成 ---
2026-02-03 21:39:52,251 [INFO] 筛除人数: 7
2026-02-03 21:39:52,251 [INFO] 筛除 ID 列表: [3, 21, 34, 37, 78, 100, 131]
2026-02-03 21:39:52,252 [INFO] 保留人数: 170
2026-02-03 21:40:06,786 [INFO] sub_2's net_EC done! 
2026-02-03 21:40:06,792 [INFO] sub_3's net_EC done! 
2026-02-03 21:40:06,799 [INFO] sub_5's net_EC done! 
2026-02-03 21:40:06,807 [INFO] sub_6's net_EC done! 
2026-02-03 21:40:06,814 [INFO] sub_7's net_EC done! 
2026-02-03 21:40:06,822 [INFO] sub_8's net_EC done! 
2026-02-03 21:40:06,829 [INFO] sub_9's net_EC done! 
2026-02-03 21:40:06,836 [INFO] sub_10's net_EC done! 
2026-02-03 21:40:06,844 [INFO] sub_11's net_EC done! 
2026-02-03 21:40:06,852 [INFO] sub_12's net_EC done! 
2026-02-03 21:40:06,859 [INFO] sub_13's net_EC done! 
2026-02-03 21:40:06,866 [INFO] sub_14's net_EC done! 
2026-02-03 21:40:06,874 [INFO] sub_15's net_EC done! 
2026-02-03 21:40:06,881 [INFO] sub_16's net_EC done! 
2026-02-03 21:40:06,889 [INFO] sub_17's net_EC done! 
2026-02-03 21:40:06,896 [INFO] sub_18's net_EC done! 
2026-02-03 21:40:06,903 [INFO] sub_19's net_EC done! 
2026-02-03 21:40:06,910 [INFO] sub_20's net_EC done! 
2026-02-03 21:40:06,917 [INFO] sub_21's net_EC done! 
2026-02-03 21:40:06,924 [INFO] sub_23's net_EC done! 
2026-02-03 21:40:06,931 [INFO] sub_24's net_EC done! 
2026-02-03 21:40:06,939 [INFO] sub_25's net_EC done! 
2026-02-03 21:40:06,947 [INFO] sub_26's net_EC done! 
2026-02-03 21:40:06,954 [INFO] sub_27's net_EC done! 
2026-02-03 21:40:06,963 [INFO] sub_28's net_EC done! 
2026-02-03 21:40:06,970 [INFO] sub_29's net_EC done! 
2026-02-03 21:40:06,978 [INFO] sub_30's net_EC done! 
2026-02-03 21:40:06,985 [INFO] sub_31's net_EC done! 
2026-02-03 21:40:06,992 [INFO] sub_32's net_EC done! 
2026-02-03 21:40:06,998 [INFO] sub_33's net_EC done! 
2026-02-03 21:40:07,006 [INFO] sub_34's net_EC done! 
2026-02-03 21:40:07,012 [INFO] sub_36's net_EC done! 
2026-02-03 21:40:07,019 [INFO] sub_39's net_EC done! 
2026-02-03 21:40:07,026 [INFO] sub_40's net_EC done! 
2026-02-03 21:40:07,032 [INFO] sub_41's net_EC done! 
2026-02-03 21:40:07,040 [INFO] sub_42's net_EC done! 
2026-02-03 21:40:07,047 [INFO] sub_43's net_EC done! 
2026-02-03 21:40:07,053 [INFO] sub_44's net_EC done! 
2026-02-03 21:40:07,060 [INFO] sub_45's net_EC done! 
2026-02-03 21:40:07,067 [INFO] sub_46's net_EC done! 
2026-02-03 21:40:07,073 [INFO] sub_47's net_EC done! 
2026-02-03 21:40:07,079 [INFO] sub_48's net_EC done! 
2026-02-03 21:40:07,086 [INFO] sub_49's net_EC done! 
2026-02-03 21:40:07,093 [INFO] sub_50's net_EC done! 
2026-02-03 21:40:07,100 [INFO] sub_51's net_EC done! 
2026-02-03 21:40:07,106 [INFO] sub_52's net_EC done! 
2026-02-03 21:40:07,113 [INFO] sub_53's net_EC done! 
2026-02-03 21:40:07,120 [INFO] sub_54's net_EC done! 
2026-02-03 21:40:07,126 [INFO] sub_55's net_EC done! 
2026-02-03 21:40:07,132 [INFO] sub_56's net_EC done! 
2026-02-03 21:40:07,139 [INFO] sub_57's net_EC done! 
2026-02-03 21:40:07,146 [INFO] sub_58's net_EC done! 
2026-02-03 21:40:07,152 [INFO] sub_59's net_EC done! 
2026-02-03 21:40:07,159 [INFO] sub_60's net_EC done! 
2026-02-03 21:40:07,165 [INFO] sub_61's net_EC done! 
2026-02-03 21:40:07,172 [INFO] sub_62's net_EC done! 
2026-02-03 21:40:07,179 [INFO] sub_63's net_EC done! 
2026-02-03 21:40:07,185 [INFO] sub_64's net_EC done! 
2026-02-03 21:40:07,191 [INFO] sub_65's net_EC done! 
2026-02-03 21:40:07,198 [INFO] sub_66's net_EC done! 
2026-02-03 21:40:07,204 [INFO] sub_67's net_EC done! 
2026-02-03 21:40:07,211 [INFO] sub_68's net_EC done! 
2026-02-03 21:40:07,217 [INFO] sub_69's net_EC done! 
2026-02-03 21:40:07,224 [INFO] sub_70's net_EC done! 
2026-02-03 21:40:07,231 [INFO] sub_71's net_EC done! 
2026-02-03 21:40:07,238 [INFO] sub_72's net_EC done! 
2026-02-03 21:40:07,245 [INFO] sub_73's net_EC done! 
2026-02-03 21:40:07,252 [INFO] sub_74's net_EC done! 
2026-02-03 21:40:07,259 [INFO] sub_75's net_EC done! 
2026-02-03 21:40:07,266 [INFO] sub_76's net_EC done! 
2026-02-03 21:40:07,273 [INFO] sub_77's net_EC done! 
2026-02-03 21:40:07,280 [INFO] sub_78's net_EC done! 
2026-02-03 21:40:07,286 [INFO] sub_80's net_EC done! 
2026-02-03 21:40:07,293 [INFO] sub_81's net_EC done! 
2026-02-03 21:40:07,300 [INFO] sub_82's net_EC done! 
2026-02-03 21:40:07,307 [INFO] sub_83's net_EC done! 
2026-02-03 21:40:07,313 [INFO] sub_84's net_EC done! 
2026-02-03 21:40:07,320 [INFO] sub_85's net_EC done! 
2026-02-03 21:40:07,326 [INFO] sub_86's net_EC done! 
2026-02-03 21:40:07,333 [INFO] sub_87's net_EC done! 
2026-02-03 21:40:07,340 [INFO] sub_88's net_EC done! 
2026-02-03 21:40:07,347 [INFO] sub_89's net_EC done! 
2026-02-03 21:40:07,355 [INFO] sub_90's net_EC done! 
2026-02-03 21:40:07,362 [INFO] sub_91's net_EC done! 
2026-02-03 21:40:07,368 [INFO] sub_92's net_EC done! 
2026-02-03 21:40:07,375 [INFO] sub_93's net_EC done! 
2026-02-03 21:40:07,382 [INFO] sub_94's net_EC done! 
2026-02-03 21:40:07,389 [INFO] sub_95's net_EC done! 
2026-02-03 21:40:07,395 [INFO] sub_96's net_EC done! 
2026-02-03 21:40:07,402 [INFO] sub_97's net_EC done! 
2026-02-03 21:40:07,408 [INFO] sub_98's net_EC done! 
2026-02-03 21:40:07,415 [INFO] sub_99's net_EC done! 
2026-02-03 21:40:07,421 [INFO] sub_100's net_EC done! 
2026-02-03 21:40:07,428 [INFO] sub_102's net_EC done! 
2026-02-03 21:40:07,435 [INFO] sub_103's net_EC done! 
2026-02-03 21:40:07,441 [INFO] sub_104's net_EC done! 
2026-02-03 21:40:07,448 [INFO] sub_105's net_EC done! 
2026-02-03 21:40:07,454 [INFO] sub_106's net_EC done! 
2026-02-03 21:40:07,462 [INFO] sub_107's net_EC done! 
2026-02-03 21:40:07,469 [INFO] sub_108's net_EC done! 
2026-02-03 21:40:07,478 [INFO] sub_109's net_EC done! 
2026-02-03 21:40:07,485 [INFO] sub_110's net_EC done! 
2026-02-03 21:40:07,493 [INFO] sub_111's net_EC done! 
2026-02-03 21:40:07,502 [INFO] sub_112's net_EC done! 
2026-02-03 21:40:07,510 [INFO] sub_113's net_EC done! 
2026-02-03 21:40:07,517 [INFO] sub_114's net_EC done! 
2026-02-03 21:40:07,524 [INFO] sub_115's net_EC done! 
2026-02-03 21:40:07,531 [INFO] sub_116's net_EC done! 
2026-02-03 21:40:07,537 [INFO] sub_117's net_EC done! 
2026-02-03 21:40:07,545 [INFO] sub_118's net_EC done! 
2026-02-03 21:40:07,551 [INFO] sub_119's net_EC done! 
2026-02-03 21:40:07,558 [INFO] sub_120's net_EC done! 
2026-02-03 21:40:07,565 [INFO] sub_121's net_EC done! 
2026-02-03 21:40:07,571 [INFO] sub_122's net_EC done! 
2026-02-03 21:40:07,578 [INFO] sub_123's net_EC done! 
2026-02-03 21:40:07,585 [INFO] sub_124's net_EC done! 
2026-02-03 21:40:07,591 [INFO] sub_125's net_EC done! 
2026-02-03 21:40:07,598 [INFO] sub_126's net_EC done! 
2026-02-03 21:40:07,605 [INFO] sub_127's net_EC done! 
2026-02-03 21:40:07,613 [INFO] sub_128's net_EC done! 
2026-02-03 21:40:07,619 [INFO] sub_129's net_EC done! 
2026-02-03 21:40:07,625 [INFO] sub_130's net_EC done! 
2026-02-03 21:40:07,632 [INFO] sub_131's net_EC done! 
2026-02-03 21:40:07,639 [INFO] sub_133's net_EC done! 
2026-02-03 21:40:07,646 [INFO] sub_134's net_EC done! 
2026-02-03 21:40:07,653 [INFO] sub_135's net_EC done! 
2026-02-03 21:40:07,660 [INFO] sub_136's net_EC done! 
2026-02-03 21:40:07,667 [INFO] sub_137's net_EC done! 
2026-02-03 21:40:07,674 [INFO] sub_138's net_EC done! 
2026-02-03 21:40:07,680 [INFO] sub_139's net_EC done! 
2026-02-03 21:40:07,687 [INFO] sub_140's net_EC done! 
2026-02-03 21:40:07,693 [INFO] sub_141's net_EC done! 
2026-02-03 21:40:07,700 [INFO] sub_142's net_EC done! 
2026-02-03 21:40:07,707 [INFO] sub_143's net_EC done! 
2026-02-03 21:40:07,714 [INFO] sub_144's net_EC done! 
2026-02-03 21:40:07,721 [INFO] sub_145's net_EC done! 
2026-02-03 21:40:07,729 [INFO] sub_146's net_EC done! 
2026-02-03 21:40:07,735 [INFO] sub_147's net_EC done! 
2026-02-03 21:40:07,742 [INFO] sub_148's net_EC done! 
2026-02-03 21:40:07,749 [INFO] sub_149's net_EC done! 
2026-02-03 21:40:07,755 [INFO] sub_150's net_EC done! 
2026-02-03 21:40:07,762 [INFO] sub_151's net_EC done! 
2026-02-03 21:40:07,769 [INFO] sub_152's net_EC done! 
2026-02-03 21:40:07,776 [INFO] sub_153's net_EC done! 
2026-02-03 21:40:07,783 [INFO] sub_154's net_EC done! 
2026-02-03 21:40:07,790 [INFO] sub_155's net_EC done! 
2026-02-03 21:40:07,797 [INFO] sub_156's net_EC done! 
2026-02-03 21:40:07,804 [INFO] sub_157's net_EC done! 
2026-02-03 21:40:07,811 [INFO] sub_158's net_EC done! 
2026-02-03 21:40:07,818 [INFO] sub_159's net_EC done! 
2026-02-03 21:40:07,826 [INFO] sub_160's net_EC done! 
2026-02-03 21:40:07,834 [INFO] sub_161's net_EC done! 
2026-02-03 21:40:07,842 [INFO] sub_162's net_EC done! 
2026-02-03 21:40:07,849 [INFO] sub_163's net_EC done! 
2026-02-03 21:40:07,857 [INFO] sub_164's net_EC done! 
2026-02-03 21:40:07,865 [INFO] sub_165's net_EC done! 
2026-02-03 21:40:07,873 [INFO] sub_166's net_EC done! 
2026-02-03 21:40:07,879 [INFO] sub_167's net_EC done! 
2026-02-03 21:40:07,886 [INFO] sub_168's net_EC done! 
2026-02-03 21:40:07,893 [INFO] sub_169's net_EC done! 
2026-02-03 21:40:07,899 [INFO] sub_170's net_EC done! 
2026-02-03 21:40:07,907 [INFO] sub_171's net_EC done! 
2026-02-03 21:40:07,913 [INFO] sub_172's net_EC done! 
2026-02-03 21:40:07,919 [INFO] sub_173's net_EC done! 
2026-02-03 21:40:07,926 [INFO] sub_174's net_EC done! 
2026-02-03 21:40:07,933 [INFO] sub_175's net_EC done! 
2026-02-03 21:40:07,940 [INFO] sub_176's net_EC done! 
2026-02-03 21:40:07,947 [INFO] sub_177's net_EC done! 
2026-02-03 21:43:46,573 [INFO] sub_1's net_EC done! 
2026-02-03 21:43:46,582 [INFO] sub_2's net_EC done! 
2026-02-03 21:43:46,591 [INFO] sub_4's net_EC done! 
2026-02-03 21:43:46,599 [INFO] sub_5's net_EC done! 
2026-02-03 21:43:46,607 [INFO] sub_6's net_EC done! 
2026-02-03 21:43:46,615 [INFO] sub_7's net_EC done! 
2026-02-03 21:43:46,624 [INFO] sub_8's net_EC done! 
2026-02-03 21:43:46,632 [INFO] sub_9's net_EC done! 
2026-02-03 21:43:46,640 [INFO] sub_10's net_EC done! 
2026-02-03 21:43:46,649 [INFO] sub_11's net_EC done! 
2026-02-03 21:43:46,657 [INFO] sub_12's net_EC done! 
2026-02-03 21:43:46,666 [INFO] sub_13's net_EC done! 
2026-02-03 21:43:46,675 [INFO] sub_14's net_EC done! 
2026-02-03 21:43:46,684 [INFO] sub_15's net_EC done! 
2026-02-03 21:44:59,035 [INFO] start
2026-02-03 21:46:02,788 [INFO] 有效被试总数: 170
2026-02-03 21:48:48,108 [INFO] --- 筛选完成 ---
2026-02-03 21:48:48,109 [INFO] 筛除人数: 7
2026-02-03 21:48:48,110 [INFO] 筛除 ID 列表: [3, 21, 34, 37, 78, 100, 131]
2026-02-03 21:48:48,111 [INFO] 保留人数: 170
2026-02-03 21:48:51,844 [INFO] 有效被试总数: 170
2026-02-03 21:48:51,852 [INFO] sub_1's net_EC done! 
2026-02-03 21:48:51,859 [INFO] sub_2's net_EC done! 
2026-02-03 21:48:51,866 [INFO] sub_4's net_EC done! 
2026-02-03 21:48:51,872 [INFO] sub_5's net_EC done! 
2026-02-03 21:48:51,879 [INFO] sub_6's net_EC done! 
2026-02-03 21:48:51,885 [INFO] sub_7's net_EC done! 
2026-02-03 21:48:51,892 [INFO] sub_8's net_EC done! 
2026-02-03 21:48:51,898 [INFO] sub_9's net_EC done! 
2026-02-03 21:48:51,904 [INFO] sub_10's net_EC done! 
2026-02-03 21:48:51,911 [INFO] sub_11's net_EC done! 
2026-02-03 21:48:51,918 [INFO] sub_12's net_EC done! 
2026-02-03 21:48:51,924 [INFO] sub_13's net_EC done! 
2026-02-03 21:48:51,931 [INFO] sub_14's net_EC done! 
2026-02-03 21:48:51,937 [INFO] sub_15's net_EC done! 
2026-02-03 21:48:51,946 [INFO] sub_16's net_EC done! 
2026-02-03 21:48:51,954 [INFO] sub_17's net_EC done! 
2026-02-03 21:48:51,963 [INFO] sub_18's net_EC done! 
2026-02-03 21:48:51,970 [INFO] sub_19's net_EC done! 
2026-02-03 21:48:51,979 [INFO] sub_20's net_EC done! 
2026-02-03 21:48:51,987 [INFO] sub_22's net_EC done! 
2026-02-03 21:48:51,996 [INFO] sub_23's net_EC done! 
2026-02-03 21:48:52,004 [INFO] sub_24's net_EC done! 
2026-02-03 21:48:52,012 [INFO] sub_25's net_EC done! 
2026-02-03 21:48:52,021 [INFO] sub_26's net_EC done! 
2026-02-03 21:48:52,028 [INFO] sub_27's net_EC done! 
2026-02-03 21:48:52,038 [INFO] sub_28's net_EC done! 
2026-02-03 21:48:52,046 [INFO] sub_29's net_EC done! 
2026-02-03 21:48:52,054 [INFO] sub_30's net_EC done! 
2026-02-03 21:48:52,063 [INFO] sub_31's net_EC done! 
2026-02-03 21:48:52,072 [INFO] sub_32's net_EC done! 
2026-02-03 21:48:52,080 [INFO] sub_33's net_EC done! 
2026-02-03 21:48:52,089 [INFO] sub_35's net_EC done! 
2026-02-03 21:48:52,097 [INFO] sub_36's net_EC done! 
2026-02-03 21:48:52,106 [INFO] sub_38's net_EC done! 
2026-02-03 21:48:52,116 [INFO] sub_39's net_EC done! 
2026-02-03 21:48:52,124 [INFO] sub_40's net_EC done! 
2026-02-03 21:48:52,133 [INFO] sub_41's net_EC done! 
2026-02-03 21:48:52,142 [INFO] sub_42's net_EC done! 
2026-02-03 21:48:52,149 [INFO] sub_43's net_EC done! 
2026-02-03 21:48:52,158 [INFO] sub_44's net_EC done! 
2026-02-03 21:48:52,167 [INFO] sub_45's net_EC done! 
2026-02-03 21:48:52,176 [INFO] sub_46's net_EC done! 
2026-02-03 21:48:52,184 [INFO] sub_47's net_EC done! 
2026-02-03 21:48:52,193 [INFO] sub_48's net_EC done! 
2026-02-03 21:48:52,201 [INFO] sub_49's net_EC done! 
2026-02-03 21:48:52,210 [INFO] sub_50's net_EC done! 
2026-02-03 21:48:52,219 [INFO] sub_51's net_EC done! 
2026-02-03 21:48:52,227 [INFO] sub_52's net_EC done! 
2026-02-03 21:48:52,236 [INFO] sub_53's net_EC done! 
2026-02-03 21:48:52,245 [INFO] sub_54's net_EC done! 
2026-02-03 21:48:52,253 [INFO] sub_55's net_EC done! 
2026-02-03 21:48:52,263 [INFO] sub_56's net_EC done! 
2026-02-03 21:48:52,272 [INFO] sub_57's net_EC done! 
2026-02-03 21:48:52,281 [INFO] sub_58's net_EC done! 
2026-02-03 21:48:52,289 [INFO] sub_59's net_EC done! 
2026-02-03 21:48:52,314 [INFO] sub_60's net_EC done! 
2026-02-03 21:48:52,344 [INFO] sub_61's net_EC done! 
2026-02-03 21:48:52,369 [INFO] sub_62's net_EC done! 
2026-02-03 21:48:52,380 [INFO] sub_63's net_EC done! 
2026-02-03 21:48:52,394 [INFO] sub_64's net_EC done! 
2026-02-03 21:48:52,404 [INFO] sub_65's net_EC done! 
2026-02-03 21:48:52,413 [INFO] sub_66's net_EC done! 
2026-02-03 21:48:52,435 [INFO] sub_67's net_EC done! 
2026-02-03 21:48:52,443 [INFO] sub_68's net_EC done! 
2026-02-03 21:48:52,454 [INFO] sub_69's net_EC done! 
2026-02-03 21:48:52,461 [INFO] sub_70's net_EC done! 
2026-02-03 21:48:52,493 [INFO] sub_71's net_EC done! 
2026-02-03 21:48:52,508 [INFO] sub_72's net_EC done! 
2026-02-03 21:48:52,526 [INFO] sub_73's net_EC done! 
2026-02-03 21:48:52,535 [INFO] sub_74's net_EC done! 
2026-02-03 21:48:52,552 [INFO] sub_75's net_EC done! 
2026-02-03 21:48:52,561 [INFO] sub_76's net_EC done! 
2026-02-03 21:48:52,570 [INFO] sub_77's net_EC done! 
2026-02-03 21:48:52,585 [INFO] sub_79's net_EC done! 
2026-02-03 21:48:52,593 [INFO] sub_80's net_EC done! 
2026-02-03 21:48:52,604 [INFO] sub_81's net_EC done! 
2026-02-03 21:48:52,614 [INFO] sub_82's net_EC done! 
2026-02-03 21:48:52,627 [INFO] sub_83's net_EC done! 
2026-02-03 21:48:52,643 [INFO] sub_84's net_EC done! 
2026-02-03 21:48:52,650 [INFO] sub_85's net_EC done! 
2026-02-03 21:48:52,659 [INFO] sub_86's net_EC done! 
2026-02-03 21:48:52,666 [INFO] sub_87's net_EC done! 
2026-02-03 21:48:52,675 [INFO] sub_88's net_EC done! 
2026-02-03 21:48:52,684 [INFO] sub_89's net_EC done! 
2026-02-03 21:48:52,692 [INFO] sub_90's net_EC done! 
2026-02-03 21:48:52,700 [INFO] sub_91's net_EC done! 
2026-02-03 21:48:52,708 [INFO] sub_92's net_EC done! 
2026-02-03 21:48:52,717 [INFO] sub_93's net_EC done! 
2026-02-03 21:48:52,725 [INFO] sub_94's net_EC done! 
2026-02-03 21:48:52,734 [INFO] sub_95's net_EC done! 
2026-02-03 21:48:52,742 [INFO] sub_96's net_EC done! 
2026-02-03 21:48:52,751 [INFO] sub_97's net_EC done! 
2026-02-03 21:48:52,759 [INFO] sub_98's net_EC done! 
2026-02-03 21:48:52,767 [INFO] sub_99's net_EC done! 
2026-02-03 21:48:52,776 [INFO] sub_101's net_EC done! 
2026-02-03 21:48:52,784 [INFO] sub_102's net_EC done! 
2026-02-03 21:48:52,793 [INFO] sub_103's net_EC done! 
2026-02-03 21:48:52,801 [INFO] sub_104's net_EC done! 
2026-02-03 21:48:52,810 [INFO] sub_105's net_EC done! 
2026-02-03 21:48:52,818 [INFO] sub_106's net_EC done! 
2026-02-03 21:48:52,826 [INFO] sub_107's net_EC done! 
2026-02-03 21:48:52,835 [INFO] sub_108's net_EC done! 
2026-02-03 21:48:52,844 [INFO] sub_109's net_EC done! 
2026-02-03 21:48:52,852 [INFO] sub_110's net_EC done! 
2026-02-03 21:48:52,861 [INFO] sub_111's net_EC done! 
2026-02-03 21:48:52,869 [INFO] sub_112's net_EC done! 
2026-02-03 21:48:52,877 [INFO] sub_113's net_EC done! 
2026-02-03 21:48:52,886 [INFO] sub_114's net_EC done! 
2026-02-03 21:48:52,897 [INFO] sub_115's net_EC done! 
2026-02-03 21:48:52,906 [INFO] sub_116's net_EC done! 
2026-02-03 21:48:52,915 [INFO] sub_117's net_EC done! 
2026-02-03 21:48:52,924 [INFO] sub_118's net_EC done! 
2026-02-03 21:48:52,934 [INFO] sub_119's net_EC done! 
2026-02-03 21:48:52,942 [INFO] sub_120's net_EC done! 
2026-02-03 21:48:52,951 [INFO] sub_121's net_EC done! 
2026-02-03 21:48:52,960 [INFO] sub_122's net_EC done! 
2026-02-03 21:48:52,969 [INFO] sub_123's net_EC done! 
2026-02-03 21:48:52,989 [INFO] sub_124's net_EC done! 
2026-02-03 21:48:52,998 [INFO] sub_125's net_EC done! 
2026-02-03 21:48:53,006 [INFO] sub_126's net_EC done! 
2026-02-03 21:48:53,015 [INFO] sub_127's net_EC done! 
2026-02-03 21:48:53,023 [INFO] sub_128's net_EC done! 
2026-02-03 21:48:53,032 [INFO] sub_129's net_EC done! 
2026-02-03 21:48:53,039 [INFO] sub_130's net_EC done! 
2026-02-03 21:48:53,048 [INFO] sub_132's net_EC done! 
2026-02-03 21:48:53,057 [INFO] sub_133's net_EC done! 
2026-02-03 21:48:53,065 [INFO] sub_134's net_EC done! 
2026-02-03 21:48:53,074 [INFO] sub_135's net_EC done! 
2026-02-03 21:48:53,083 [INFO] sub_136's net_EC done! 
2026-02-03 21:48:53,091 [INFO] sub_137's net_EC done! 
2026-02-03 21:48:53,100 [INFO] sub_138's net_EC done! 
2026-02-03 21:48:53,108 [INFO] sub_139's net_EC done! 
2026-02-03 21:48:53,116 [INFO] sub_140's net_EC done! 
2026-02-03 21:48:53,125 [INFO] sub_141's net_EC done! 
2026-02-03 21:48:53,144 [INFO] sub_142's net_EC done! 
2026-02-03 21:48:53,152 [INFO] sub_143's net_EC done! 
2026-02-03 21:48:53,161 [INFO] sub_144's net_EC done! 
2026-02-03 21:48:53,170 [INFO] sub_145's net_EC done! 
2026-02-03 21:48:53,188 [INFO] sub_146's net_EC done! 
2026-02-03 21:48:53,197 [INFO] sub_147's net_EC done! 
2026-02-03 21:48:53,205 [INFO] sub_148's net_EC done! 
2026-02-03 21:48:53,213 [INFO] sub_149's net_EC done! 
2026-02-03 21:48:53,222 [INFO] sub_150's net_EC done! 
2026-02-03 21:48:53,231 [INFO] sub_151's net_EC done! 
2026-02-03 21:48:53,239 [INFO] sub_152's net_EC done! 
2026-02-03 21:48:53,258 [INFO] sub_153's net_EC done! 
2026-02-03 21:48:53,269 [INFO] sub_154's net_EC done! 
2026-02-03 21:48:53,277 [INFO] sub_155's net_EC done! 
2026-02-03 21:48:53,286 [INFO] sub_156's net_EC done! 
2026-02-03 21:48:53,295 [INFO] sub_157's net_EC done! 
2026-02-03 21:48:53,309 [INFO] sub_158's net_EC done! 
2026-02-03 21:48:53,317 [INFO] sub_159's net_EC done! 
2026-02-03 21:48:53,325 [INFO] sub_160's net_EC done! 
2026-02-03 21:48:53,334 [INFO] sub_161's net_EC done! 
2026-02-03 21:48:53,351 [INFO] sub_162's net_EC done! 
2026-02-03 21:48:53,360 [INFO] sub_163's net_EC done! 
2026-02-03 21:48:53,369 [INFO] sub_164's net_EC done! 
2026-02-03 21:48:53,385 [INFO] sub_165's net_EC done! 
2026-02-03 21:48:53,394 [INFO] sub_166's net_EC done! 
2026-02-03 21:48:53,403 [INFO] sub_167's net_EC done! 
2026-02-03 21:48:53,412 [INFO] sub_168's net_EC done! 
2026-02-03 21:48:53,420 [INFO] sub_169's net_EC done! 
2026-02-03 21:48:53,430 [INFO] sub_170's net_EC done! 
2026-02-03 21:48:53,439 [INFO] sub_171's net_EC done! 
2026-02-03 21:48:53,448 [INFO] sub_172's net_EC done! 
2026-02-03 21:48:53,457 [INFO] sub_173's net_EC done! 
2026-02-03 21:48:53,466 [INFO] sub_174's net_EC done! 
2026-02-03 21:48:53,474 [INFO] sub_175's net_EC done! 
2026-02-03 21:48:53,483 [INFO] sub_176's net_EC done! 
2026-02-03 21:48:53,491 [INFO] sub_177's net_EC done! 
2026-02-03 21:49:06,403 [INFO] 有效被试总数: 170
2026-02-03 21:49:06,404 [INFO] EOS 有效人数: 81 / 86
2026-02-03 21:49:06,404 [INFO] TD  有效人数: 89 / 91
2026-02-03 21:49:06,429 [INFO] 成功保存 EOS 组平均矩阵，包含 81 人。
2026-02-03 21:49:06,455 [INFO] 成功保存 TD 组平均矩阵，包含 89 人。
2026-02-03 21:49:06,456 [INFO] 差异矩阵 (EOS - TD) 已生成。
2026-02-05 20:35:24,363 [INFO] start
2026-02-05 20:47:58,210 [INFO] ID 分组信息已保存至: F:\NPI_results\bs_50\reidx\subject_split_info.json
2026-02-05 20:47:58,211 [INFO] --- 筛选完成 ---
2026-02-05 20:47:58,212 [INFO] 筛除人数: 0
2026-02-05 20:47:58,214 [INFO] 筛除 ID 列表: []
2026-02-05 20:47:58,214 [INFO] 保留人数: 177
2026-02-05 20:49:04,327 [INFO] ID 分组信息已保存至: F:\NPI_results\bs_50\reidx\subject_split_info.json
2026-02-05 20:49:04,328 [INFO] --- 筛选完成 ---
2026-02-05 20:49:04,329 [INFO] 筛除人数: 1
2026-02-05 20:49:04,331 [INFO] 筛除 ID 列表: [37]
2026-02-05 20:49:04,332 [INFO] 保留人数: 176
2026-02-05 20:49:42,820 [INFO] ID 分组信息已保存至: F:\NPI_results\bs_50\reidx\subject_split_info.json
2026-02-05 20:49:42,821 [INFO] --- 筛选完成 ---
2026-02-05 20:49:42,822 [INFO] 筛除人数: 1
2026-02-05 20:49:42,823 [INFO] 筛除 ID 列表: [37]
2026-02-05 20:49:42,824 [INFO] 保留人数: 176
2026-02-05 21:10:36,229 [INFO] 有效被试总数: 176
2026-02-05 21:10:36,241 [INFO] sub_1's net_EC done! 
2026-02-05 21:10:36,249 [INFO] sub_2's net_EC done! 
2026-02-05 21:10:36,258 [INFO] sub_3's net_EC done! 
2026-02-05 21:10:36,264 [INFO] sub_4's net_EC done! 
2026-02-05 21:10:36,271 [INFO] sub_5's net_EC done! 
2026-02-05 21:10:36,277 [INFO] sub_6's net_EC done! 
2026-02-05 21:10:36,283 [INFO] sub_7's net_EC done! 
2026-02-05 21:10:36,289 [INFO] sub_8's net_EC done! 
2026-02-05 21:10:36,295 [INFO] sub_9's net_EC done! 
2026-02-05 21:10:36,302 [INFO] sub_10's net_EC done! 
2026-02-05 21:10:36,308 [INFO] sub_11's net_EC done! 
2026-02-05 21:10:36,314 [INFO] sub_12's net_EC done! 
2026-02-05 21:10:36,320 [INFO] sub_13's net_EC done! 
2026-02-05 21:10:36,326 [INFO] sub_14's net_EC done! 
2026-02-05 21:10:36,333 [INFO] sub_15's net_EC done! 
2026-02-05 21:10:36,339 [INFO] sub_16's net_EC done! 
2026-02-05 21:10:59,854 [INFO] start
2026-02-05 21:11:01,871 [INFO] ID 分组信息已保存至: F:\NPI_results\bs_50\reidx\subject_split_info.json
2026-02-05 21:11:01,872 [INFO] --- 筛选完成 ---
2026-02-05 21:11:01,873 [INFO] 筛除人数: 1
2026-02-05 21:11:01,874 [INFO] 筛除 ID 列表: [37]
2026-02-05 21:11:01,875 [INFO] 保留人数: 176
2026-02-05 21:11:04,515 [INFO] 有效被试总数: 176
2026-02-05 21:11:04,523 [INFO] sub_1's net_EC done! 
2026-02-05 21:11:04,530 [INFO] sub_2's net_EC done! 
2026-02-05 21:11:04,537 [INFO] sub_3's net_EC done! 
2026-02-05 21:11:04,543 [INFO] sub_4's net_EC done! 
2026-02-05 21:11:04,549 [INFO] sub_5's net_EC done! 
2026-02-05 21:11:04,559 [INFO] sub_6's net_EC done! 
2026-02-05 21:11:04,565 [INFO] sub_7's net_EC done! 
2026-02-05 21:11:04,573 [INFO] sub_8's net_EC done! 
2026-02-05 21:11:04,579 [INFO] sub_9's net_EC done! 
2026-02-05 21:11:04,585 [INFO] sub_10's net_EC done! 
2026-02-05 21:11:04,592 [INFO] sub_11's net_EC done! 
2026-02-05 21:11:04,598 [INFO] sub_12's net_EC done! 
2026-02-05 21:11:04,604 [INFO] sub_13's net_EC done! 
2026-02-05 21:11:04,610 [INFO] sub_14's net_EC done! 
2026-02-05 21:11:04,616 [INFO] sub_15's net_EC done! 
2026-02-05 21:11:04,622 [INFO] sub_16's net_EC done! 
2026-02-05 21:11:04,629 [INFO] sub_17's net_EC done! 
2026-02-05 21:11:04,635 [INFO] sub_18's net_EC done! 
2026-02-05 21:11:04,642 [INFO] sub_19's net_EC done! 
2026-02-05 21:11:04,648 [INFO] sub_20's net_EC done! 
2026-02-05 21:11:04,656 [INFO] sub_21's net_EC done! 
2026-02-05 21:11:04,662 [INFO] sub_22's net_EC done! 
2026-02-05 21:11:04,668 [INFO] sub_23's net_EC done! 
2026-02-05 21:11:04,674 [INFO] sub_24's net_EC done! 
2026-02-05 21:11:04,680 [INFO] sub_25's net_EC done! 
2026-02-05 21:11:04,687 [INFO] sub_26's net_EC done! 
2026-02-05 21:11:04,697 [INFO] sub_27's net_EC done! 
2026-02-05 21:11:04,705 [INFO] sub_28's net_EC done! 
2026-02-05 21:11:04,714 [INFO] sub_29's net_EC done! 
2026-02-05 21:11:04,723 [INFO] sub_30's net_EC done! 
2026-02-05 21:11:04,731 [INFO] sub_31's net_EC done! 
2026-02-05 21:11:04,740 [INFO] sub_32's net_EC done! 
2026-02-05 21:11:04,747 [INFO] sub_33's net_EC done! 
2026-02-05 21:11:04,756 [INFO] sub_34's net_EC done! 
2026-02-05 21:11:04,763 [INFO] sub_35's net_EC done! 
2026-02-05 21:11:04,770 [INFO] sub_36's net_EC done! 
2026-02-05 21:11:04,777 [INFO] sub_38's net_EC done! 
2026-02-05 21:11:04,783 [INFO] sub_39's net_EC done! 
2026-02-05 21:11:04,790 [INFO] sub_40's net_EC done! 
2026-02-05 21:11:04,796 [INFO] sub_41's net_EC done! 
2026-02-05 21:11:04,803 [INFO] sub_42's net_EC done! 
2026-02-05 21:11:04,809 [INFO] sub_43's net_EC done! 
2026-02-05 21:11:04,815 [INFO] sub_44's net_EC done! 
2026-02-05 21:11:04,822 [INFO] sub_45's net_EC done! 
2026-02-05 21:11:04,828 [INFO] sub_46's net_EC done! 
2026-02-05 21:11:04,834 [INFO] sub_47's net_EC done! 
2026-02-05 21:11:04,841 [INFO] sub_48's net_EC done! 
2026-02-05 21:11:04,846 [INFO] sub_49's net_EC done! 
2026-02-05 21:11:04,853 [INFO] sub_50's net_EC done! 
2026-02-05 21:11:04,860 [INFO] sub_51's net_EC done! 
2026-02-05 21:11:04,865 [INFO] sub_52's net_EC done! 
2026-02-05 21:11:04,871 [INFO] sub_53's net_EC done! 
2026-02-05 21:11:04,878 [INFO] sub_54's net_EC done! 
2026-02-05 21:11:04,884 [INFO] sub_55's net_EC done! 
2026-02-05 21:11:04,889 [INFO] sub_56's net_EC done! 
2026-02-05 21:11:04,895 [INFO] sub_57's net_EC done! 
2026-02-05 21:11:04,901 [INFO] sub_58's net_EC done! 
2026-02-05 21:11:04,908 [INFO] sub_59's net_EC done! 
2026-02-05 21:11:04,914 [INFO] sub_60's net_EC done! 
2026-02-05 21:11:04,920 [INFO] sub_61's net_EC done! 
2026-02-05 21:11:04,927 [INFO] sub_62's net_EC done! 
2026-02-05 21:11:04,933 [INFO] sub_63's net_EC done! 
2026-02-05 21:11:04,939 [INFO] sub_64's net_EC done! 
2026-02-05 21:11:04,946 [INFO] sub_65's net_EC done! 
2026-02-05 21:11:04,951 [INFO] sub_66's net_EC done! 
2026-02-05 21:11:04,958 [INFO] sub_67's net_EC done! 
2026-02-05 21:11:04,963 [INFO] sub_68's net_EC done! 
2026-02-05 21:11:04,969 [INFO] sub_69's net_EC done! 
2026-02-05 21:11:04,976 [INFO] sub_70's net_EC done! 
2026-02-05 21:11:04,981 [INFO] sub_71's net_EC done! 
2026-02-05 21:11:04,988 [INFO] sub_72's net_EC done! 
2026-02-05 21:11:04,994 [INFO] sub_73's net_EC done! 
2026-02-05 21:11:05,000 [INFO] sub_74's net_EC done! 
2026-02-05 21:11:05,009 [INFO] sub_75's net_EC done! 
2026-02-05 21:11:05,015 [INFO] sub_76's net_EC done! 
2026-02-05 21:11:05,021 [INFO] sub_77's net_EC done! 
2026-02-05 21:11:05,029 [INFO] sub_78's net_EC done! 
2026-02-05 21:11:05,035 [INFO] sub_79's net_EC done! 
2026-02-05 21:11:05,041 [INFO] sub_80's net_EC done! 
2026-02-05 21:11:05,047 [INFO] sub_81's net_EC done! 
2026-02-05 21:11:05,053 [INFO] sub_82's net_EC done! 
2026-02-05 21:11:05,059 [INFO] sub_83's net_EC done! 
2026-02-05 21:11:05,065 [INFO] sub_84's net_EC done! 
2026-02-05 21:11:05,071 [INFO] sub_85's net_EC done! 
2026-02-05 21:11:05,077 [INFO] sub_86's net_EC done! 
2026-02-05 21:11:05,083 [INFO] sub_87's net_EC done! 
2026-02-05 21:11:05,089 [INFO] sub_88's net_EC done! 
2026-02-05 21:11:05,095 [INFO] sub_89's net_EC done! 
2026-02-05 21:11:05,101 [INFO] sub_90's net_EC done! 
2026-02-05 21:11:05,107 [INFO] sub_91's net_EC done! 
2026-02-05 21:11:05,113 [INFO] sub_92's net_EC done! 
2026-02-05 21:11:05,120 [INFO] sub_93's net_EC done! 
2026-02-05 21:11:05,125 [INFO] sub_94's net_EC done! 
2026-02-05 21:11:05,132 [INFO] sub_95's net_EC done! 
2026-02-05 21:11:05,139 [INFO] sub_96's net_EC done! 
2026-02-05 21:11:05,144 [INFO] sub_97's net_EC done! 
2026-02-05 21:11:05,149 [INFO] sub_98's net_EC done! 
2026-02-05 21:11:05,155 [INFO] sub_99's net_EC done! 
2026-02-05 21:11:05,163 [INFO] sub_100's net_EC done! 
2026-02-05 21:11:05,170 [INFO] sub_101's net_EC done! 
2026-02-05 21:11:05,176 [INFO] sub_102's net_EC done! 
2026-02-05 21:11:05,181 [INFO] sub_103's net_EC done! 
2026-02-05 21:11:05,187 [INFO] sub_104's net_EC done! 
2026-02-05 21:11:05,193 [INFO] sub_105's net_EC done! 
2026-02-05 21:11:05,199 [INFO] sub_106's net_EC done! 
2026-02-05 21:11:05,205 [INFO] sub_107's net_EC done! 
2026-02-05 21:11:05,210 [INFO] sub_108's net_EC done! 
2026-02-05 21:11:05,216 [INFO] sub_109's net_EC done! 
2026-02-05 21:11:05,223 [INFO] sub_110's net_EC done! 
2026-02-05 21:11:05,228 [INFO] sub_111's net_EC done! 
2026-02-05 21:11:05,234 [INFO] sub_112's net_EC done! 
2026-02-05 21:11:05,241 [INFO] sub_113's net_EC done! 
2026-02-05 21:11:05,247 [INFO] sub_114's net_EC done! 
2026-02-05 21:11:05,253 [INFO] sub_115's net_EC done! 
2026-02-05 21:11:05,259 [INFO] sub_116's net_EC done! 
2026-02-05 21:11:05,265 [INFO] sub_117's net_EC done! 
2026-02-05 21:11:05,270 [INFO] sub_118's net_EC done! 
2026-02-05 21:11:05,276 [INFO] sub_119's net_EC done! 
2026-02-05 21:11:05,282 [INFO] sub_120's net_EC done! 
2026-02-05 21:11:05,288 [INFO] sub_121's net_EC done! 
2026-02-05 21:11:05,294 [INFO] sub_122's net_EC done! 
2026-02-05 21:11:05,300 [INFO] sub_123's net_EC done! 
2026-02-05 21:11:05,306 [INFO] sub_124's net_EC done! 
2026-02-05 21:11:05,311 [INFO] sub_125's net_EC done! 
2026-02-05 21:11:05,317 [INFO] sub_126's net_EC done! 
2026-02-05 21:11:05,323 [INFO] sub_127's net_EC done! 
2026-02-05 21:11:05,329 [INFO] sub_128's net_EC done! 
2026-02-05 21:11:05,335 [INFO] sub_129's net_EC done! 
2026-02-05 21:11:05,342 [INFO] sub_130's net_EC done! 
2026-02-05 21:11:05,350 [INFO] sub_131's net_EC done! 
2026-02-05 21:11:05,356 [INFO] sub_132's net_EC done! 
2026-02-05 21:11:05,362 [INFO] sub_133's net_EC done! 
2026-02-05 21:11:05,368 [INFO] sub_134's net_EC done! 
2026-02-05 21:11:05,374 [INFO] sub_135's net_EC done! 
2026-02-05 21:11:05,380 [INFO] sub_136's net_EC done! 
2026-02-05 21:11:05,386 [INFO] sub_137's net_EC done! 
2026-02-05 21:11:05,392 [INFO] sub_138's net_EC done! 
2026-02-05 21:11:05,398 [INFO] sub_139's net_EC done! 
2026-02-05 21:11:05,405 [INFO] sub_140's net_EC done! 
2026-02-05 21:11:05,411 [INFO] sub_141's net_EC done! 
2026-02-05 21:11:05,417 [INFO] sub_142's net_EC done! 
2026-02-05 21:11:05,423 [INFO] sub_143's net_EC done! 
2026-02-05 21:11:05,429 [INFO] sub_144's net_EC done! 
2026-02-05 21:11:05,454 [INFO] sub_145's net_EC done! 
2026-02-05 21:11:05,463 [INFO] sub_146's net_EC done! 
2026-02-05 21:11:05,472 [INFO] sub_147's net_EC done! 
2026-02-05 21:11:05,481 [INFO] sub_148's net_EC done! 
2026-02-05 21:11:05,487 [INFO] sub_149's net_EC done! 
2026-02-05 21:11:05,495 [INFO] sub_150's net_EC done! 
2026-02-05 21:11:05,502 [INFO] sub_151's net_EC done! 
2026-02-05 21:11:05,509 [INFO] sub_152's net_EC done! 
2026-02-05 21:11:05,515 [INFO] sub_153's net_EC done! 
2026-02-05 21:11:05,521 [INFO] sub_154's net_EC done! 
2026-02-05 21:11:05,526 [INFO] sub_155's net_EC done! 
2026-02-05 21:11:05,532 [INFO] sub_156's net_EC done! 
2026-02-05 21:11:05,538 [INFO] sub_157's net_EC done! 
2026-02-05 21:11:05,544 [INFO] sub_158's net_EC done! 
2026-02-05 21:11:05,550 [INFO] sub_159's net_EC done! 
2026-02-05 21:11:05,556 [INFO] sub_160's net_EC done! 
2026-02-05 21:11:05,563 [INFO] sub_161's net_EC done! 
2026-02-05 21:11:05,570 [INFO] sub_162's net_EC done! 
2026-02-05 21:11:05,577 [INFO] sub_163's net_EC done! 
2026-02-05 21:11:05,584 [INFO] sub_164's net_EC done! 
2026-02-05 21:11:05,591 [INFO] sub_165's net_EC done! 
2026-02-05 21:11:05,597 [INFO] sub_166's net_EC done! 
2026-02-05 21:11:05,603 [INFO] sub_167's net_EC done! 
2026-02-05 21:11:05,609 [INFO] sub_168's net_EC done! 
2026-02-05 21:11:05,615 [INFO] sub_169's net_EC done! 
2026-02-05 21:11:05,621 [INFO] sub_170's net_EC done! 
2026-02-05 21:11:05,627 [INFO] sub_171's net_EC done! 
2026-02-05 21:11:05,633 [INFO] sub_172's net_EC done! 
2026-02-05 21:11:05,639 [INFO] sub_173's net_EC done! 
2026-02-05 21:11:05,646 [INFO] sub_174's net_EC done! 
2026-02-05 21:11:05,652 [INFO] sub_175's net_EC done! 
2026-02-05 21:11:05,658 [INFO] sub_176's net_EC done! 
2026-02-05 21:11:05,664 [INFO] sub_177's net_EC done! 
